{
    "env_name": "IntersectDefensive-TruncateOnly-v0",
    "reward_parameters": [
        0.0,
        0.0,
        10.0,
        0.04947328831435464,
        -0.3257248055059668,
        0.0,
        0.0,
        0.0,
        0.0
    ],
    "constraint_parameters": [
        [
            0,
            0,
            0,
            0,
            0,
            1,
            0,
            0,
            0
        ],
        [
            0,
            0,
            0,
            0,
            0,
            0,
            1,
            0,
            0
        ],
        [
            0,
            0,
            0,
            0,
            0,
            0,
            0,
            1,
            0
        ],
        [
            0,
            0,
            0,
            0,
            0,
            0,
            0,
            0,
            1
        ]
    ],
    "constraint_thresholds": [
        0.2,
        0.2,
        0.05,
        0.1
    ],
    "goal": [
        0.0,
        0.0,
        1.0
    ],
    "acceleration": [
        0.041140439117552836,
        -0.48050696093547135,
        5.167429776360953
    ],
    "steering": [
        4.650158401486085,
        9.548730223521721
    ],
    "features": [
        0.0,
        0.0,
        0.33,
        12.107037973381885,
        0.6081248545678788,
        0.17333333333333334,
        0.043333333333333335,
        0.043333333333333335,
        0.08666666666666667
    ],
    "feasible": true
}