{
    "reward_parameters": [
        0.0,
        10.0,
        0.0,
        0.061908425307947934,
        -0.11579898362991603,
        0.0,
        0.0,
        0.0,
        0.0
    ],
    "constraint_parameters": [
        [
            0,
            0,
            0,
            0,
            0,
            1,
            0,
            0,
            0
        ],
        [
            0,
            0,
            0,
            0,
            0,
            0,
            1,
            0,
            0
        ],
        [
            0,
            0,
            0,
            0,
            0,
            0,
            0,
            1,
            0
        ],
        [
            0,
            0,
            0,
            0,
            0,
            0,
            0,
            0,
            1
        ]
    ],
    "constraint_thresholds": [
        0.2,
        0.2,
        0.05,
        0.1
    ],
    "goal": [
        0.0,
        1.0,
        0.0
    ],
    "acceleration": [
        0.045173325018629334,
        0.4529079240420011,
        5.9126082624753975
    ],
    "steering": [
        5.047200695161883,
        5.2396764054275735
    ],
    "features": [
        0.0,
        0.27666666666666667,
        0.0,
        11.057854138340593,
        0.4576293581620167,
        0.13666666666666666,
        0.013333333333333334,
        0.04,
        0.043333333333333335
    ],
    "feasible": true,
    "env_name": "Intersect-TruncateOnly-v0"
}