{
    "env_name": "IntersectDefensive-TruncateOnly-v0",
    "reward_parameters": [
        0.0,
        10.0,
        0.0,
        0.06761578016555084,
        -0.023706248612043707,
        0.0,
        0.0,
        0.0,
        0.0
    ],
    "constraint_parameters": [
        [
            0,
            0,
            0,
            0,
            0,
            1,
            0,
            0,
            0
        ],
        [
            0,
            0,
            0,
            0,
            0,
            0,
            1,
            0,
            0
        ],
        [
            0,
            0,
            0,
            0,
            0,
            0,
            0,
            1,
            0
        ],
        [
            0,
            0,
            0,
            0,
            0,
            0,
            0,
            0,
            1
        ]
    ],
    "constraint_thresholds": [
        0.2,
        0.2,
        0.05,
        0.1
    ],
    "goal": [
        0.0,
        1.0,
        0.0
    ],
    "acceleration": [
        0.04511249504599543,
        0.2128880775383945,
        5.839666760342608
    ],
    "steering": [
        5.137056348044446,
        1.9032107391413913
    ],
    "features": [
        0.0,
        0.25,
        0.0,
        11.49508749194602,
        0.15307396101125745,
        0.2,
        0.0,
        0.04666666666666667,
        0.08666666666666667
    ],
    "feasible": true
}