{
    "env_name": "IntersectAggressive-TruncateOnly-v0",
    "reward_parameters": [
        10.0,
        0.0,
        0.0,
        0.13245696109448785,
        0.032507394750430324,
        0.0,
        0.0,
        0.0,
        0.0
    ],
    "constraint_parameters": [
        [
            0,
            0,
            0,
            0,
            0,
            1,
            0,
            0,
            0
        ],
        [
            0,
            0,
            0,
            0,
            0,
            0,
            1,
            0,
            0
        ],
        [
            0,
            0,
            0,
            0,
            0,
            0,
            0,
            1,
            0
        ],
        [
            0,
            0,
            0,
            0,
            0,
            0,
            0,
            0,
            1
        ]
    ],
    "constraint_thresholds": [
        0.2,
        0.2,
        0.05,
        0.1
    ],
    "goal": [
        1.0,
        0.0,
        0.0
    ],
    "acceleration": [
        0.04830734265620268,
        -0.11768099884741512,
        5.580271848063625
    ],
    "steering": [
        4.527869294884717,
        1.3986159541503156
    ],
    "features": [
        0.22666666666666666,
        0.0,
        0.0,
        10.415345000596377,
        2.403981203206318,
        0.1,
        0.006666666666666667,
        0.03,
        0.08666666666666667
    ],
    "feasible": true
}