{
    "env_name": "IntersectAggressive-TruncateOnly-v0",
    "reward_parameters": [
        10.0,
        0.0,
        0.0,
        0.2522317165651341,
        -0.26656234136993784,
        0.0,
        0.0,
        0.0,
        0.0
    ],
    "constraint_parameters": [
        [
            0,
            0,
            0,
            0,
            0,
            1,
            0,
            0,
            0
        ],
        [
            0,
            0,
            0,
            0,
            0,
            0,
            1,
            0,
            0
        ],
        [
            0,
            0,
            0,
            0,
            0,
            0,
            0,
            1,
            0
        ],
        [
            0,
            0,
            0,
            0,
            0,
            0,
            0,
            0,
            1
        ]
    ],
    "constraint_thresholds": [
        0.2,
        0.2,
        0.05,
        0.1
    ],
    "goal": [
        1.0,
        0.0,
        0.0
    ],
    "acceleration": [
        0.10214558447202737,
        0.6295390113770676,
        3.9392710485216167
    ],
    "steering": [
        4.680850804920006,
        9.214977947749006
    ],
    "features": [
        0.21333333333333335,
        0.0,
        0.0,
        10.628398112735955,
        2.0586136275037545,
        0.18666666666666668,
        0.01,
        0.016666666666666666,
        0.05
    ],
    "feasible": true
}