{
    "env_name": "IntersectDefensive-TruncateOnly-v0",
    "reward_parameters": [
        0.0,
        10.0,
        0.0,
        0.22119660404310917,
        -0.16400388338158023,
        0.0,
        0.0,
        0.0,
        0.0
    ],
    "constraint_parameters": [
        [
            0,
            0,
            0,
            0,
            0,
            1,
            0,
            0,
            0
        ],
        [
            0,
            0,
            0,
            0,
            0,
            0,
            1,
            0,
            0
        ],
        [
            0,
            0,
            0,
            0,
            0,
            0,
            0,
            1,
            0
        ],
        [
            0,
            0,
            0,
            0,
            0,
            0,
            0,
            0,
            1
        ]
    ],
    "constraint_thresholds": [
        0.2,
        0.2,
        0.05,
        0.1
    ],
    "goal": [
        0.0,
        1.0,
        0.0
    ],
    "acceleration": [
        0.04698742186115753,
        0.3924025266137674,
        5.573349835432137
    ],
    "steering": [
        5.321113792409034,
        8.074651168432322
    ],
    "features": [
        0.0,
        0.26,
        0.0,
        11.302767903026213,
        0.20167118002290402,
        0.17,
        0.006666666666666667,
        0.03666666666666667,
        0.023333333333333334
    ],
    "feasible": true
}