{
    "reward_parameters": [
        0.0,
        10.0,
        0.0,
        0.23970364375039369,
        -0.2615642886900464,
        0.0,
        0.0,
        0.0,
        0.0
    ],
    "constraint_parameters": [
        [
            0,
            0,
            0,
            0,
            0,
            1,
            0,
            0,
            0
        ],
        [
            0,
            0,
            0,
            0,
            0,
            0,
            1,
            0,
            0
        ],
        [
            0,
            0,
            0,
            0,
            0,
            0,
            0,
            1,
            0
        ],
        [
            0,
            0,
            0,
            0,
            0,
            0,
            0,
            0,
            1
        ]
    ],
    "constraint_thresholds": [
        0.2,
        0.2,
        0.05,
        0.1
    ],
    "goal": [
        0.0,
        1.0,
        0.0
    ],
    "acceleration": [
        0.05667643251565657,
        0.8058525412628581,
        5.126230993509321
    ],
    "steering": [
        5.213940874748192,
        12.771865567876786
    ],
    "features": [
        0.0,
        0.22666666666666666,
        0.0,
        9.853931728893055,
        0.11739156282511644,
        0.16,
        0.06,
        0.04,
        0.023333333333333334
    ],
    "feasible": true,
    "env_name": "Intersect-TruncateOnly-v0"
}