{
    "env_name": "IntersectAggressive-TruncateOnly-v0",
    "reward_parameters": [
        10.0,
        0.0,
        0.0,
        0.15586779367681433,
        -0.22461276108603193,
        0.0,
        0.0,
        0.0,
        0.0
    ],
    "constraint_parameters": [
        [
            0,
            0,
            0,
            0,
            0,
            1,
            0,
            0,
            0
        ],
        [
            0,
            0,
            0,
            0,
            0,
            0,
            1,
            0,
            0
        ],
        [
            0,
            0,
            0,
            0,
            0,
            0,
            0,
            1,
            0
        ],
        [
            0,
            0,
            0,
            0,
            0,
            0,
            0,
            0,
            1
        ]
    ],
    "constraint_thresholds": [
        0.2,
        0.2,
        0.05,
        0.1
    ],
    "goal": [
        1.0,
        0.0,
        0.0
    ],
    "acceleration": [
        0.07324382982261518,
        1.0957160450340617,
        10.272653542666347
    ],
    "steering": [
        4.897385487754555,
        12.492145695459348
    ],
    "features": [
        0.24666666666666667,
        0.0,
        0.0,
        9.998542401919208,
        1.8798832469997762,
        0.19333333333333333,
        0.02,
        0.03333333333333333,
        0.056666666666666664
    ],
    "feasible": true
}