{
    "env_name": "IntersectDefensive-TruncateOnly-v0",
    "reward_parameters": [
        10.0,
        0.0,
        0.0,
        0.07206607082841002,
        -0.29827732613356833,
        0.0,
        0.0,
        0.0,
        0.0
    ],
    "constraint_parameters": [
        [
            0,
            0,
            0,
            0,
            0,
            1,
            0,
            0,
            0
        ],
        [
            0,
            0,
            0,
            0,
            0,
            0,
            1,
            0,
            0
        ],
        [
            0,
            0,
            0,
            0,
            0,
            0,
            0,
            1,
            0
        ],
        [
            0,
            0,
            0,
            0,
            0,
            0,
            0,
            0,
            1
        ]
    ],
    "constraint_thresholds": [
        0.2,
        0.2,
        0.05,
        0.1
    ],
    "goal": [
        1.0,
        0.0,
        0.0
    ],
    "acceleration": [
        0.04567356271323108,
        0.49141417527621223,
        4.226094584171365
    ],
    "steering": [
        4.935723197739751,
        17.455221621578918
    ],
    "features": [
        0.22666666666666666,
        0.0,
        0.0,
        10.386461090093446,
        2.0964438161174996,
        0.13333333333333333,
        0.013333333333333334,
        0.03,
        0.02
    ],
    "feasible": true
}