{
    "reward_parameters": [
        0.0,
        10.0,
        0.0,
        0.13060480211130243,
        -0.21127496100631904,
        0.0,
        0.0,
        0.0,
        0.0
    ],
    "constraint_parameters": [
        [
            0,
            0,
            0,
            0,
            0,
            1,
            0,
            0,
            0
        ],
        [
            0,
            0,
            0,
            0,
            0,
            0,
            1,
            0,
            0
        ],
        [
            0,
            0,
            0,
            0,
            0,
            0,
            0,
            1,
            0
        ],
        [
            0,
            0,
            0,
            0,
            0,
            0,
            0,
            0,
            1
        ]
    ],
    "constraint_thresholds": [
        0.2,
        0.2,
        0.05,
        0.1
    ],
    "goal": [
        0.0,
        1.0,
        0.0
    ],
    "acceleration": [
        0.028367633737320777,
        0.9411109510153401,
        7.385829261267038
    ],
    "steering": [
        5.22464536798893,
        26.921128940342804
    ],
    "features": [
        0.0,
        0.25,
        0.0,
        10.501383938662723,
        0.40712613338718456,
        0.006666666666666667,
        0.04666666666666667,
        0.03666666666666667,
        0.03
    ],
    "feasible": true,
    "env_name": "Intersect-TruncateOnly-v0"
}