{
    "env_name": "IntersectAggressive-TruncateOnly-v0",
    "reward_parameters": [
        0.0,
        10.0,
        0.0,
        -0.08361983878823337,
        -0.1913609099920721,
        0.0,
        0.0,
        0.0,
        0.0
    ],
    "constraint_parameters": [
        [
            0,
            0,
            0,
            0,
            0,
            1,
            0,
            0,
            0
        ],
        [
            0,
            0,
            0,
            0,
            0,
            0,
            1,
            0,
            0
        ],
        [
            0,
            0,
            0,
            0,
            0,
            0,
            0,
            1,
            0
        ],
        [
            0,
            0,
            0,
            0,
            0,
            0,
            0,
            0,
            1
        ]
    ],
    "constraint_thresholds": [
        0.2,
        0.2,
        0.05,
        0.1
    ],
    "goal": [
        0.0,
        1.0,
        0.0
    ],
    "acceleration": [
        0.0482155292166742,
        1.787508369764976,
        5.19798636420263
    ],
    "steering": [
        5.040194970411187,
        12.349376734580623
    ],
    "features": [
        0.0,
        0.2833333333333333,
        0.0,
        11.187985847397364,
        0.2245068570329416,
        0.19,
        0.0033333333333333335,
        0.03333333333333333,
        0.03666666666666667
    ],
    "feasible": true
}