{
    "reward_parameters": [
        0.0,
        10.0,
        0.0,
        0.07744739331297908,
        -0.11303391871679758,
        0.0,
        0.0,
        0.0,
        0.0
    ],
    "constraint_parameters": [
        [
            0,
            0,
            0,
            0,
            0,
            1,
            0,
            0,
            0
        ],
        [
            0,
            0,
            0,
            0,
            0,
            0,
            1,
            0,
            0
        ],
        [
            0,
            0,
            0,
            0,
            0,
            0,
            0,
            1,
            0
        ],
        [
            0,
            0,
            0,
            0,
            0,
            0,
            0,
            0,
            1
        ]
    ],
    "constraint_thresholds": [
        0.2,
        0.2,
        0.05,
        0.1
    ],
    "goal": [
        0.0,
        1.0,
        0.0
    ],
    "acceleration": [
        0.0507869522242065,
        0.7206338336471589,
        4.903732752951713
    ],
    "steering": [
        5.037212164057536,
        20.23396070806799
    ],
    "features": [
        0.0,
        0.25,
        0.0,
        10.491054321628758,
        0.41668912979004913,
        0.17333333333333334,
        0.006666666666666667,
        0.03666666666666667,
        0.02666666666666667
    ],
    "feasible": true,
    "env_name": "Intersect-TruncateOnly-v0"
}