{
    "reward_parameters": [
        10.0,
        0.0,
        0.0,
        -0.00948587285402458,
        -0.19801255764975792,
        0.0,
        0.0,
        0.0,
        0.0
    ],
    "constraint_parameters": [
        [
            0,
            0,
            0,
            0,
            0,
            1,
            0,
            0,
            0
        ],
        [
            0,
            0,
            0,
            0,
            0,
            0,
            1,
            0,
            0
        ],
        [
            0,
            0,
            0,
            0,
            0,
            0,
            0,
            1,
            0
        ],
        [
            0,
            0,
            0,
            0,
            0,
            0,
            0,
            0,
            1
        ]
    ],
    "constraint_thresholds": [
        0.2,
        0.2,
        0.05,
        0.1
    ],
    "goal": [
        1.0,
        0.0,
        0.0
    ],
    "acceleration": [
        0.055077126490168014,
        1.4548824693905316,
        3.0171304944520054
    ],
    "steering": [
        3.367524946697537,
        12.690725725070992
    ],
    "features": [
        0.22,
        0.0,
        0.0,
        9.54762956514704,
        1.7424054788616616,
        0.13333333333333333,
        0.016666666666666666,
        0.04,
        0.03666666666666667
    ],
    "feasible": true,
    "env_name": "Intersect-TruncateOnly-v0"
}