{
    "env_name": "IntersectAggressive-TruncateOnly-v0",
    "reward_parameters": [
        0.0,
        0.0,
        10.0,
        0.21418033060835476,
        -0.2515923110435129,
        0.0,
        0.0,
        0.0,
        0.0
    ],
    "constraint_parameters": [
        [
            0,
            0,
            0,
            0,
            0,
            1,
            0,
            0,
            0
        ],
        [
            0,
            0,
            0,
            0,
            0,
            0,
            1,
            0,
            0
        ],
        [
            0,
            0,
            0,
            0,
            0,
            0,
            0,
            1,
            0
        ],
        [
            0,
            0,
            0,
            0,
            0,
            0,
            0,
            0,
            1
        ]
    ],
    "constraint_thresholds": [
        0.2,
        0.2,
        0.05,
        0.1
    ],
    "goal": [
        0.0,
        0.0,
        1.0
    ],
    "acceleration": [
        0.04843209985531495,
        -0.200323945368372,
        5.749748713403755
    ],
    "steering": [
        5.11984664274109,
        11.32076047738813
    ],
    "features": [
        0.0,
        0.0,
        0.30666666666666664,
        12.304558394749883,
        0.27159983922968034,
        0.18,
        0.0,
        0.0,
        0.043333333333333335
    ],
    "feasible": true
}