{
    "reward_parameters": [
        0.0,
        0.0,
        10.0,
        0.11746972076408446,
        -0.032101731050964866,
        0.0,
        0.0,
        0.0,
        0.0
    ],
    "constraint_parameters": [
        [
            0,
            0,
            0,
            0,
            0,
            1,
            0,
            0,
            0
        ],
        [
            0,
            0,
            0,
            0,
            0,
            0,
            1,
            0,
            0
        ],
        [
            0,
            0,
            0,
            0,
            0,
            0,
            0,
            1,
            0
        ],
        [
            0,
            0,
            0,
            0,
            0,
            0,
            0,
            0,
            1
        ]
    ],
    "constraint_thresholds": [
        0.2,
        0.2,
        0.05,
        0.1
    ],
    "goal": [
        0.0,
        0.0,
        1.0
    ],
    "acceleration": [
        0.03171531026029027,
        0.012353690487477476,
        4.877223433604182
    ],
    "steering": [
        5.179024642485508,
        7.143877795105239
    ],
    "features": [
        0.0,
        0.0,
        0.33,
        11.542656989458644,
        0.3024226305978993,
        0.0,
        0.0,
        0.0,
        0.03
    ],
    "feasible": true,
    "env_name": "Intersect-TruncateOnly-v0"
}