{
    "reward_parameters": [
        0.0,
        0.0,
        10.0,
        0.03060752334164492,
        -0.30346974235275564,
        0.0,
        0.0,
        0.0,
        0.0
    ],
    "constraint_parameters": [
        [
            0,
            0,
            0,
            0,
            0,
            1,
            0,
            0,
            0
        ],
        [
            0,
            0,
            0,
            0,
            0,
            0,
            1,
            0,
            0
        ],
        [
            0,
            0,
            0,
            0,
            0,
            0,
            0,
            1,
            0
        ],
        [
            0,
            0,
            0,
            0,
            0,
            0,
            0,
            0,
            1
        ]
    ],
    "constraint_thresholds": [
        0.2,
        0.2,
        0.05,
        0.1
    ],
    "goal": [
        0.0,
        0.0,
        1.0
    ],
    "acceleration": [
        0.03869500699588406,
        2.004882829391808,
        2.335415292619775
    ],
    "steering": [
        4.986300661162804,
        13.801777189219573
    ],
    "features": [
        0.0,
        0.0,
        0.3333333333333333,
        11.648638020869152,
        0.29924938190075967,
        0.08333333333333333,
        0.0,
        0.0,
        0.03666666666666667
    ],
    "feasible": true,
    "env_name": "Intersect-TruncateOnly-v0"
}