{
    "env_name": "IntersectAggressive-TruncateOnly-v0",
    "reward_parameters": [
        0.0,
        10.0,
        0.0,
        0.07124686938419152,
        -0.324606677108495,
        0.0,
        0.0,
        0.0,
        0.0
    ],
    "constraint_parameters": [
        [
            0,
            0,
            0,
            0,
            0,
            1,
            0,
            0,
            0
        ],
        [
            0,
            0,
            0,
            0,
            0,
            0,
            1,
            0,
            0
        ],
        [
            0,
            0,
            0,
            0,
            0,
            0,
            0,
            1,
            0
        ],
        [
            0,
            0,
            0,
            0,
            0,
            0,
            0,
            0,
            1
        ]
    ],
    "constraint_thresholds": [
        0.2,
        0.2,
        0.05,
        0.1
    ],
    "goal": [
        0.0,
        1.0,
        0.0
    ],
    "acceleration": [
        0.052841773958531284,
        0.2909060158777143,
        7.916933696495279
    ],
    "steering": [
        5.267142841159302,
        5.603453782313213
    ],
    "features": [
        0.0,
        0.25,
        0.0,
        11.511693898624863,
        0.13911122087024508,
        0.19666666666666666,
        0.006666666666666667,
        0.0,
        0.03333333333333333
    ],
    "feasible": true
}