{
    "env_name": "IntersectDefensive-TruncateOnly-v0",
    "reward_parameters": [
        0.0,
        10.0,
        0.0,
        0.08207862751597025,
        -0.25641279264039885,
        0.0,
        0.0,
        0.0,
        0.0
    ],
    "constraint_parameters": [
        [
            0,
            0,
            0,
            0,
            0,
            1,
            0,
            0,
            0
        ],
        [
            0,
            0,
            0,
            0,
            0,
            0,
            1,
            0,
            0
        ],
        [
            0,
            0,
            0,
            0,
            0,
            0,
            0,
            1,
            0
        ],
        [
            0,
            0,
            0,
            0,
            0,
            0,
            0,
            0,
            1
        ]
    ],
    "constraint_thresholds": [
        0.2,
        0.2,
        0.05,
        0.1
    ],
    "goal": [
        0.0,
        1.0,
        0.0
    ],
    "acceleration": [
        0.0350052766718645,
        0.7138149656787736,
        5.083127787175388
    ],
    "steering": [
        4.598046013949364,
        17.66037968241892
    ],
    "features": [
        0.0,
        0.23666666666666666,
        0.0,
        10.49450807676381,
        0.2146617367208608,
        0.03333333333333333,
        0.006666666666666667,
        0.0,
        0.04
    ],
    "feasible": true
}