{
    "env_name": "IntersectAggressive-TruncateOnly-v0",
    "reward_parameters": [
        0.0,
        10.0,
        0.0,
        -0.07484393593730027,
        -0.36643563876951035,
        0.0,
        0.0,
        0.0,
        0.0
    ],
    "constraint_parameters": [
        [
            0,
            0,
            0,
            0,
            0,
            1,
            0,
            0,
            0
        ],
        [
            0,
            0,
            0,
            0,
            0,
            0,
            1,
            0,
            0
        ],
        [
            0,
            0,
            0,
            0,
            0,
            0,
            0,
            1,
            0
        ],
        [
            0,
            0,
            0,
            0,
            0,
            0,
            0,
            0,
            1
        ]
    ],
    "constraint_thresholds": [
        0.2,
        0.2,
        0.05,
        0.1
    ],
    "goal": [
        0.0,
        1.0,
        0.0
    ],
    "acceleration": [
        0.050550451707980414,
        0.6510834214680696,
        3.8944911754387093
    ],
    "steering": [
        4.758672609004409,
        10.502383117442012
    ],
    "features": [
        0.0,
        0.24333333333333335,
        0.0,
        11.059491788361107,
        0.3097229918661765,
        0.19333333333333333,
        0.006666666666666667,
        0.03666666666666667,
        0.02
    ],
    "feasible": true
}