{
    "reward_parameters": [
        10.0,
        0.0,
        0.0,
        0.26434127832958376,
        -0.1329400647291169,
        0.0,
        0.0,
        0.0,
        0.0
    ],
    "constraint_parameters": [
        [
            0,
            0,
            0,
            0,
            0,
            1,
            0,
            0,
            0
        ],
        [
            0,
            0,
            0,
            0,
            0,
            0,
            1,
            0,
            0
        ],
        [
            0,
            0,
            0,
            0,
            0,
            0,
            0,
            1,
            0
        ],
        [
            0,
            0,
            0,
            0,
            0,
            0,
            0,
            0,
            1
        ]
    ],
    "constraint_thresholds": [
        0.2,
        0.2,
        0.05,
        0.1
    ],
    "goal": [
        1.0,
        0.0,
        0.0
    ],
    "acceleration": [
        0.0541027706496965,
        0.7010913161179447,
        6.889259815339752
    ],
    "steering": [
        4.923323049784383,
        10.545300260288547
    ],
    "features": [
        0.23666666666666666,
        0.0,
        0.0,
        10.124746183941816,
        1.6071730369987274,
        0.17666666666666667,
        0.013333333333333334,
        0.04,
        0.056666666666666664
    ],
    "feasible": true,
    "env_name": "Intersect-TruncateOnly-v0"
}