{
    "reward_parameters": [
        0.0,
        10.0,
        0.0,
        0.03356917316104156,
        -0.13997173779532462,
        0.0,
        0.0,
        0.0,
        0.0
    ],
    "constraint_parameters": [
        [
            0,
            0,
            0,
            0,
            0,
            1,
            0,
            0,
            0
        ],
        [
            0,
            0,
            0,
            0,
            0,
            0,
            1,
            0,
            0
        ],
        [
            0,
            0,
            0,
            0,
            0,
            0,
            0,
            1,
            0
        ],
        [
            0,
            0,
            0,
            0,
            0,
            0,
            0,
            0,
            1
        ]
    ],
    "constraint_thresholds": [
        0.2,
        0.2,
        0.05,
        0.1
    ],
    "goal": [
        0.0,
        1.0,
        0.0
    ],
    "acceleration": [
        0.04449635712560852,
        1.127558626718999,
        4.805736474509225
    ],
    "steering": [
        4.915998382898436,
        7.038451712269151
    ],
    "features": [
        0.0,
        0.24333333333333335,
        0.0,
        10.228110299303905,
        0.1927944695833711,
        0.05333333333333334,
        0.02666666666666667,
        0.03333333333333333,
        0.03
    ],
    "feasible": true,
    "env_name": "Intersect-TruncateOnly-v0"
}