{
    "env_name": "IntersectDefensive-TruncateOnly-v0",
    "reward_parameters": [
        0.0,
        10.0,
        0.0,
        0.014836136275777248,
        -0.04546566181849804,
        0.0,
        0.0,
        0.0,
        0.0
    ],
    "constraint_parameters": [
        [
            0,
            0,
            0,
            0,
            0,
            1,
            0,
            0,
            0
        ],
        [
            0,
            0,
            0,
            0,
            0,
            0,
            1,
            0,
            0
        ],
        [
            0,
            0,
            0,
            0,
            0,
            0,
            0,
            1,
            0
        ],
        [
            0,
            0,
            0,
            0,
            0,
            0,
            0,
            0,
            1
        ]
    ],
    "constraint_thresholds": [
        0.2,
        0.2,
        0.05,
        0.1
    ],
    "goal": [
        0.0,
        1.0,
        0.0
    ],
    "acceleration": [
        0.026619731879009435,
        0.2661303246983931,
        2.2637016706673982
    ],
    "steering": [
        4.883009626152372,
        13.807107136897883
    ],
    "features": [
        0.0,
        0.22333333333333333,
        0.0,
        9.863932600713147,
        0.16843426819068144,
        0.0,
        0.023333333333333334,
        0.03666666666666667,
        0.016666666666666666
    ],
    "feasible": true
}