{
    "env_name": "IntersectDefensive-TruncateOnly-v0",
    "reward_parameters": [
        0.0,
        10.0,
        0.0,
        -0.01210711552251606,
        -0.20044025136643712,
        0.0,
        0.0,
        0.0,
        0.0
    ],
    "constraint_parameters": [
        [
            0,
            0,
            0,
            0,
            0,
            1,
            0,
            0,
            0
        ],
        [
            0,
            0,
            0,
            0,
            0,
            0,
            1,
            0,
            0
        ],
        [
            0,
            0,
            0,
            0,
            0,
            0,
            0,
            1,
            0
        ],
        [
            0,
            0,
            0,
            0,
            0,
            0,
            0,
            0,
            1
        ]
    ],
    "constraint_thresholds": [
        0.2,
        0.2,
        0.05,
        0.1
    ],
    "goal": [
        0.0,
        1.0,
        0.0
    ],
    "acceleration": [
        0.042487289183035605,
        0.12896110145958894,
        6.409837673791018
    ],
    "steering": [
        4.8352552546316225,
        8.561307522708239
    ],
    "features": [
        0.0,
        0.23,
        0.0,
        10.70831619986058,
        0.1673668056843419,
        0.12333333333333334,
        0.006666666666666667,
        0.03333333333333333,
        0.03
    ],
    "feasible": true
}