{
    "reward_parameters": [
        0.0,
        10.0,
        0.0,
        0.14262957133633003,
        -0.10142981564238376,
        0.0,
        0.0,
        0.0,
        0.0
    ],
    "constraint_parameters": [
        [
            0,
            0,
            0,
            0,
            0,
            1,
            0,
            0,
            0
        ],
        [
            0,
            0,
            0,
            0,
            0,
            0,
            1,
            0,
            0
        ],
        [
            0,
            0,
            0,
            0,
            0,
            0,
            0,
            1,
            0
        ],
        [
            0,
            0,
            0,
            0,
            0,
            0,
            0,
            0,
            1
        ]
    ],
    "constraint_thresholds": [
        0.2,
        0.2,
        0.05,
        0.1
    ],
    "goal": [
        0.0,
        1.0,
        0.0
    ],
    "acceleration": [
        0.024190034108004067,
        2.4173576485546233,
        2.2216857180192533
    ],
    "steering": [
        5.04311937230955,
        10.990008922454239
    ],
    "features": [
        0.0,
        0.21333333333333335,
        0.0,
        9.927585659519622,
        0.19679957878721288,
        0.0,
        0.0,
        0.03333333333333333,
        0.023333333333333334
    ],
    "feasible": true,
    "env_name": "Intersect-TruncateOnly-v0"
}