{
    "env_name": "IntersectDefensive-TruncateOnly-v0",
    "reward_parameters": [
        0.0,
        10.0,
        0.0,
        0.06708323469358954,
        -0.19276708633701553,
        0.0,
        0.0,
        0.0,
        0.0
    ],
    "constraint_parameters": [
        [
            0,
            0,
            0,
            0,
            0,
            1,
            0,
            0,
            0
        ],
        [
            0,
            0,
            0,
            0,
            0,
            0,
            1,
            0,
            0
        ],
        [
            0,
            0,
            0,
            0,
            0,
            0,
            0,
            1,
            0
        ],
        [
            0,
            0,
            0,
            0,
            0,
            0,
            0,
            0,
            1
        ]
    ],
    "constraint_thresholds": [
        0.2,
        0.2,
        0.05,
        0.1
    ],
    "goal": [
        0.0,
        1.0,
        0.0
    ],
    "acceleration": [
        0.0573425523134258,
        1.247925577800764,
        2.88592948906645
    ],
    "steering": [
        4.724882018835867,
        11.283916407602543
    ],
    "features": [
        0.0,
        0.24666666666666667,
        0.0,
        10.412469827083697,
        0.17857994319788795,
        0.16666666666666666,
        0.023333333333333334,
        0.043333333333333335,
        0.03
    ],
    "feasible": true
}