{
    "reward_parameters": [
        0.0,
        10.0,
        0.0,
        -0.0030140254592142535,
        -0.17592280210257297,
        0.0,
        0.0,
        0.0,
        0.0
    ],
    "constraint_parameters": [
        [
            0,
            0,
            0,
            0,
            0,
            1,
            0,
            0,
            0
        ],
        [
            0,
            0,
            0,
            0,
            0,
            0,
            1,
            0,
            0
        ],
        [
            0,
            0,
            0,
            0,
            0,
            0,
            0,
            1,
            0
        ],
        [
            0,
            0,
            0,
            0,
            0,
            0,
            0,
            0,
            1
        ]
    ],
    "constraint_thresholds": [
        0.2,
        0.2,
        0.05,
        0.1
    ],
    "goal": [
        0.0,
        1.0,
        0.0
    ],
    "acceleration": [
        0.053131087877784165,
        0.4679499583726172,
        4.73211027120766
    ],
    "steering": [
        5.463489828609211,
        9.212874535129597
    ],
    "features": [
        0.0,
        0.22333333333333333,
        0.0,
        10.172394853536021,
        0.11360995349318528,
        0.18666666666666668,
        0.07,
        0.03666666666666667,
        0.023333333333333334
    ],
    "feasible": true,
    "env_name": "Intersect-TruncateOnly-v0"
}