{
    "reward_parameters": [
        0.0,
        0.0,
        10.0,
        -0.13264629167271377,
        -0.15359383717096045,
        0.0,
        0.0,
        0.0,
        0.0
    ],
    "constraint_parameters": [
        [
            0,
            0,
            0,
            0,
            0,
            1,
            0,
            0,
            0
        ],
        [
            0,
            0,
            0,
            0,
            0,
            0,
            1,
            0,
            0
        ],
        [
            0,
            0,
            0,
            0,
            0,
            0,
            0,
            1,
            0
        ],
        [
            0,
            0,
            0,
            0,
            0,
            0,
            0,
            0,
            1
        ]
    ],
    "constraint_thresholds": [
        0.2,
        0.2,
        0.05,
        0.1
    ],
    "goal": [
        0.0,
        0.0,
        1.0
    ],
    "acceleration": [
        0.04245554256737975,
        0.754078546626018,
        4.15263358191729
    ],
    "steering": [
        4.653399040676034,
        11.488171413286652
    ],
    "features": [
        0.0,
        0.0,
        0.3433333333333333,
        11.42209220646703,
        0.24077078186565334,
        0.06666666666666667,
        0.013333333333333334,
        0.04,
        0.03333333333333333
    ],
    "feasible": true,
    "env_name": "Intersect-TruncateOnly-v0"
}