{
    "reward_parameters": [
        0.0,
        0.0,
        10.0,
        0.034464336993665204,
        -0.13951591070902586,
        0.0,
        0.0,
        0.0,
        0.0
    ],
    "constraint_parameters": [
        [
            0,
            0,
            0,
            0,
            0,
            1,
            0,
            0,
            0
        ],
        [
            0,
            0,
            0,
            0,
            0,
            0,
            1,
            0,
            0
        ],
        [
            0,
            0,
            0,
            0,
            0,
            0,
            0,
            1,
            0
        ],
        [
            0,
            0,
            0,
            0,
            0,
            0,
            0,
            0,
            1
        ]
    ],
    "constraint_thresholds": [
        0.2,
        0.2,
        0.05,
        0.1
    ],
    "goal": [
        0.0,
        0.0,
        1.0
    ],
    "acceleration": [
        0.029308672022306533,
        0.6194146971827579,
        2.435840764794523
    ],
    "steering": [
        4.398664118558408,
        12.60368467770811
    ],
    "features": [
        0.0,
        0.0,
        0.3433333333333333,
        11.22675108018574,
        0.2131237383249859,
        0.0,
        0.0,
        0.0,
        0.03
    ],
    "feasible": true,
    "env_name": "Intersect-TruncateOnly-v0"
}