{
    "env_name": "IntersectDefensive-TruncateOnly-v0",
    "reward_parameters": [
        0.0,
        0.0,
        10.0,
        0.19126383323785875,
        -0.23384512851994138,
        0.0,
        0.0,
        0.0,
        0.0
    ],
    "constraint_parameters": [
        [
            0,
            0,
            0,
            0,
            0,
            1,
            0,
            0,
            0
        ],
        [
            0,
            0,
            0,
            0,
            0,
            0,
            1,
            0,
            0
        ],
        [
            0,
            0,
            0,
            0,
            0,
            0,
            0,
            1,
            0
        ],
        [
            0,
            0,
            0,
            0,
            0,
            0,
            0,
            0,
            1
        ]
    ],
    "constraint_thresholds": [
        0.2,
        0.2,
        0.05,
        0.1
    ],
    "goal": [
        0.0,
        0.0,
        1.0
    ],
    "acceleration": [
        0.02591936286667826,
        0.19216818700069235,
        4.10460822185924
    ],
    "steering": [
        4.96619087322834,
        9.611140616432623
    ],
    "features": [
        0.0,
        0.0,
        0.35,
        11.658172712348623,
        0.30880922662858895,
        0.0,
        0.0,
        0.0,
        0.04666666666666667
    ],
    "feasible": true
}