{
    "env_name": "IntersectAggressive-TruncateOnly-v0",
    "reward_parameters": [
        0.0,
        10.0,
        0.0,
        0.07661288368112079,
        -0.3863577983002957,
        0.0,
        0.0,
        0.0,
        0.0
    ],
    "constraint_parameters": [
        [
            0,
            0,
            0,
            0,
            0,
            1,
            0,
            0,
            0
        ],
        [
            0,
            0,
            0,
            0,
            0,
            0,
            1,
            0,
            0
        ],
        [
            0,
            0,
            0,
            0,
            0,
            0,
            0,
            1,
            0
        ],
        [
            0,
            0,
            0,
            0,
            0,
            0,
            0,
            0,
            1
        ]
    ],
    "constraint_thresholds": [
        0.2,
        0.2,
        0.05,
        0.1
    ],
    "goal": [
        0.0,
        1.0,
        0.0
    ],
    "acceleration": [
        0.038457915619588064,
        -0.3752279119910996,
        6.1015333028634595
    ],
    "steering": [
        5.130853144862948,
        12.009002338698444
    ],
    "features": [
        0.0,
        0.23,
        0.0,
        10.806532318436961,
        0.1988860243117164,
        0.07,
        0.006666666666666667,
        0.03333333333333333,
        0.023333333333333334
    ],
    "feasible": true
}