{
    "env_name": "IntersectDefensive-TruncateOnly-v0",
    "reward_parameters": [
        0.0,
        10.0,
        0.0,
        0.18983986758897914,
        -0.23131992432916462,
        0.0,
        0.0,
        0.0,
        0.0
    ],
    "constraint_parameters": [
        [
            0,
            0,
            0,
            0,
            0,
            1,
            0,
            0,
            0
        ],
        [
            0,
            0,
            0,
            0,
            0,
            0,
            1,
            0,
            0
        ],
        [
            0,
            0,
            0,
            0,
            0,
            0,
            0,
            1,
            0
        ],
        [
            0,
            0,
            0,
            0,
            0,
            0,
            0,
            0,
            1
        ]
    ],
    "constraint_thresholds": [
        0.2,
        0.2,
        0.05,
        0.1
    ],
    "goal": [
        0.0,
        1.0,
        0.0
    ],
    "acceleration": [
        0.04288619935578139,
        0.8663276014974471,
        7.054584330583433
    ],
    "steering": [
        4.736340269362245,
        5.626075677000336
    ],
    "features": [
        0.0,
        0.2833333333333333,
        0.0,
        11.645912546940766,
        0.17512621484475435,
        0.14333333333333334,
        0.006666666666666667,
        0.04,
        0.05333333333333334
    ],
    "feasible": true
}