{
    "env_name": "IntersectAggressive-TruncateOnly-v0",
    "reward_parameters": [
        10.0,
        0.0,
        0.0,
        0.0024326900786414557,
        -0.33662330966064824,
        0.0,
        0.0,
        0.0,
        0.0
    ],
    "constraint_parameters": [
        [
            0,
            0,
            0,
            0,
            0,
            1,
            0,
            0,
            0
        ],
        [
            0,
            0,
            0,
            0,
            0,
            0,
            1,
            0,
            0
        ],
        [
            0,
            0,
            0,
            0,
            0,
            0,
            0,
            1,
            0
        ],
        [
            0,
            0,
            0,
            0,
            0,
            0,
            0,
            0,
            1
        ]
    ],
    "constraint_thresholds": [
        0.2,
        0.2,
        0.05,
        0.1
    ],
    "goal": [
        1.0,
        0.0,
        0.0
    ],
    "acceleration": [
        0.05561229334181538,
        -0.1645613884056786,
        3.8329410772698354
    ],
    "steering": [
        5.024687377500268,
        9.762290783401777
    ],
    "features": [
        0.23666666666666666,
        0.0,
        0.0,
        9.984212242724784,
        2.615284093208734,
        0.13333333333333333,
        0.013333333333333334,
        0.0033333333333333335,
        0.056666666666666664
    ],
    "feasible": true
}