{
    "env_name": "IntersectAggressive-TruncateOnly-v0",
    "reward_parameters": [
        0.0,
        0.0,
        10.0,
        0.0053978901696127846,
        -0.21886709896908818,
        0.0,
        0.0,
        0.0,
        0.0
    ],
    "constraint_parameters": [
        [
            0,
            0,
            0,
            0,
            0,
            1,
            0,
            0,
            0
        ],
        [
            0,
            0,
            0,
            0,
            0,
            0,
            1,
            0,
            0
        ],
        [
            0,
            0,
            0,
            0,
            0,
            0,
            0,
            1,
            0
        ],
        [
            0,
            0,
            0,
            0,
            0,
            0,
            0,
            0,
            1
        ]
    ],
    "constraint_thresholds": [
        0.2,
        0.2,
        0.05,
        0.1
    ],
    "goal": [
        0.0,
        0.0,
        1.0
    ],
    "acceleration": [
        0.058861498983496435,
        0.5825495760473461,
        5.488156863418948
    ],
    "steering": [
        4.737863638142468,
        10.443957698271326
    ],
    "features": [
        0.0,
        0.0,
        0.3433333333333333,
        11.119884257230046,
        0.4044122472570026,
        0.2,
        0.0,
        0.03666666666666667,
        0.056666666666666664
    ],
    "feasible": true
}