{
    "env_name": "IntersectAggressive-TruncateOnly-v0",
    "reward_parameters": [
        0.0,
        0.0,
        10.0,
        0.15969555680578856,
        -0.34942044572356395,
        0.0,
        0.0,
        0.0,
        0.0
    ],
    "constraint_parameters": [
        [
            0,
            0,
            0,
            0,
            0,
            1,
            0,
            0,
            0
        ],
        [
            0,
            0,
            0,
            0,
            0,
            0,
            1,
            0,
            0
        ],
        [
            0,
            0,
            0,
            0,
            0,
            0,
            0,
            1,
            0
        ],
        [
            0,
            0,
            0,
            0,
            0,
            0,
            0,
            0,
            1
        ]
    ],
    "constraint_thresholds": [
        0.2,
        0.2,
        0.05,
        0.1
    ],
    "goal": [
        0.0,
        0.0,
        1.0
    ],
    "acceleration": [
        0.039424006006734444,
        0.5549747981520576,
        2.163386770918203
    ],
    "steering": [
        5.150802599100056,
        6.502050932654966
    ],
    "features": [
        0.0,
        0.0,
        0.32,
        11.710523169953802,
        0.18907684238312433,
        0.056666666666666664,
        0.0033333333333333335,
        0.0,
        0.03
    ],
    "feasible": true
}