{
    "env_name": "IntersectDefensive-TruncateOnly-v0",
    "reward_parameters": [
        0.0,
        0.0,
        10.0,
        0.18220478123279057,
        -0.20030030934176377,
        0.0,
        0.0,
        0.0,
        0.0
    ],
    "constraint_parameters": [
        [
            0,
            0,
            0,
            0,
            0,
            1,
            0,
            0,
            0
        ],
        [
            0,
            0,
            0,
            0,
            0,
            0,
            1,
            0,
            0
        ],
        [
            0,
            0,
            0,
            0,
            0,
            0,
            0,
            1,
            0
        ],
        [
            0,
            0,
            0,
            0,
            0,
            0,
            0,
            0,
            1
        ]
    ],
    "constraint_thresholds": [
        0.2,
        0.2,
        0.05,
        0.1
    ],
    "goal": [
        0.0,
        0.0,
        1.0
    ],
    "acceleration": [
        0.03772306146769043,
        1.0083451040414082,
        3.5089914026058313
    ],
    "steering": [
        5.257105155825074,
        10.137182952438188
    ],
    "features": [
        0.0,
        0.0,
        0.32666666666666666,
        11.284748678420465,
        0.28889160492813176,
        0.07666666666666666,
        0.0033333333333333335,
        0.0,
        0.03
    ],
    "feasible": true
}