{
    "env_name": "IntersectAggressive-TruncateOnly-v0",
    "reward_parameters": [
        0.0,
        0.0,
        10.0,
        0.20650011667525517,
        -0.17000768714083211,
        0.0,
        0.0,
        0.0,
        0.0
    ],
    "constraint_parameters": [
        [
            0,
            0,
            0,
            0,
            0,
            1,
            0,
            0,
            0
        ],
        [
            0,
            0,
            0,
            0,
            0,
            0,
            1,
            0,
            0
        ],
        [
            0,
            0,
            0,
            0,
            0,
            0,
            0,
            1,
            0
        ],
        [
            0,
            0,
            0,
            0,
            0,
            0,
            0,
            0,
            1
        ]
    ],
    "constraint_thresholds": [
        0.2,
        0.2,
        0.05,
        0.1
    ],
    "goal": [
        0.0,
        0.0,
        1.0
    ],
    "acceleration": [
        0.03606344063047586,
        0.5894862298732095,
        4.588215430989475
    ],
    "steering": [
        5.261893287498547,
        9.141628662139873
    ],
    "features": [
        0.0,
        0.0,
        0.3233333333333333,
        12.041500134097518,
        0.22365475511853394,
        0.05333333333333334,
        0.0,
        0.0,
        0.03
    ],
    "feasible": true
}