{
    "reward_parameters": [
        0.0,
        0.0,
        10.0,
        0.04839681594721329,
        -0.3931012062927295,
        0.0,
        0.0,
        0.0,
        0.0
    ],
    "constraint_parameters": [
        [
            0,
            0,
            0,
            0,
            0,
            1,
            0,
            0,
            0
        ],
        [
            0,
            0,
            0,
            0,
            0,
            0,
            1,
            0,
            0
        ],
        [
            0,
            0,
            0,
            0,
            0,
            0,
            0,
            1,
            0
        ],
        [
            0,
            0,
            0,
            0,
            0,
            0,
            0,
            0,
            1
        ]
    ],
    "constraint_thresholds": [
        0.2,
        0.2,
        0.05,
        0.1
    ],
    "goal": [
        0.0,
        0.0,
        1.0
    ],
    "acceleration": [
        0.042541466278973004,
        1.0795919003983276,
        2.013850072445407
    ],
    "steering": [
        4.695161459372641,
        9.959667810498505
    ],
    "features": [
        0.0,
        0.0,
        0.32666666666666666,
        11.357954587152337,
        0.2796886504723335,
        0.09333333333333334,
        0.0033333333333333335,
        0.04,
        0.043333333333333335
    ],
    "feasible": true,
    "env_name": "Intersect-TruncateOnly-v0"
}