{
    "env_name": "IntersectDefensive-TruncateOnly-v0",
    "reward_parameters": [
        10.0,
        0.0,
        0.0,
        -0.0463597149825547,
        -0.03430386338221786,
        0.0,
        0.0,
        0.0,
        0.0
    ],
    "constraint_parameters": [
        [
            0,
            0,
            0,
            0,
            0,
            1,
            0,
            0,
            0
        ],
        [
            0,
            0,
            0,
            0,
            0,
            0,
            1,
            0,
            0
        ],
        [
            0,
            0,
            0,
            0,
            0,
            0,
            0,
            1,
            0
        ],
        [
            0,
            0,
            0,
            0,
            0,
            0,
            0,
            0,
            1
        ]
    ],
    "constraint_thresholds": [
        0.2,
        0.2,
        0.05,
        0.1
    ],
    "goal": [
        1.0,
        0.0,
        0.0
    ],
    "acceleration": [
        0.0610738443146062,
        0.6020144675412507,
        1.1866781084108133
    ],
    "steering": [
        5.361438650257619,
        14.418449699927763
    ],
    "features": [
        0.21,
        0.0,
        0.0,
        9.817303379848275,
        2.9593759287919847,
        0.11666666666666667,
        0.016666666666666666,
        0.03666666666666667,
        0.03666666666666667
    ],
    "feasible": true
}