{
    "env_name": "IntersectAggressive-TruncateOnly-v0",
    "reward_parameters": [
        0.0,
        0.0,
        10.0,
        0.09645712865015368,
        -0.2483809682283146,
        0.0,
        0.0,
        0.0,
        0.0
    ],
    "constraint_parameters": [
        [
            0,
            0,
            0,
            0,
            0,
            1,
            0,
            0,
            0
        ],
        [
            0,
            0,
            0,
            0,
            0,
            0,
            1,
            0,
            0
        ],
        [
            0,
            0,
            0,
            0,
            0,
            0,
            0,
            1,
            0
        ],
        [
            0,
            0,
            0,
            0,
            0,
            0,
            0,
            0,
            1
        ]
    ],
    "constraint_thresholds": [
        0.2,
        0.2,
        0.05,
        0.1
    ],
    "goal": [
        0.0,
        0.0,
        1.0
    ],
    "acceleration": [
        0.044332523629303414,
        0.5689811985174317,
        4.94343882482121
    ],
    "steering": [
        5.124324183895406,
        13.558270224170894
    ],
    "features": [
        0.0,
        0.0,
        0.33,
        11.933761277901118,
        0.35442144219192384,
        0.10333333333333333,
        0.0,
        0.0,
        0.04666666666666667
    ],
    "feasible": true
}