{
    "env_name": "IntersectAggressive-TruncateOnly-v0",
    "reward_parameters": [
        10.0,
        0.0,
        0.0,
        0.1643343903357521,
        -0.08008634524472694,
        0.0,
        0.0,
        0.0,
        0.0
    ],
    "constraint_parameters": [
        [
            0,
            0,
            0,
            0,
            0,
            1,
            0,
            0,
            0
        ],
        [
            0,
            0,
            0,
            0,
            0,
            0,
            1,
            0,
            0
        ],
        [
            0,
            0,
            0,
            0,
            0,
            0,
            0,
            1,
            0
        ],
        [
            0,
            0,
            0,
            0,
            0,
            0,
            0,
            0,
            1
        ]
    ],
    "constraint_thresholds": [
        0.2,
        0.2,
        0.05,
        0.1
    ],
    "goal": [
        1.0,
        0.0,
        0.0
    ],
    "acceleration": [
        0.07388377108457449,
        0.34264340297349954,
        2.714785443276053
    ],
    "steering": [
        4.788950574432771,
        11.135076137848609
    ],
    "features": [
        0.19333333333333333,
        0.0,
        0.0,
        10.29388926034571,
        2.1760374015561155,
        0.16333333333333333,
        0.013333333333333334,
        0.0,
        0.03666666666666667
    ],
    "feasible": true
}