{
    "reward_parameters": [
        10.0,
        0.0,
        0.0,
        0.1802798701447692,
        -0.3980361207529301,
        0.0,
        0.0,
        0.0,
        0.0
    ],
    "constraint_parameters": [
        [
            0,
            0,
            0,
            0,
            0,
            1,
            0,
            0,
            0
        ],
        [
            0,
            0,
            0,
            0,
            0,
            0,
            1,
            0,
            0
        ],
        [
            0,
            0,
            0,
            0,
            0,
            0,
            0,
            1,
            0
        ],
        [
            0,
            0,
            0,
            0,
            0,
            0,
            0,
            0,
            1
        ]
    ],
    "constraint_thresholds": [
        0.2,
        0.2,
        0.05,
        0.1
    ],
    "goal": [
        1.0,
        0.0,
        0.0
    ],
    "acceleration": [
        0.09634905942737344,
        0.4798790368943463,
        3.4045562266003833
    ],
    "steering": [
        4.650635135548492,
        11.585900033289056
    ],
    "features": [
        0.23333333333333334,
        0.0,
        0.0,
        10.971353312192074,
        1.8725462210849608,
        0.19666666666666666,
        0.043333333333333335,
        0.04,
        0.04
    ],
    "feasible": true,
    "env_name": "Intersect-TruncateOnly-v0"
}