{
    "reward_parameters": [
        10.0,
        0.0,
        0.0,
        0.008518596593195399,
        -0.12332669629578082,
        0.0,
        0.0,
        0.0,
        0.0
    ],
    "constraint_parameters": [
        [
            0,
            0,
            0,
            0,
            0,
            1,
            0,
            0,
            0
        ],
        [
            0,
            0,
            0,
            0,
            0,
            0,
            1,
            0,
            0
        ],
        [
            0,
            0,
            0,
            0,
            0,
            0,
            0,
            1,
            0
        ],
        [
            0,
            0,
            0,
            0,
            0,
            0,
            0,
            0,
            1
        ]
    ],
    "constraint_thresholds": [
        0.2,
        0.2,
        0.05,
        0.1
    ],
    "goal": [
        1.0,
        0.0,
        0.0
    ],
    "acceleration": [
        0.046076851542097,
        0.9306302798382257,
        5.759235004149653
    ],
    "steering": [
        4.3911094682482625,
        13.506978123074928
    ],
    "features": [
        0.23666666666666666,
        0.0,
        0.0,
        10.291415945905014,
        1.8829719407009358,
        0.11666666666666667,
        0.02,
        0.0033333333333333335,
        0.03
    ],
    "feasible": true,
    "env_name": "Intersect-TruncateOnly-v0"
}