{
    "env_name": "IntersectDefensive-TruncateOnly-v0",
    "reward_parameters": [
        0.0,
        10.0,
        0.0,
        0.14080943613150837,
        -0.22718657549417026,
        0.0,
        0.0,
        0.0,
        0.0
    ],
    "constraint_parameters": [
        [
            0,
            0,
            0,
            0,
            0,
            1,
            0,
            0,
            0
        ],
        [
            0,
            0,
            0,
            0,
            0,
            0,
            1,
            0,
            0
        ],
        [
            0,
            0,
            0,
            0,
            0,
            0,
            0,
            1,
            0
        ],
        [
            0,
            0,
            0,
            0,
            0,
            0,
            0,
            0,
            1
        ]
    ],
    "constraint_thresholds": [
        0.2,
        0.2,
        0.05,
        0.1
    ],
    "goal": [
        0.0,
        1.0,
        0.0
    ],
    "acceleration": [
        0.044293006339379944,
        0.21248539500860741,
        2.6719347936260274
    ],
    "steering": [
        4.324890404331118,
        12.227767356684524
    ],
    "features": [
        0.0,
        0.21666666666666667,
        0.0,
        10.6430260970872,
        0.5164510179704034,
        0.09333333333333334,
        0.0033333333333333335,
        0.03666666666666667,
        0.023333333333333334
    ],
    "feasible": true
}