{
    "env_name": "IntersectAggressive-TruncateOnly-v0",
    "reward_parameters": [
        0.0,
        0.0,
        10.0,
        0.142343466862552,
        -0.35046385201263697,
        0.0,
        0.0,
        0.0,
        0.0
    ],
    "constraint_parameters": [
        [
            0,
            0,
            0,
            0,
            0,
            1,
            0,
            0,
            0
        ],
        [
            0,
            0,
            0,
            0,
            0,
            0,
            1,
            0,
            0
        ],
        [
            0,
            0,
            0,
            0,
            0,
            0,
            0,
            1,
            0
        ],
        [
            0,
            0,
            0,
            0,
            0,
            0,
            0,
            0,
            1
        ]
    ],
    "constraint_thresholds": [
        0.2,
        0.2,
        0.05,
        0.1
    ],
    "goal": [
        0.0,
        0.0,
        1.0
    ],
    "acceleration": [
        0.04220892980841662,
        0.9001127290051091,
        7.388540684845728
    ],
    "steering": [
        5.16925378956237,
        11.307683309205736
    ],
    "features": [
        0.0,
        0.0,
        0.33666666666666667,
        11.580087695915395,
        0.21041108371338646,
        0.06666666666666667,
        0.0,
        0.0,
        0.04666666666666667
    ],
    "feasible": true
}