{
    "env_name": "IntersectAggressive-TruncateOnly-v0",
    "reward_parameters": [
        0.0,
        10.0,
        0.0,
        0.2498401691426703,
        -0.3000083936191652,
        0.0,
        0.0,
        0.0,
        0.0
    ],
    "constraint_parameters": [
        [
            0,
            0,
            0,
            0,
            0,
            1,
            0,
            0,
            0
        ],
        [
            0,
            0,
            0,
            0,
            0,
            0,
            1,
            0,
            0
        ],
        [
            0,
            0,
            0,
            0,
            0,
            0,
            0,
            1,
            0
        ],
        [
            0,
            0,
            0,
            0,
            0,
            0,
            0,
            0,
            1
        ]
    ],
    "constraint_thresholds": [
        0.2,
        0.2,
        0.05,
        0.1
    ],
    "goal": [
        0.0,
        1.0,
        0.0
    ],
    "acceleration": [
        0.050846994597391344,
        0.5800951165233293,
        10.509103739437489
    ],
    "steering": [
        3.999069358973682,
        12.110969498372617
    ],
    "features": [
        0.0,
        0.22333333333333333,
        0.0,
        10.255177182224445,
        0.3203519251136272,
        0.16333333333333333,
        0.016666666666666666,
        0.03666666666666667,
        0.02666666666666667
    ],
    "feasible": true
}