{
    "env_name": "IntersectAggressive-TruncateOnly-v0",
    "reward_parameters": [
        10.0,
        0.0,
        0.0,
        0.13282744757765966,
        -0.26886149767561357,
        0.0,
        0.0,
        0.0,
        0.0
    ],
    "constraint_parameters": [
        [
            0,
            0,
            0,
            0,
            0,
            1,
            0,
            0,
            0
        ],
        [
            0,
            0,
            0,
            0,
            0,
            0,
            1,
            0,
            0
        ],
        [
            0,
            0,
            0,
            0,
            0,
            0,
            0,
            1,
            0
        ],
        [
            0,
            0,
            0,
            0,
            0,
            0,
            0,
            0,
            1
        ]
    ],
    "constraint_thresholds": [
        0.2,
        0.2,
        0.05,
        0.1
    ],
    "goal": [
        1.0,
        0.0,
        0.0
    ],
    "acceleration": [
        0.05471930622210749,
        0.20054815801502865,
        7.689728131048936
    ],
    "steering": [
        5.098482588630109,
        16.116958407674545
    ],
    "features": [
        0.26666666666666666,
        0.0,
        0.0,
        11.48185144045544,
        2.0266269865512982,
        0.19,
        0.013333333333333334,
        0.04,
        0.04666666666666667
    ],
    "feasible": true
}