{
    "env_name": "IntersectAggressive-TruncateOnly-v0",
    "reward_parameters": [
        10.0,
        0.0,
        0.0,
        0.19403619660745908,
        -0.3104436501682384,
        0.0,
        0.0,
        0.0,
        0.0
    ],
    "constraint_parameters": [
        [
            0,
            0,
            0,
            0,
            0,
            1,
            0,
            0,
            0
        ],
        [
            0,
            0,
            0,
            0,
            0,
            0,
            1,
            0,
            0
        ],
        [
            0,
            0,
            0,
            0,
            0,
            0,
            0,
            1,
            0
        ],
        [
            0,
            0,
            0,
            0,
            0,
            0,
            0,
            0,
            1
        ]
    ],
    "constraint_thresholds": [
        0.2,
        0.2,
        0.05,
        0.1
    ],
    "goal": [
        1.0,
        0.0,
        0.0
    ],
    "acceleration": [
        0.051544860362169605,
        1.4533531847927523,
        4.308952299882151
    ],
    "steering": [
        4.832666954619284,
        11.927839659836645
    ],
    "features": [
        0.22666666666666666,
        0.0,
        0.0,
        10.12357345066655,
        1.8529941009705306,
        0.15666666666666668,
        0.07333333333333333,
        0.04,
        0.08
    ],
    "feasible": true
}