{
    "reward_parameters": [
        0.0,
        10.0,
        0.0,
        0.29724243570100595,
        -0.2272317184150923,
        0.0,
        0.0,
        0.0,
        0.0
    ],
    "constraint_parameters": [
        [
            0,
            0,
            0,
            0,
            0,
            1,
            0,
            0,
            0
        ],
        [
            0,
            0,
            0,
            0,
            0,
            0,
            1,
            0,
            0
        ],
        [
            0,
            0,
            0,
            0,
            0,
            0,
            0,
            1,
            0
        ],
        [
            0,
            0,
            0,
            0,
            0,
            0,
            0,
            0,
            1
        ]
    ],
    "constraint_thresholds": [
        0.2,
        0.2,
        0.05,
        0.1
    ],
    "goal": [
        0.0,
        1.0,
        0.0
    ],
    "acceleration": [
        0.03945996367383668,
        0.3176144307830382,
        4.392248101870205
    ],
    "steering": [
        4.897078373016904,
        14.084314114117348
    ],
    "features": [
        0.0,
        0.22666666666666666,
        0.0,
        10.64159674094694,
        0.23226760307151395,
        0.12666666666666668,
        0.04666666666666667,
        0.03666666666666667,
        0.03
    ],
    "feasible": true,
    "env_name": "Intersect-TruncateOnly-v0"
}