{
    "reward_parameters": [
        10.0,
        0.0,
        0.0,
        0.07990787787320698,
        -0.157554385139633,
        0.0,
        0.0,
        0.0,
        0.0
    ],
    "constraint_parameters": [
        [
            0,
            0,
            0,
            0,
            0,
            1,
            0,
            0,
            0
        ],
        [
            0,
            0,
            0,
            0,
            0,
            0,
            1,
            0,
            0
        ],
        [
            0,
            0,
            0,
            0,
            0,
            0,
            0,
            1,
            0
        ],
        [
            0,
            0,
            0,
            0,
            0,
            0,
            0,
            0,
            1
        ]
    ],
    "constraint_thresholds": [
        0.2,
        0.2,
        0.05,
        0.1
    ],
    "goal": [
        1.0,
        0.0,
        0.0
    ],
    "acceleration": [
        0.09807766665796755,
        -0.020449345786834716,
        4.209593777134
    ],
    "steering": [
        5.033970728117238,
        12.39145142256157
    ],
    "features": [
        0.25,
        0.0,
        0.0,
        10.002738224630894,
        1.5952958085821918,
        0.2,
        0.06333333333333334,
        0.03333333333333333,
        0.043333333333333335
    ],
    "feasible": true,
    "env_name": "Intersect-TruncateOnly-v0"
}