{
    "env_name": "IntersectAggressive-TruncateOnly-v0",
    "reward_parameters": [
        0.0,
        10.0,
        0.0,
        -0.043455238540492436,
        -0.2560869179283904,
        0.0,
        0.0,
        0.0,
        0.0
    ],
    "constraint_parameters": [
        [
            0,
            0,
            0,
            0,
            0,
            1,
            0,
            0,
            0
        ],
        [
            0,
            0,
            0,
            0,
            0,
            0,
            1,
            0,
            0
        ],
        [
            0,
            0,
            0,
            0,
            0,
            0,
            0,
            1,
            0
        ],
        [
            0,
            0,
            0,
            0,
            0,
            0,
            0,
            0,
            1
        ]
    ],
    "constraint_thresholds": [
        0.2,
        0.2,
        0.05,
        0.1
    ],
    "goal": [
        0.0,
        1.0,
        0.0
    ],
    "acceleration": [
        0.04023193793767074,
        0.4214876722319412,
        2.088192505546034
    ],
    "steering": [
        4.685446830171112,
        16.680513510480964
    ],
    "features": [
        0.0,
        0.22333333333333333,
        0.0,
        10.456327742060616,
        0.15846281436062357,
        0.06666666666666667,
        0.0033333333333333335,
        0.043333333333333335,
        0.03333333333333333
    ],
    "feasible": true
}