{
    "env_name": "IntersectAggressive-TruncateOnly-v0",
    "reward_parameters": [
        0.0,
        0.0,
        10.0,
        0.08060175916834188,
        -0.09337275704098501,
        0.0,
        0.0,
        0.0,
        0.0
    ],
    "constraint_parameters": [
        [
            0,
            0,
            0,
            0,
            0,
            1,
            0,
            0,
            0
        ],
        [
            0,
            0,
            0,
            0,
            0,
            0,
            1,
            0,
            0
        ],
        [
            0,
            0,
            0,
            0,
            0,
            0,
            0,
            1,
            0
        ],
        [
            0,
            0,
            0,
            0,
            0,
            0,
            0,
            0,
            1
        ]
    ],
    "constraint_thresholds": [
        0.2,
        0.2,
        0.05,
        0.1
    ],
    "goal": [
        0.0,
        0.0,
        1.0
    ],
    "acceleration": [
        0.049641039355078756,
        0.9097137434290733,
        6.359047421685088
    ],
    "steering": [
        4.4636632632488835,
        21.531989737391648
    ],
    "features": [
        0.0,
        0.0,
        0.35,
        11.537372176892392,
        1.0226247121562488,
        0.16666666666666666,
        0.0,
        0.03666666666666667,
        0.08
    ],
    "feasible": true
}