{
    "env_name": "IntersectAggressive-TruncateOnly-v0",
    "reward_parameters": [
        0.0,
        0.0,
        10.0,
        0.23742224789778052,
        -0.2942346911510033,
        0.0,
        0.0,
        0.0,
        0.0
    ],
    "constraint_parameters": [
        [
            0,
            0,
            0,
            0,
            0,
            1,
            0,
            0,
            0
        ],
        [
            0,
            0,
            0,
            0,
            0,
            0,
            1,
            0,
            0
        ],
        [
            0,
            0,
            0,
            0,
            0,
            0,
            0,
            1,
            0
        ],
        [
            0,
            0,
            0,
            0,
            0,
            0,
            0,
            0,
            1
        ]
    ],
    "constraint_thresholds": [
        0.2,
        0.2,
        0.05,
        0.1
    ],
    "goal": [
        0.0,
        0.0,
        1.0
    ],
    "acceleration": [
        0.037016324794026556,
        0.20620211482662523,
        3.2317603030921984
    ],
    "steering": [
        4.794681616783863,
        3.082026018540806
    ],
    "features": [
        0.0,
        0.0,
        0.32,
        11.678018224411872,
        0.21152332609523802,
        0.05333333333333334,
        0.0,
        0.0,
        0.04666666666666667
    ],
    "feasible": true
}