{
    "reward_parameters": [
        0.0,
        0.0,
        10.0,
        0.06480034878997587,
        -0.06506164910942622,
        0.0,
        0.0,
        0.0,
        0.0
    ],
    "constraint_parameters": [
        [
            0,
            0,
            0,
            0,
            0,
            1,
            0,
            0,
            0
        ],
        [
            0,
            0,
            0,
            0,
            0,
            0,
            1,
            0,
            0
        ],
        [
            0,
            0,
            0,
            0,
            0,
            0,
            0,
            1,
            0
        ],
        [
            0,
            0,
            0,
            0,
            0,
            0,
            0,
            0,
            1
        ]
    ],
    "constraint_thresholds": [
        0.2,
        0.2,
        0.05,
        0.1
    ],
    "goal": [
        0.0,
        0.0,
        1.0
    ],
    "acceleration": [
        0.043176460423636494,
        1.4164019866294375,
        3.2740267238311676
    ],
    "steering": [
        4.7400483618975935,
        7.635998423976852
    ],
    "features": [
        0.0,
        0.0,
        0.3466666666666667,
        11.995202054034415,
        0.32456945902591283,
        0.14,
        0.0,
        0.0,
        0.056666666666666664
    ],
    "feasible": true,
    "env_name": "Intersect-TruncateOnly-v0"
}