{
    "reward_parameters": [
        0.0,
        10.0,
        0.0,
        0.23254020391877378,
        -0.21096509248450424,
        0.0,
        0.0,
        0.0,
        0.0
    ],
    "constraint_parameters": [
        [
            0,
            0,
            0,
            0,
            0,
            1,
            0,
            0,
            0
        ],
        [
            0,
            0,
            0,
            0,
            0,
            0,
            1,
            0,
            0
        ],
        [
            0,
            0,
            0,
            0,
            0,
            0,
            0,
            1,
            0
        ],
        [
            0,
            0,
            0,
            0,
            0,
            0,
            0,
            0,
            1
        ]
    ],
    "constraint_thresholds": [
        0.2,
        0.2,
        0.05,
        0.1
    ],
    "goal": [
        0.0,
        1.0,
        0.0
    ],
    "acceleration": [
        0.05497500499592368,
        0.6864667514913254,
        6.4322076486204285
    ],
    "steering": [
        4.5582601489948456,
        12.726590664729212
    ],
    "features": [
        0.0,
        0.21333333333333335,
        0.0,
        10.376642055818067,
        0.24392126877118264,
        0.18666666666666668,
        0.02,
        0.03333333333333333,
        0.016666666666666666
    ],
    "feasible": true,
    "env_name": "Intersect-TruncateOnly-v0"
}