{
    "reward_parameters": [
        0.0,
        0.0,
        10.0,
        0.08419854211263436,
        -0.05031985743801701,
        0.0,
        0.0,
        0.0,
        0.0
    ],
    "constraint_parameters": [
        [
            0,
            0,
            0,
            0,
            0,
            1,
            0,
            0,
            0
        ],
        [
            0,
            0,
            0,
            0,
            0,
            0,
            1,
            0,
            0
        ],
        [
            0,
            0,
            0,
            0,
            0,
            0,
            0,
            1,
            0
        ],
        [
            0,
            0,
            0,
            0,
            0,
            0,
            0,
            0,
            1
        ]
    ],
    "constraint_thresholds": [
        0.2,
        0.2,
        0.05,
        0.1
    ],
    "goal": [
        0.0,
        0.0,
        1.0
    ],
    "acceleration": [
        0.03693028853194187,
        1.0690985578392795,
        6.609646061907483
    ],
    "steering": [
        4.927186022159328,
        9.826443511011936
    ],
    "features": [
        0.0,
        0.0,
        0.3433333333333333,
        11.669453073363723,
        0.2774065465559463,
        0.06333333333333334,
        0.0,
        0.0,
        0.043333333333333335
    ],
    "feasible": true,
    "env_name": "Intersect-TruncateOnly-v0"
}