{
    "reward_parameters": [
        10.0,
        0.0,
        0.0,
        -0.0032779406985429527,
        -0.2079521156900705,
        0.0,
        0.0,
        0.0,
        0.0
    ],
    "constraint_parameters": [
        [
            0,
            0,
            0,
            0,
            0,
            1,
            0,
            0,
            0
        ],
        [
            0,
            0,
            0,
            0,
            0,
            0,
            1,
            0,
            0
        ],
        [
            0,
            0,
            0,
            0,
            0,
            0,
            0,
            1,
            0
        ],
        [
            0,
            0,
            0,
            0,
            0,
            0,
            0,
            0,
            1
        ]
    ],
    "constraint_thresholds": [
        0.2,
        0.2,
        0.05,
        0.1
    ],
    "goal": [
        1.0,
        0.0,
        0.0
    ],
    "acceleration": [
        0.05880380736013027,
        0.5951748319966075,
        4.934300097179232
    ],
    "steering": [
        4.861433613688653,
        16.885074483241546
    ],
    "features": [
        0.21,
        0.0,
        0.0,
        10.811479604879981,
        1.875240509349784,
        0.19666666666666666,
        0.01,
        0.03666666666666667,
        0.023333333333333334
    ],
    "feasible": true,
    "env_name": "Intersect-TruncateOnly-v0"
}