{
    "reward_parameters": [
        0.0,
        10.0,
        0.0,
        0.20269972226065724,
        -0.2503302980376958,
        0.0,
        0.0,
        0.0,
        0.0
    ],
    "constraint_parameters": [
        [
            0,
            0,
            0,
            0,
            0,
            1,
            0,
            0,
            0
        ],
        [
            0,
            0,
            0,
            0,
            0,
            0,
            1,
            0,
            0
        ],
        [
            0,
            0,
            0,
            0,
            0,
            0,
            0,
            1,
            0
        ],
        [
            0,
            0,
            0,
            0,
            0,
            0,
            0,
            0,
            1
        ]
    ],
    "constraint_thresholds": [
        0.2,
        0.2,
        0.05,
        0.1
    ],
    "goal": [
        0.0,
        1.0,
        0.0
    ],
    "acceleration": [
        0.04329021595753374,
        0.3170789193567234,
        7.155234223128618
    ],
    "steering": [
        4.528070433735111,
        5.118787770309201
    ],
    "features": [
        0.0,
        0.22666666666666666,
        0.0,
        10.743400702049867,
        0.13828651950541074,
        0.08,
        0.016666666666666666,
        0.03666666666666667,
        0.02666666666666667
    ],
    "feasible": true,
    "env_name": "Intersect-TruncateOnly-v0"
}