{
    "env_name": "IntersectDefensive-TruncateOnly-v0",
    "reward_parameters": [
        0.0,
        10.0,
        0.0,
        0.1560005830589396,
        -0.2860012518472972,
        0.0,
        0.0,
        0.0,
        0.0
    ],
    "constraint_parameters": [
        [
            0,
            0,
            0,
            0,
            0,
            1,
            0,
            0,
            0
        ],
        [
            0,
            0,
            0,
            0,
            0,
            0,
            1,
            0,
            0
        ],
        [
            0,
            0,
            0,
            0,
            0,
            0,
            0,
            1,
            0
        ],
        [
            0,
            0,
            0,
            0,
            0,
            0,
            0,
            0,
            1
        ]
    ],
    "constraint_thresholds": [
        0.2,
        0.2,
        0.05,
        0.1
    ],
    "goal": [
        0.0,
        1.0,
        0.0
    ],
    "acceleration": [
        0.04858756075593594,
        0.6222193520092014,
        3.7914110599678676
    ],
    "steering": [
        4.097316140064445,
        10.875002072776605
    ],
    "features": [
        0.0,
        0.22666666666666666,
        0.0,
        10.599159620149774,
        0.334639665596872,
        0.15333333333333332,
        0.006666666666666667,
        0.03,
        0.03333333333333333
    ],
    "feasible": true
}