{
    "env_name": "IntersectAggressive-TruncateOnly-v0",
    "reward_parameters": [
        10.0,
        0.0,
        0.0,
        0.10686881363382686,
        -0.21044807597911092,
        0.0,
        0.0,
        0.0,
        0.0
    ],
    "constraint_parameters": [
        [
            0,
            0,
            0,
            0,
            0,
            1,
            0,
            0,
            0
        ],
        [
            0,
            0,
            0,
            0,
            0,
            0,
            1,
            0,
            0
        ],
        [
            0,
            0,
            0,
            0,
            0,
            0,
            0,
            1,
            0
        ],
        [
            0,
            0,
            0,
            0,
            0,
            0,
            0,
            0,
            1
        ]
    ],
    "constraint_thresholds": [
        0.2,
        0.2,
        0.05,
        0.1
    ],
    "goal": [
        1.0,
        0.0,
        0.0
    ],
    "acceleration": [
        0.04571072063858136,
        0.5425818659945386,
        2.8930348807639064
    ],
    "steering": [
        4.856630217417696,
        6.270456537383678
    ],
    "features": [
        0.25,
        0.0,
        0.0,
        9.858073016269051,
        2.806340014833523,
        0.1,
        0.013333333333333334,
        0.03666666666666667,
        0.07333333333333333
    ],
    "feasible": true
}