{
    "env_name": "IntersectAggressive-TruncateOnly-v0",
    "reward_parameters": [
        0.0,
        0.0,
        10.0,
        0.1423947967979123,
        -0.1683542219854116,
        0.0,
        0.0,
        0.0,
        0.0
    ],
    "constraint_parameters": [
        [
            0,
            0,
            0,
            0,
            0,
            1,
            0,
            0,
            0
        ],
        [
            0,
            0,
            0,
            0,
            0,
            0,
            1,
            0,
            0
        ],
        [
            0,
            0,
            0,
            0,
            0,
            0,
            0,
            1,
            0
        ],
        [
            0,
            0,
            0,
            0,
            0,
            0,
            0,
            0,
            1
        ]
    ],
    "constraint_thresholds": [
        0.2,
        0.2,
        0.05,
        0.1
    ],
    "goal": [
        0.0,
        0.0,
        1.0
    ],
    "acceleration": [
        0.04049063739687507,
        1.0376075081861535,
        4.675517186682249
    ],
    "steering": [
        5.434928002553475,
        5.851292529260949
    ],
    "features": [
        0.0,
        0.0,
        0.3433333333333333,
        11.51715053593421,
        0.20110464963038757,
        0.08333333333333333,
        0.0,
        0.0,
        0.05
    ],
    "feasible": true
}