{
    "reward_parameters": [
        0.0,
        0.0,
        10.0,
        0.09498355747859016,
        -0.16452163701716024,
        0.0,
        0.0,
        0.0,
        0.0
    ],
    "constraint_parameters": [
        [
            0,
            0,
            0,
            0,
            0,
            1,
            0,
            0,
            0
        ],
        [
            0,
            0,
            0,
            0,
            0,
            0,
            1,
            0,
            0
        ],
        [
            0,
            0,
            0,
            0,
            0,
            0,
            0,
            1,
            0
        ],
        [
            0,
            0,
            0,
            0,
            0,
            0,
            0,
            0,
            1
        ]
    ],
    "constraint_thresholds": [
        0.2,
        0.2,
        0.05,
        0.1
    ],
    "goal": [
        0.0,
        0.0,
        1.0
    ],
    "acceleration": [
        0.0387003363891061,
        -0.1320505234203127,
        4.676938116650827
    ],
    "steering": [
        5.102133940959723,
        12.748823039606318
    ],
    "features": [
        0.0,
        0.0,
        0.33,
        11.992979145995447,
        0.27669726705823267,
        0.06,
        0.0,
        0.0,
        0.03666666666666667
    ],
    "feasible": true,
    "env_name": "Intersect-TruncateOnly-v0"
}