{
    "env_name": "IntersectDefensive-TruncateOnly-v0",
    "reward_parameters": [
        0.0,
        0.0,
        10.0,
        0.070721436952419,
        -0.22430303203315427,
        0.0,
        0.0,
        0.0,
        0.0
    ],
    "constraint_parameters": [
        [
            0,
            0,
            0,
            0,
            0,
            1,
            0,
            0,
            0
        ],
        [
            0,
            0,
            0,
            0,
            0,
            0,
            1,
            0,
            0
        ],
        [
            0,
            0,
            0,
            0,
            0,
            0,
            0,
            1,
            0
        ],
        [
            0,
            0,
            0,
            0,
            0,
            0,
            0,
            0,
            1
        ]
    ],
    "constraint_thresholds": [
        0.2,
        0.2,
        0.05,
        0.1
    ],
    "goal": [
        0.0,
        0.0,
        1.0
    ],
    "acceleration": [
        0.04565157286539198,
        0.8036230618399176,
        4.625018828869491
    ],
    "steering": [
        4.743183338131981,
        5.183151300601587
    ],
    "features": [
        0.0,
        0.0,
        0.35333333333333333,
        11.068627877683465,
        0.24022810751694848,
        0.12333333333333334,
        0.0,
        0.0,
        0.06
    ],
    "feasible": true
}