{
    "env_name": "IntersectDefensive-TruncateOnly-v0",
    "reward_parameters": [
        10.0,
        0.0,
        0.0,
        0.05932409983033034,
        -0.09795456534857672,
        0.0,
        0.0,
        0.0,
        0.0
    ],
    "constraint_parameters": [
        [
            0,
            0,
            0,
            0,
            0,
            1,
            0,
            0,
            0
        ],
        [
            0,
            0,
            0,
            0,
            0,
            0,
            1,
            0,
            0
        ],
        [
            0,
            0,
            0,
            0,
            0,
            0,
            0,
            1,
            0
        ],
        [
            0,
            0,
            0,
            0,
            0,
            0,
            0,
            0,
            1
        ]
    ],
    "constraint_thresholds": [
        0.2,
        0.2,
        0.05,
        0.1
    ],
    "goal": [
        1.0,
        0.0,
        0.0
    ],
    "acceleration": [
        0.06507929940677323,
        0.6475040417702466,
        7.832623207975912
    ],
    "steering": [
        5.012967007981698,
        9.619360139118196
    ],
    "features": [
        0.2,
        0.0,
        0.0,
        10.222508883996811,
        2.6206517028422436,
        0.18,
        0.02,
        0.006666666666666667,
        0.05
    ],
    "feasible": true
}