{
    "reward_parameters": [
        0.0,
        10.0,
        0.0,
        0.04204385216056216,
        -0.195482548692151,
        0.0,
        0.0,
        0.0,
        0.0
    ],
    "constraint_parameters": [
        [
            0,
            0,
            0,
            0,
            0,
            1,
            0,
            0,
            0
        ],
        [
            0,
            0,
            0,
            0,
            0,
            0,
            1,
            0,
            0
        ],
        [
            0,
            0,
            0,
            0,
            0,
            0,
            0,
            1,
            0
        ],
        [
            0,
            0,
            0,
            0,
            0,
            0,
            0,
            0,
            1
        ]
    ],
    "constraint_thresholds": [
        0.2,
        0.2,
        0.05,
        0.1
    ],
    "goal": [
        0.0,
        1.0,
        0.0
    ],
    "acceleration": [
        0.04903694764637757,
        2.1312725097376264,
        10.686227685234623
    ],
    "steering": [
        5.283219125528545,
        6.599317364926815
    ],
    "features": [
        0.0,
        0.25,
        0.0,
        11.028653852373166,
        0.09550782654690941,
        0.15333333333333332,
        0.0033333333333333335,
        0.0,
        0.03
    ],
    "feasible": true,
    "env_name": "Intersect-TruncateOnly-v0"
}