{
    "reward_parameters": [
        0.0,
        10.0,
        0.0,
        0.1,
        0.0,
        0.0,
        0.0,
        0.0,
        0.0
    ],
    "constraint_parameters": [
        [
            0,
            0,
            0,
            0,
            0,
            1,
            0,
            0,
            0
        ],
        [
            0,
            0,
            0,
            0,
            0,
            0,
            1,
            0,
            0
        ],
        [
            0,
            0,
            0,
            0,
            0,
            0,
            0,
            1,
            0
        ],
        [
            0,
            0,
            0,
            0,
            0,
            0,
            0,
            0,
            1
        ]
    ],
    "constraint_thresholds": [
        0.2,
        0.2,
        0.05,
        0.1
    ],
    "goal": [
        0.0,
        1.0,
        0.0
    ],
    "acceleration": [
        0.03747808581552065,
        0.33736381096676815,
        3.4902946370487995
    ],
    "steering": [
        5.1426496211311825,
        10.750573998086995
    ],
    "features": [
        0.0,
        0.2,
        0.0,
        10.399752212653523,
        0.09503635600095095,
        0.10666666666666667,
        0.013333333333333334,
        0.0,
        0.04
    ],
    "feasible": true,
    "env_name": "Intersect-TruncateOnly-v0"
}