{
    "reward_parameters": [
        0.0,
        10.0,
        0.0,
        0.2581941195860309,
        -0.17626183764983083,
        0.0,
        0.0,
        0.0,
        0.0
    ],
    "constraint_parameters": [
        [
            0,
            0,
            0,
            0,
            0,
            1,
            0,
            0,
            0
        ],
        [
            0,
            0,
            0,
            0,
            0,
            0,
            1,
            0,
            0
        ],
        [
            0,
            0,
            0,
            0,
            0,
            0,
            0,
            1,
            0
        ],
        [
            0,
            0,
            0,
            0,
            0,
            0,
            0,
            0,
            1
        ]
    ],
    "constraint_thresholds": [
        0.2,
        0.2,
        0.05,
        0.1
    ],
    "goal": [
        0.0,
        1.0,
        0.0
    ],
    "acceleration": [
        0.055311379469592144,
        0.12717827304292312,
        7.753857058278788
    ],
    "steering": [
        5.075447510320081,
        10.35123344660908
    ],
    "features": [
        0.0,
        0.23666666666666666,
        0.0,
        11.088617649327206,
        0.10817834720800858,
        0.19666666666666666,
        0.03666666666666667,
        0.03666666666666667,
        0.03
    ],
    "feasible": true,
    "env_name": "Intersect-TruncateOnly-v0"
}