{
    "env_name": "IntersectAggressive-TruncateOnly-v0",
    "reward_parameters": [
        0.0,
        10.0,
        0.0,
        0.16893359323128201,
        -0.2445475859377661,
        0.0,
        0.0,
        0.0,
        0.0
    ],
    "constraint_parameters": [
        [
            0,
            0,
            0,
            0,
            0,
            1,
            0,
            0,
            0
        ],
        [
            0,
            0,
            0,
            0,
            0,
            0,
            1,
            0,
            0
        ],
        [
            0,
            0,
            0,
            0,
            0,
            0,
            0,
            1,
            0
        ],
        [
            0,
            0,
            0,
            0,
            0,
            0,
            0,
            0,
            1
        ]
    ],
    "constraint_thresholds": [
        0.2,
        0.2,
        0.05,
        0.1
    ],
    "goal": [
        0.0,
        1.0,
        0.0
    ],
    "acceleration": [
        0.05201474257692129,
        0.28147335463684603,
        10.30672046462547
    ],
    "steering": [
        4.898941209969217,
        14.921627616706752
    ],
    "features": [
        0.0,
        0.20666666666666667,
        0.0,
        10.801683756114953,
        0.28466669449623294,
        0.17333333333333334,
        0.006666666666666667,
        0.023333333333333334,
        0.03333333333333333
    ],
    "feasible": true
}