{
    "reward_parameters": [
        0.0,
        0.0,
        10.0,
        0.04830712028113563,
        -0.2561714779384382,
        0.0,
        0.0,
        0.0,
        0.0
    ],
    "constraint_parameters": [
        [
            0,
            0,
            0,
            0,
            0,
            1,
            0,
            0,
            0
        ],
        [
            0,
            0,
            0,
            0,
            0,
            0,
            1,
            0,
            0
        ],
        [
            0,
            0,
            0,
            0,
            0,
            0,
            0,
            1,
            0
        ],
        [
            0,
            0,
            0,
            0,
            0,
            0,
            0,
            0,
            1
        ]
    ],
    "constraint_thresholds": [
        0.2,
        0.2,
        0.05,
        0.1
    ],
    "goal": [
        0.0,
        0.0,
        1.0
    ],
    "acceleration": [
        0.040208667118271715,
        1.1413369363473356,
        8.356795098043595
    ],
    "steering": [
        5.238624984649328,
        2.997370887486287
    ],
    "features": [
        0.0,
        0.0,
        0.34,
        11.456468866131187,
        0.2155378315427115,
        0.04,
        0.0,
        0.0,
        0.05
    ],
    "feasible": true,
    "env_name": "Intersect-TruncateOnly-v0"
}