{
    "env_name": "IntersectDefensive-TruncateOnly-v0",
    "reward_parameters": [
        10.0,
        0.0,
        0.0,
        0.08443384465832623,
        -0.23452357880548533,
        0.0,
        0.0,
        0.0,
        0.0
    ],
    "constraint_parameters": [
        [
            0,
            0,
            0,
            0,
            0,
            1,
            0,
            0,
            0
        ],
        [
            0,
            0,
            0,
            0,
            0,
            0,
            1,
            0,
            0
        ],
        [
            0,
            0,
            0,
            0,
            0,
            0,
            0,
            1,
            0
        ],
        [
            0,
            0,
            0,
            0,
            0,
            0,
            0,
            0,
            1
        ]
    ],
    "constraint_thresholds": [
        0.2,
        0.2,
        0.05,
        0.1
    ],
    "goal": [
        1.0,
        0.0,
        0.0
    ],
    "acceleration": [
        0.04540560223343327,
        -0.25245146246024247,
        2.895608198801397
    ],
    "steering": [
        4.92802637108926,
        15.618720821238671
    ],
    "features": [
        0.18,
        0.0,
        0.0,
        9.780094467634548,
        2.362590706731882,
        0.10666666666666667,
        0.013333333333333334,
        0.043333333333333335,
        0.02
    ],
    "feasible": true
}