{
    "env_name": "IntersectAggressive-TruncateOnly-v0",
    "reward_parameters": [
        10.0,
        0.0,
        0.0,
        0.09645712865015368,
        -0.2483809682283146,
        0.0,
        0.0,
        0.0,
        0.0
    ],
    "constraint_parameters": [
        [
            0,
            0,
            0,
            0,
            0,
            1,
            0,
            0,
            0
        ],
        [
            0,
            0,
            0,
            0,
            0,
            0,
            1,
            0,
            0
        ],
        [
            0,
            0,
            0,
            0,
            0,
            0,
            0,
            1,
            0
        ],
        [
            0,
            0,
            0,
            0,
            0,
            0,
            0,
            0,
            1
        ]
    ],
    "constraint_thresholds": [
        0.2,
        0.2,
        0.05,
        0.1
    ],
    "goal": [
        1.0,
        0.0,
        0.0
    ],
    "acceleration": [
        0.05554850013897545,
        -0.0940170450198935,
        4.377071461090582
    ],
    "steering": [
        4.999961562292718,
        8.653425703525084
    ],
    "features": [
        0.25666666666666665,
        0.0,
        0.0,
        10.522464698486315,
        2.77889069913414,
        0.14666666666666667,
        0.016666666666666666,
        0.04,
        0.06
    ],
    "feasible": true
}