{
    "env_name": "IntersectDefensive-TruncateOnly-v0",
    "reward_parameters": [
        0.0,
        0.0,
        10.0,
        0.12533865306524022,
        -0.24245030565447045,
        0.0,
        0.0,
        0.0,
        0.0
    ],
    "constraint_parameters": [
        [
            0,
            0,
            0,
            0,
            0,
            1,
            0,
            0,
            0
        ],
        [
            0,
            0,
            0,
            0,
            0,
            0,
            1,
            0,
            0
        ],
        [
            0,
            0,
            0,
            0,
            0,
            0,
            0,
            1,
            0
        ],
        [
            0,
            0,
            0,
            0,
            0,
            0,
            0,
            0,
            1
        ]
    ],
    "constraint_thresholds": [
        0.2,
        0.2,
        0.05,
        0.1
    ],
    "goal": [
        0.0,
        0.0,
        1.0
    ],
    "acceleration": [
        0.025897024198112052,
        -0.2516084464106564,
        4.446931229166638
    ],
    "steering": [
        5.350462120347337,
        10.452517315692784
    ],
    "features": [
        0.0,
        0.0,
        0.32666666666666666,
        11.637011129421513,
        0.2769108846645439,
        0.01,
        0.043333333333333335,
        0.04,
        0.04666666666666667
    ],
    "feasible": true
}