{
    "env_name": "IntersectAggressive-TruncateOnly-v0",
    "reward_parameters": [
        0.0,
        0.0,
        10.0,
        0.06976234062294087,
        -0.24281151128194145,
        0.0,
        0.0,
        0.0,
        0.0
    ],
    "constraint_parameters": [
        [
            0,
            0,
            0,
            0,
            0,
            1,
            0,
            0,
            0
        ],
        [
            0,
            0,
            0,
            0,
            0,
            0,
            1,
            0,
            0
        ],
        [
            0,
            0,
            0,
            0,
            0,
            0,
            0,
            1,
            0
        ],
        [
            0,
            0,
            0,
            0,
            0,
            0,
            0,
            0,
            1
        ]
    ],
    "constraint_thresholds": [
        0.2,
        0.2,
        0.05,
        0.1
    ],
    "goal": [
        0.0,
        0.0,
        1.0
    ],
    "acceleration": [
        0.026431082922939303,
        0.44591909270044533,
        0.30363539373469006
    ],
    "steering": [
        5.015671475006479,
        19.010481723077916
    ],
    "features": [
        0.0,
        0.0,
        0.3433333333333333,
        11.587723789722158,
        0.3668284106143807,
        0.0,
        0.0,
        0.0,
        0.05333333333333334
    ],
    "feasible": true
}