{
    "env_name": "IntersectAggressive-TruncateOnly-v0",
    "reward_parameters": [
        10.0,
        0.0,
        0.0,
        0.2880321393695255,
        -0.16274815678416304,
        0.0,
        0.0,
        0.0,
        0.0
    ],
    "constraint_parameters": [
        [
            0,
            0,
            0,
            0,
            0,
            1,
            0,
            0,
            0
        ],
        [
            0,
            0,
            0,
            0,
            0,
            0,
            1,
            0,
            0
        ],
        [
            0,
            0,
            0,
            0,
            0,
            0,
            0,
            1,
            0
        ],
        [
            0,
            0,
            0,
            0,
            0,
            0,
            0,
            0,
            1
        ]
    ],
    "constraint_thresholds": [
        0.2,
        0.2,
        0.05,
        0.1
    ],
    "goal": [
        1.0,
        0.0,
        0.0
    ],
    "acceleration": [
        0.05482830979089841,
        -0.9705450157134186,
        1.8993724455697587
    ],
    "steering": [
        4.990412865400953,
        6.018410636105438
    ],
    "features": [
        0.2,
        0.0,
        0.0,
        10.396402250179497,
        2.53796876798758,
        0.12333333333333334,
        0.006666666666666667,
        0.04,
        0.05
    ],
    "feasible": true
}