{
    "env_name": "IntersectDefensive-TruncateOnly-v0",
    "reward_parameters": [
        10.0,
        0.0,
        0.0,
        0.181286046168101,
        -0.30005207219043806,
        0.0,
        0.0,
        0.0,
        0.0
    ],
    "constraint_parameters": [
        [
            0,
            0,
            0,
            0,
            0,
            1,
            0,
            0,
            0
        ],
        [
            0,
            0,
            0,
            0,
            0,
            0,
            1,
            0,
            0
        ],
        [
            0,
            0,
            0,
            0,
            0,
            0,
            0,
            1,
            0
        ],
        [
            0,
            0,
            0,
            0,
            0,
            0,
            0,
            0,
            1
        ]
    ],
    "constraint_thresholds": [
        0.2,
        0.2,
        0.05,
        0.1
    ],
    "goal": [
        1.0,
        0.0,
        0.0
    ],
    "acceleration": [
        0.04715766483076806,
        0.6580584639079523,
        2.4113410151308328
    ],
    "steering": [
        4.810694548135385,
        9.780160159348194
    ],
    "features": [
        0.24666666666666667,
        0.0,
        0.0,
        9.513401613535553,
        1.9977770243352426,
        0.1,
        0.05,
        0.04666666666666667,
        0.08
    ],
    "feasible": true
}