{
    "env_name": "IntersectDefensive-TruncateOnly-v0",
    "reward_parameters": [
        0.0,
        10.0,
        0.0,
        -0.00840058575095022,
        -0.16125290763670996,
        0.0,
        0.0,
        0.0,
        0.0
    ],
    "constraint_parameters": [
        [
            0,
            0,
            0,
            0,
            0,
            1,
            0,
            0,
            0
        ],
        [
            0,
            0,
            0,
            0,
            0,
            0,
            1,
            0,
            0
        ],
        [
            0,
            0,
            0,
            0,
            0,
            0,
            0,
            1,
            0
        ],
        [
            0,
            0,
            0,
            0,
            0,
            0,
            0,
            0,
            1
        ]
    ],
    "constraint_thresholds": [
        0.2,
        0.2,
        0.05,
        0.1
    ],
    "goal": [
        0.0,
        1.0,
        0.0
    ],
    "acceleration": [
        0.04154619069896842,
        0.41923263485193135,
        5.390125757074838
    ],
    "steering": [
        4.916129606717984,
        9.535044457547894
    ],
    "features": [
        0.0,
        0.23666666666666666,
        0.0,
        11.180555497286203,
        0.13230093770137336,
        0.15333333333333332,
        0.006666666666666667,
        0.03666666666666667,
        0.03666666666666667
    ],
    "feasible": true
}