{
    "env_name": "IntersectDefensive-TruncateOnly-v0",
    "reward_parameters": [
        10.0,
        0.0,
        0.0,
        0.24805071685984678,
        -0.09559808206693993,
        0.0,
        0.0,
        0.0,
        0.0
    ],
    "constraint_parameters": [
        [
            0,
            0,
            0,
            0,
            0,
            1,
            0,
            0,
            0
        ],
        [
            0,
            0,
            0,
            0,
            0,
            0,
            1,
            0,
            0
        ],
        [
            0,
            0,
            0,
            0,
            0,
            0,
            0,
            1,
            0
        ],
        [
            0,
            0,
            0,
            0,
            0,
            0,
            0,
            0,
            1
        ]
    ],
    "constraint_thresholds": [
        0.2,
        0.2,
        0.05,
        0.1
    ],
    "goal": [
        1.0,
        0.0,
        0.0
    ],
    "acceleration": [
        0.051848376101427965,
        0.16038902466458538,
        3.630424646783793
    ],
    "steering": [
        5.122337527033346,
        18.190108961066148
    ],
    "features": [
        0.24,
        0.0,
        0.0,
        10.189070095246471,
        2.17350964443881,
        0.10666666666666667,
        0.016666666666666666,
        0.043333333333333335,
        0.03333333333333333
    ],
    "feasible": true
}