{
    "reward_parameters": [
        0.0,
        0.0,
        10.0,
        0.03055079608132269,
        -0.2578695862691841,
        0.0,
        0.0,
        0.0,
        0.0
    ],
    "constraint_parameters": [
        [
            0,
            0,
            0,
            0,
            0,
            1,
            0,
            0,
            0
        ],
        [
            0,
            0,
            0,
            0,
            0,
            0,
            1,
            0,
            0
        ],
        [
            0,
            0,
            0,
            0,
            0,
            0,
            0,
            1,
            0
        ],
        [
            0,
            0,
            0,
            0,
            0,
            0,
            0,
            0,
            1
        ]
    ],
    "constraint_thresholds": [
        0.2,
        0.2,
        0.05,
        0.1
    ],
    "goal": [
        0.0,
        0.0,
        1.0
    ],
    "acceleration": [
        0.03518291115685955,
        0.5408236304763112,
        3.8621224542004433
    ],
    "steering": [
        5.306220522945383,
        6.014240282374588
    ],
    "features": [
        0.0,
        0.0,
        0.33,
        11.701087458943896,
        0.2474373512404517,
        0.07333333333333333,
        0.03666666666666667,
        0.03333333333333333,
        0.04666666666666667
    ],
    "feasible": true,
    "env_name": "Intersect-TruncateOnly-v0"
}