{
    "env_name": "IntersectAggressive-TruncateOnly-v0",
    "reward_parameters": [
        0.0,
        0.0,
        10.0,
        0.13165692543378676,
        -0.31799891911182926,
        0.0,
        0.0,
        0.0,
        0.0
    ],
    "constraint_parameters": [
        [
            0,
            0,
            0,
            0,
            0,
            1,
            0,
            0,
            0
        ],
        [
            0,
            0,
            0,
            0,
            0,
            0,
            1,
            0,
            0
        ],
        [
            0,
            0,
            0,
            0,
            0,
            0,
            0,
            1,
            0
        ],
        [
            0,
            0,
            0,
            0,
            0,
            0,
            0,
            0,
            1
        ]
    ],
    "constraint_thresholds": [
        0.2,
        0.2,
        0.05,
        0.1
    ],
    "goal": [
        0.0,
        0.0,
        1.0
    ],
    "acceleration": [
        0.03303741334579957,
        -0.35006032906775575,
        3.3779555938832333
    ],
    "steering": [
        5.244277837751124,
        8.150505126350003
    ],
    "features": [
        0.0,
        0.0,
        0.33,
        12.008522041268279,
        0.20129835795662865,
        0.05333333333333334,
        0.0,
        0.0,
        0.023333333333333334
    ],
    "feasible": true
}