{
    "env_name": "IntersectAggressive-TruncateOnly-v0",
    "reward_parameters": [
        10.0,
        0.0,
        0.0,
        0.013618905198671497,
        -0.3988830023995455,
        0.0,
        0.0,
        0.0,
        0.0
    ],
    "constraint_parameters": [
        [
            0,
            0,
            0,
            0,
            0,
            1,
            0,
            0,
            0
        ],
        [
            0,
            0,
            0,
            0,
            0,
            0,
            1,
            0,
            0
        ],
        [
            0,
            0,
            0,
            0,
            0,
            0,
            0,
            1,
            0
        ],
        [
            0,
            0,
            0,
            0,
            0,
            0,
            0,
            0,
            1
        ]
    ],
    "constraint_thresholds": [
        0.2,
        0.2,
        0.05,
        0.1
    ],
    "goal": [
        1.0,
        0.0,
        0.0
    ],
    "acceleration": [
        0.06253887410647857,
        0.33080363594065826,
        3.211994148450655
    ],
    "steering": [
        4.849582504485331,
        8.612841095420888
    ],
    "features": [
        0.22,
        0.0,
        0.0,
        10.407986103541491,
        1.9578801272938082,
        0.2,
        0.08666666666666667,
        0.05,
        0.06666666666666667
    ],
    "feasible": true
}