{
    "reward_parameters": [
        10.0,
        0.0,
        0.0,
        0.08765022423321484,
        -0.11517240423608749,
        0.0,
        0.0,
        0.0,
        0.0
    ],
    "constraint_parameters": [
        [
            0,
            0,
            0,
            0,
            0,
            1,
            0,
            0,
            0
        ],
        [
            0,
            0,
            0,
            0,
            0,
            0,
            1,
            0,
            0
        ],
        [
            0,
            0,
            0,
            0,
            0,
            0,
            0,
            1,
            0
        ],
        [
            0,
            0,
            0,
            0,
            0,
            0,
            0,
            0,
            1
        ]
    ],
    "constraint_thresholds": [
        0.2,
        0.2,
        0.05,
        0.1
    ],
    "goal": [
        1.0,
        0.0,
        0.0
    ],
    "acceleration": [
        0.06453262889234165,
        -0.16955134234544517,
        1.8639906882884762
    ],
    "steering": [
        5.001512033791635,
        6.586837300316448
    ],
    "features": [
        0.21666666666666667,
        0.0,
        0.0,
        10.404731297050981,
        2.4804498189049733,
        0.16666666666666666,
        0.07666666666666666,
        0.03333333333333333,
        0.043333333333333335
    ],
    "feasible": true,
    "env_name": "Intersect-TruncateOnly-v0"
}