{
    "reward_parameters": [
        0.0,
        10.0,
        0.0,
        -0.04751526985828386,
        -0.3967844929694241,
        0.0,
        0.0,
        0.0,
        0.0
    ],
    "constraint_parameters": [
        [
            0,
            0,
            0,
            0,
            0,
            1,
            0,
            0,
            0
        ],
        [
            0,
            0,
            0,
            0,
            0,
            0,
            1,
            0,
            0
        ],
        [
            0,
            0,
            0,
            0,
            0,
            0,
            0,
            1,
            0
        ],
        [
            0,
            0,
            0,
            0,
            0,
            0,
            0,
            0,
            1
        ]
    ],
    "constraint_thresholds": [
        0.2,
        0.2,
        0.05,
        0.1
    ],
    "goal": [
        0.0,
        1.0,
        0.0
    ],
    "acceleration": [
        0.060483541813218786,
        0.8440154569100888,
        9.30313522427541
    ],
    "steering": [
        4.9683030027675175,
        11.473899736677865
    ],
    "features": [
        0.0,
        0.19666666666666666,
        0.0,
        9.721139148692147,
        0.09248747063957034,
        0.18,
        0.056666666666666664,
        0.03666666666666667,
        0.03
    ],
    "feasible": true,
    "env_name": "Intersect-TruncateOnly-v0"
}