{
    "env_name": "IntersectDefensive-TruncateOnly-v0",
    "reward_parameters": [
        0.0,
        0.0,
        10.0,
        0.0892465144444241,
        -0.23346891255478885,
        0.0,
        0.0,
        0.0,
        0.0
    ],
    "constraint_parameters": [
        [
            0,
            0,
            0,
            0,
            0,
            1,
            0,
            0,
            0
        ],
        [
            0,
            0,
            0,
            0,
            0,
            0,
            1,
            0,
            0
        ],
        [
            0,
            0,
            0,
            0,
            0,
            0,
            0,
            1,
            0
        ],
        [
            0,
            0,
            0,
            0,
            0,
            0,
            0,
            0,
            1
        ]
    ],
    "constraint_thresholds": [
        0.2,
        0.2,
        0.05,
        0.1
    ],
    "goal": [
        0.0,
        0.0,
        1.0
    ],
    "acceleration": [
        0.03964074420639351,
        0.769325368827438,
        6.4309096461879
    ],
    "steering": [
        5.000345614898825,
        11.59386377966877
    ],
    "features": [
        0.0,
        0.0,
        0.33666666666666667,
        11.532126018571898,
        0.24725221406832248,
        0.07333333333333333,
        0.0,
        0.03333333333333333,
        0.056666666666666664
    ],
    "feasible": true
}