{
    "env_name": "IntersectDefensive-TruncateOnly-v0",
    "reward_parameters": [
        10.0,
        0.0,
        0.0,
        0.20173858649420406,
        -0.16557038755497147,
        0.0,
        0.0,
        0.0,
        0.0
    ],
    "constraint_parameters": [
        [
            0,
            0,
            0,
            0,
            0,
            1,
            0,
            0,
            0
        ],
        [
            0,
            0,
            0,
            0,
            0,
            0,
            1,
            0,
            0
        ],
        [
            0,
            0,
            0,
            0,
            0,
            0,
            0,
            1,
            0
        ],
        [
            0,
            0,
            0,
            0,
            0,
            0,
            0,
            0,
            1
        ]
    ],
    "constraint_thresholds": [
        0.2,
        0.2,
        0.05,
        0.1
    ],
    "goal": [
        1.0,
        0.0,
        0.0
    ],
    "acceleration": [
        0.06257131051730402,
        0.7353427928910862,
        6.37310955907376
    ],
    "steering": [
        4.711301678901574,
        12.382742593287492
    ],
    "features": [
        0.23333333333333334,
        0.0,
        0.0,
        9.841343615493054,
        1.958145924833678,
        0.14333333333333334,
        0.01,
        0.043333333333333335,
        0.043333333333333335
    ],
    "feasible": true
}