{
    "env_name": "IntersectDefensive-TruncateOnly-v0",
    "reward_parameters": [
        0.0,
        0.0,
        10.0,
        0.10015339334291612,
        -0.3301032330041408,
        0.0,
        0.0,
        0.0,
        0.0
    ],
    "constraint_parameters": [
        [
            0,
            0,
            0,
            0,
            0,
            1,
            0,
            0,
            0
        ],
        [
            0,
            0,
            0,
            0,
            0,
            0,
            1,
            0,
            0
        ],
        [
            0,
            0,
            0,
            0,
            0,
            0,
            0,
            1,
            0
        ],
        [
            0,
            0,
            0,
            0,
            0,
            0,
            0,
            0,
            1
        ]
    ],
    "constraint_thresholds": [
        0.2,
        0.2,
        0.05,
        0.1
    ],
    "goal": [
        0.0,
        0.0,
        1.0
    ],
    "acceleration": [
        0.04436825945948039,
        1.716689332697648,
        6.128042500982379
    ],
    "steering": [
        4.958672211518149,
        9.931586577673023
    ],
    "features": [
        0.0,
        0.0,
        0.3333333333333333,
        11.990940891240344,
        0.18854213251702204,
        0.15333333333333332,
        0.0,
        0.0,
        0.05
    ],
    "feasible": true
}