{
    "env_name": "IntersectAggressive-TruncateOnly-v0",
    "reward_parameters": [
        0.0,
        10.0,
        0.0,
        -0.030825472848386992,
        -0.17212753341607606,
        0.0,
        0.0,
        0.0,
        0.0
    ],
    "constraint_parameters": [
        [
            0,
            0,
            0,
            0,
            0,
            1,
            0,
            0,
            0
        ],
        [
            0,
            0,
            0,
            0,
            0,
            0,
            1,
            0,
            0
        ],
        [
            0,
            0,
            0,
            0,
            0,
            0,
            0,
            1,
            0
        ],
        [
            0,
            0,
            0,
            0,
            0,
            0,
            0,
            0,
            1
        ]
    ],
    "constraint_thresholds": [
        0.2,
        0.2,
        0.05,
        0.1
    ],
    "goal": [
        0.0,
        1.0,
        0.0
    ],
    "acceleration": [
        0.03471307863002798,
        0.062120121755147806,
        6.195775039702534
    ],
    "steering": [
        5.173608547426714,
        10.167598636547604
    ],
    "features": [
        0.0,
        0.24333333333333335,
        0.0,
        10.708241736708523,
        0.14164508900021194,
        0.03333333333333333,
        0.0,
        0.03333333333333333,
        0.05333333333333334
    ],
    "feasible": true
}