{
    "env_name": "IntersectDefensive-TruncateOnly-v0",
    "reward_parameters": [
        10.0,
        0.0,
        0.0,
        0.06761578016555084,
        -0.023706248612043707,
        0.0,
        0.0,
        0.0,
        0.0
    ],
    "constraint_parameters": [
        [
            0,
            0,
            0,
            0,
            0,
            1,
            0,
            0,
            0
        ],
        [
            0,
            0,
            0,
            0,
            0,
            0,
            1,
            0,
            0
        ],
        [
            0,
            0,
            0,
            0,
            0,
            0,
            0,
            1,
            0
        ],
        [
            0,
            0,
            0,
            0,
            0,
            0,
            0,
            0,
            1
        ]
    ],
    "constraint_thresholds": [
        0.2,
        0.2,
        0.05,
        0.1
    ],
    "goal": [
        1.0,
        0.0,
        0.0
    ],
    "acceleration": [
        0.046991243286601765,
        0.21855391818843672,
        6.818404447265472
    ],
    "steering": [
        5.207734689839717,
        9.504450359914646
    ],
    "features": [
        0.22,
        0.0,
        0.0,
        9.990609859820008,
        3.3830216684572068,
        0.09666666666666666,
        0.0033333333333333335,
        0.0,
        0.06666666666666667
    ],
    "feasible": true
}