{
    "env_name": "IntersectAggressive-TruncateOnly-v0",
    "reward_parameters": [
        0.0,
        0.0,
        10.0,
        0.17462530820858702,
        -0.12756464773534737,
        0.0,
        0.0,
        0.0,
        0.0
    ],
    "constraint_parameters": [
        [
            0,
            0,
            0,
            0,
            0,
            1,
            0,
            0,
            0
        ],
        [
            0,
            0,
            0,
            0,
            0,
            0,
            1,
            0,
            0
        ],
        [
            0,
            0,
            0,
            0,
            0,
            0,
            0,
            1,
            0
        ],
        [
            0,
            0,
            0,
            0,
            0,
            0,
            0,
            0,
            1
        ]
    ],
    "constraint_thresholds": [
        0.2,
        0.2,
        0.05,
        0.1
    ],
    "goal": [
        0.0,
        0.0,
        1.0
    ],
    "acceleration": [
        0.031543894109086465,
        -1.1690575371344294,
        5.707669901573722
    ],
    "steering": [
        5.180224078652219,
        7.720242354632033
    ],
    "features": [
        0.0,
        0.0,
        0.31666666666666665,
        12.179564676577671,
        0.19557538405513986,
        0.09333333333333334,
        0.0,
        0.0,
        0.043333333333333335
    ],
    "feasible": true
}