{
    "env_name": "IntersectDefensive-TruncateOnly-v0",
    "reward_parameters": [
        0.0,
        10.0,
        0.0,
        -0.04535716727137992,
        -0.21931059737302455,
        0.0,
        0.0,
        0.0,
        0.0
    ],
    "constraint_parameters": [
        [
            0,
            0,
            0,
            0,
            0,
            1,
            0,
            0,
            0
        ],
        [
            0,
            0,
            0,
            0,
            0,
            0,
            1,
            0,
            0
        ],
        [
            0,
            0,
            0,
            0,
            0,
            0,
            0,
            1,
            0
        ],
        [
            0,
            0,
            0,
            0,
            0,
            0,
            0,
            0,
            1
        ]
    ],
    "constraint_thresholds": [
        0.2,
        0.2,
        0.05,
        0.1
    ],
    "goal": [
        0.0,
        1.0,
        0.0
    ],
    "acceleration": [
        0.054661622691986614,
        0.34820478921097897,
        3.6840804148336304
    ],
    "steering": [
        4.347781499698234,
        4.288833349464527
    ],
    "features": [
        0.0,
        0.24333333333333335,
        0.0,
        10.681052570418938,
        0.17068939334445793,
        0.18333333333333332,
        0.05,
        0.04,
        0.04666666666666667
    ],
    "feasible": true
}