{
    "reward_parameters": [
        10.0,
        0.0,
        0.0,
        0.16580490484749183,
        -0.3144805106775746,
        0.0,
        0.0,
        0.0,
        0.0
    ],
    "constraint_parameters": [
        [
            0,
            0,
            0,
            0,
            0,
            1,
            0,
            0,
            0
        ],
        [
            0,
            0,
            0,
            0,
            0,
            0,
            1,
            0,
            0
        ],
        [
            0,
            0,
            0,
            0,
            0,
            0,
            0,
            1,
            0
        ],
        [
            0,
            0,
            0,
            0,
            0,
            0,
            0,
            0,
            1
        ]
    ],
    "constraint_thresholds": [
        0.2,
        0.2,
        0.05,
        0.1
    ],
    "goal": [
        1.0,
        0.0,
        0.0
    ],
    "acceleration": [
        0.0668712910801787,
        0.8258313026856063,
        4.991899919117479
    ],
    "steering": [
        4.9825039516325775,
        8.85895515396954
    ],
    "features": [
        0.23,
        0.0,
        0.0,
        10.24508406772311,
        2.002075895386223,
        0.18666666666666668,
        0.03,
        0.04,
        0.03
    ],
    "feasible": true,
    "env_name": "Intersect-TruncateOnly-v0"
}