{
    "reward_parameters": [
        0.0,
        0.0,
        10.0,
        0.09994414958880223,
        -0.09312442803378984,
        0.0,
        0.0,
        0.0,
        0.0
    ],
    "constraint_parameters": [
        [
            0,
            0,
            0,
            0,
            0,
            1,
            0,
            0,
            0
        ],
        [
            0,
            0,
            0,
            0,
            0,
            0,
            1,
            0,
            0
        ],
        [
            0,
            0,
            0,
            0,
            0,
            0,
            0,
            1,
            0
        ],
        [
            0,
            0,
            0,
            0,
            0,
            0,
            0,
            0,
            1
        ]
    ],
    "constraint_thresholds": [
        0.2,
        0.2,
        0.05,
        0.1
    ],
    "goal": [
        0.0,
        0.0,
        1.0
    ],
    "acceleration": [
        0.025412126493201802,
        0.2369331677139125,
        2.4073800872661026
    ],
    "steering": [
        5.221215615041182,
        2.353882856191964
    ],
    "features": [
        0.0,
        0.0,
        0.32,
        11.666816276152016,
        0.33142354560206805,
        0.0,
        0.0,
        0.0,
        0.08
    ],
    "feasible": true,
    "env_name": "Intersect-TruncateOnly-v0"
}