{
    "env_name": "IntersectDefensive-TruncateOnly-v0",
    "reward_parameters": [
        0.0,
        10.0,
        0.0,
        0.10452573939274824,
        -0.18277662532468017,
        0.0,
        0.0,
        0.0,
        0.0
    ],
    "constraint_parameters": [
        [
            0,
            0,
            0,
            0,
            0,
            1,
            0,
            0,
            0
        ],
        [
            0,
            0,
            0,
            0,
            0,
            0,
            1,
            0,
            0
        ],
        [
            0,
            0,
            0,
            0,
            0,
            0,
            0,
            1,
            0
        ],
        [
            0,
            0,
            0,
            0,
            0,
            0,
            0,
            0,
            1
        ]
    ],
    "constraint_thresholds": [
        0.2,
        0.2,
        0.05,
        0.1
    ],
    "goal": [
        0.0,
        1.0,
        0.0
    ],
    "acceleration": [
        0.034596162620718074,
        1.2226080537103707,
        4.784966865867186
    ],
    "steering": [
        5.080338606755457,
        7.858578367247816
    ],
    "features": [
        0.0,
        0.25,
        0.0,
        10.477627232967054,
        0.17175251227255248,
        0.03333333333333333,
        0.01,
        0.03333333333333333,
        0.03
    ],
    "feasible": true
}