{
    "reward_parameters": [
        0.0,
        10.0,
        0.0,
        0.11611519497646722,
        -0.29910503900376145,
        0.0,
        0.0,
        0.0,
        0.0
    ],
    "constraint_parameters": [
        [
            0,
            0,
            0,
            0,
            0,
            1,
            0,
            0,
            0
        ],
        [
            0,
            0,
            0,
            0,
            0,
            0,
            1,
            0,
            0
        ],
        [
            0,
            0,
            0,
            0,
            0,
            0,
            0,
            1,
            0
        ],
        [
            0,
            0,
            0,
            0,
            0,
            0,
            0,
            0,
            1
        ]
    ],
    "constraint_thresholds": [
        0.2,
        0.2,
        0.05,
        0.1
    ],
    "goal": [
        0.0,
        1.0,
        0.0
    ],
    "acceleration": [
        0.04516395935142979,
        0.9056048821503899,
        3.0747923002333857
    ],
    "steering": [
        4.948178078031816,
        15.630049817620513
    ],
    "features": [
        0.0,
        0.2733333333333333,
        0.0,
        10.947389113928606,
        0.33214345605733403,
        0.14333333333333334,
        0.023333333333333334,
        0.03333333333333333,
        0.03333333333333333
    ],
    "feasible": true,
    "env_name": "Intersect-TruncateOnly-v0"
}