{
    "env_name": "IntersectAggressive-TruncateOnly-v0",
    "reward_parameters": [
        10.0,
        0.0,
        0.0,
        0.10240506634437437,
        -0.15923515166299063,
        0.0,
        0.0,
        0.0,
        0.0
    ],
    "constraint_parameters": [
        [
            0,
            0,
            0,
            0,
            0,
            1,
            0,
            0,
            0
        ],
        [
            0,
            0,
            0,
            0,
            0,
            0,
            1,
            0,
            0
        ],
        [
            0,
            0,
            0,
            0,
            0,
            0,
            0,
            1,
            0
        ],
        [
            0,
            0,
            0,
            0,
            0,
            0,
            0,
            0,
            1
        ]
    ],
    "constraint_thresholds": [
        0.2,
        0.2,
        0.05,
        0.1
    ],
    "goal": [
        1.0,
        0.0,
        0.0
    ],
    "acceleration": [
        0.07360419627518969,
        0.8814976400145,
        4.325239189585737
    ],
    "steering": [
        5.276551135080602,
        5.927472582594621
    ],
    "features": [
        0.24,
        0.0,
        0.0,
        10.126280775196955,
        2.6931771118674774,
        0.17666666666666667,
        0.05333333333333334,
        0.03666666666666667,
        0.07
    ],
    "feasible": true
}