{
    "reward_parameters": [
        0.0,
        10.0,
        0.0,
        0.09994414958880223,
        -0.09312442803378984,
        0.0,
        0.0,
        0.0,
        0.0
    ],
    "constraint_parameters": [
        [
            0,
            0,
            0,
            0,
            0,
            1,
            0,
            0,
            0
        ],
        [
            0,
            0,
            0,
            0,
            0,
            0,
            1,
            0,
            0
        ],
        [
            0,
            0,
            0,
            0,
            0,
            0,
            0,
            1,
            0
        ],
        [
            0,
            0,
            0,
            0,
            0,
            0,
            0,
            0,
            1
        ]
    ],
    "constraint_thresholds": [
        0.2,
        0.2,
        0.05,
        0.1
    ],
    "goal": [
        0.0,
        1.0,
        0.0
    ],
    "acceleration": [
        0.05116007207393094,
        0.6557893349268242,
        8.20524152893431
    ],
    "steering": [
        4.800044217555813,
        8.314135864490694
    ],
    "features": [
        0.0,
        0.24666666666666667,
        0.0,
        10.693457136110757,
        0.20881513555784545,
        0.16333333333333333,
        0.016666666666666666,
        0.03666666666666667,
        0.023333333333333334
    ],
    "feasible": true,
    "env_name": "Intersect-TruncateOnly-v0"
}