{
    "env_name": "IntersectDefensive-TruncateOnly-v0",
    "reward_parameters": [
        0.0,
        10.0,
        0.0,
        0.00888861233166044,
        -0.10734734780526255,
        0.0,
        0.0,
        0.0,
        0.0
    ],
    "constraint_parameters": [
        [
            0,
            0,
            0,
            0,
            0,
            1,
            0,
            0,
            0
        ],
        [
            0,
            0,
            0,
            0,
            0,
            0,
            1,
            0,
            0
        ],
        [
            0,
            0,
            0,
            0,
            0,
            0,
            0,
            1,
            0
        ],
        [
            0,
            0,
            0,
            0,
            0,
            0,
            0,
            0,
            1
        ]
    ],
    "constraint_thresholds": [
        0.2,
        0.2,
        0.05,
        0.1
    ],
    "goal": [
        0.0,
        1.0,
        0.0
    ],
    "acceleration": [
        0.04770013759643477,
        0.6317376471974812,
        2.7145298016848947
    ],
    "steering": [
        5.11496999064955,
        7.806506295420425
    ],
    "features": [
        0.0,
        0.27,
        0.0,
        10.873021947553946,
        0.18051591334145647,
        0.15666666666666668,
        0.043333333333333335,
        0.03666666666666667,
        0.03666666666666667
    ],
    "feasible": true
}