{
    "reward_parameters": [
        10.0,
        0.0,
        0.0,
        -0.022100943648033278,
        -0.1777400260965892,
        0.0,
        0.0,
        0.0,
        0.0
    ],
    "constraint_parameters": [
        [
            0,
            0,
            0,
            0,
            0,
            1,
            0,
            0,
            0
        ],
        [
            0,
            0,
            0,
            0,
            0,
            0,
            1,
            0,
            0
        ],
        [
            0,
            0,
            0,
            0,
            0,
            0,
            0,
            1,
            0
        ],
        [
            0,
            0,
            0,
            0,
            0,
            0,
            0,
            0,
            1
        ]
    ],
    "constraint_thresholds": [
        0.2,
        0.2,
        0.05,
        0.1
    ],
    "goal": [
        1.0,
        0.0,
        0.0
    ],
    "acceleration": [
        0.0628361798271454,
        0.7953265878394465,
        9.016580271281502
    ],
    "steering": [
        4.361706323126672,
        10.304236754826055
    ],
    "features": [
        0.2633333333333333,
        0.0,
        0.0,
        10.56018578769946,
        2.121774665831169,
        0.14,
        0.02,
        0.03666666666666667,
        0.06
    ],
    "feasible": true,
    "env_name": "Intersect-TruncateOnly-v0"
}