{
    "env_name": "IntersectAggressive-TruncateOnly-v0",
    "reward_parameters": [
        0.0,
        10.0,
        0.0,
        0.03536061847829437,
        -0.20987701019264984,
        0.0,
        0.0,
        0.0,
        0.0
    ],
    "constraint_parameters": [
        [
            0,
            0,
            0,
            0,
            0,
            1,
            0,
            0,
            0
        ],
        [
            0,
            0,
            0,
            0,
            0,
            0,
            1,
            0,
            0
        ],
        [
            0,
            0,
            0,
            0,
            0,
            0,
            0,
            1,
            0
        ],
        [
            0,
            0,
            0,
            0,
            0,
            0,
            0,
            0,
            1
        ]
    ],
    "constraint_thresholds": [
        0.2,
        0.2,
        0.05,
        0.1
    ],
    "goal": [
        0.0,
        1.0,
        0.0
    ],
    "acceleration": [
        0.05280798942090577,
        0.7990514982638448,
        4.544527237038722
    ],
    "steering": [
        4.873791741738849,
        19.196092175825168
    ],
    "features": [
        0.0,
        0.27666666666666667,
        0.0,
        10.944178600338159,
        0.3843139981160904,
        0.18333333333333332,
        0.013333333333333334,
        0.01,
        0.03
    ],
    "feasible": true
}