{
    "reward_parameters": [
        10.0,
        0.0,
        0.0,
        -0.07685111408182002,
        -0.11503438936693011,
        0.0,
        0.0,
        0.0,
        0.0
    ],
    "constraint_parameters": [
        [
            0,
            0,
            0,
            0,
            0,
            1,
            0,
            0,
            0
        ],
        [
            0,
            0,
            0,
            0,
            0,
            0,
            1,
            0,
            0
        ],
        [
            0,
            0,
            0,
            0,
            0,
            0,
            0,
            1,
            0
        ],
        [
            0,
            0,
            0,
            0,
            0,
            0,
            0,
            0,
            1
        ]
    ],
    "constraint_thresholds": [
        0.2,
        0.2,
        0.05,
        0.1
    ],
    "goal": [
        1.0,
        0.0,
        0.0
    ],
    "acceleration": [
        0.06251074456842604,
        -0.6880665675507136,
        3.1547113643361033
    ],
    "steering": [
        5.56715832246969,
        13.231937390215666
    ],
    "features": [
        0.19666666666666666,
        0.0,
        0.0,
        10.091268022442316,
        3.112429118932279,
        0.13666666666666666,
        0.03333333333333333,
        0.03666666666666667,
        0.043333333333333335
    ],
    "feasible": true,
    "env_name": "Intersect-TruncateOnly-v0"
}