{
    "env_name": "IntersectAggressive-TruncateOnly-v0",
    "reward_parameters": [
        10.0,
        0.0,
        0.0,
        0.08992204605664388,
        -0.21719236103687037,
        0.0,
        0.0,
        0.0,
        0.0
    ],
    "constraint_parameters": [
        [
            0,
            0,
            0,
            0,
            0,
            1,
            0,
            0,
            0
        ],
        [
            0,
            0,
            0,
            0,
            0,
            0,
            1,
            0,
            0
        ],
        [
            0,
            0,
            0,
            0,
            0,
            0,
            0,
            1,
            0
        ],
        [
            0,
            0,
            0,
            0,
            0,
            0,
            0,
            0,
            1
        ]
    ],
    "constraint_thresholds": [
        0.2,
        0.2,
        0.05,
        0.1
    ],
    "goal": [
        1.0,
        0.0,
        0.0
    ],
    "acceleration": [
        0.3,
        0.3,
        2.0
    ],
    "steering": [
        5.0,
        8.333333333333334
    ],
    "features": [
        0.16333333333333333,
        0.0,
        0.0,
        11.275656964820794,
        1.1936409021392862,
        0.29333333333333333,
        0.056666666666666664,
        0.15666666666666668,
        0.016666666666666666
    ],
    "feasible": false
}