{
    "env_name": "IntersectDefensive-TruncateOnly-v0",
    "reward_parameters": [
        10.0,
        0.0,
        0.0,
        0.11736836503409806,
        -0.2450196235928427,
        0.0,
        0.0,
        0.0,
        0.0
    ],
    "constraint_parameters": [
        [
            0,
            0,
            0,
            0,
            0,
            1,
            0,
            0,
            0
        ],
        [
            0,
            0,
            0,
            0,
            0,
            0,
            1,
            0,
            0
        ],
        [
            0,
            0,
            0,
            0,
            0,
            0,
            0,
            1,
            0
        ],
        [
            0,
            0,
            0,
            0,
            0,
            0,
            0,
            0,
            1
        ]
    ],
    "constraint_thresholds": [
        0.2,
        0.2,
        0.05,
        0.1
    ],
    "goal": [
        1.0,
        0.0,
        0.0
    ],
    "acceleration": [
        0.047189460751879755,
        -0.054777608998612226,
        5.220612076329439
    ],
    "steering": [
        4.967248680367944,
        12.88610605655477
    ],
    "features": [
        0.21,
        0.0,
        0.0,
        10.285082121308616,
        2.5601687454927413,
        0.16333333333333333,
        0.013333333333333334,
        0.03666666666666667,
        0.06
    ],
    "feasible": true
}