{
    "env_name": "IntersectDefensive-TruncateOnly-v0",
    "reward_parameters": [
        0.0,
        0.0,
        10.0,
        0.10925085438571348,
        0.08852101826156977,
        0.0,
        0.0,
        0.0,
        0.0
    ],
    "constraint_parameters": [
        [
            0,
            0,
            0,
            0,
            0,
            1,
            0,
            0,
            0
        ],
        [
            0,
            0,
            0,
            0,
            0,
            0,
            1,
            0,
            0
        ],
        [
            0,
            0,
            0,
            0,
            0,
            0,
            0,
            1,
            0
        ],
        [
            0,
            0,
            0,
            0,
            0,
            0,
            0,
            0,
            1
        ]
    ],
    "constraint_thresholds": [
        0.2,
        0.2,
        0.05,
        0.1
    ],
    "goal": [
        0.0,
        0.0,
        1.0
    ],
    "acceleration": [
        0.04131358257073686,
        1.6340230642232796,
        2.266553296510863
    ],
    "steering": [
        4.912456933888987,
        11.116337230419187
    ],
    "features": [
        0.0,
        0.0,
        0.32666666666666666,
        11.4233617920524,
        0.30790219998491625,
        0.12,
        0.006666666666666667,
        0.0,
        0.043333333333333335
    ],
    "feasible": true
}