{
    "reward_parameters": [
        0.0,
        10.0,
        0.0,
        0.07530700683838859,
        -0.46103502959190756,
        0.0,
        0.0,
        0.0,
        0.0
    ],
    "constraint_parameters": [
        [
            0,
            0,
            0,
            0,
            0,
            1,
            0,
            0,
            0
        ],
        [
            0,
            0,
            0,
            0,
            0,
            0,
            1,
            0,
            0
        ],
        [
            0,
            0,
            0,
            0,
            0,
            0,
            0,
            1,
            0
        ],
        [
            0,
            0,
            0,
            0,
            0,
            0,
            0,
            0,
            1
        ]
    ],
    "constraint_thresholds": [
        0.2,
        0.2,
        0.05,
        0.1
    ],
    "goal": [
        0.0,
        1.0,
        0.0
    ],
    "acceleration": [
        0.05001059065431468,
        0.5319846508411945,
        6.379815475670549
    ],
    "steering": [
        5.443057860201191,
        11.683706258607334
    ],
    "features": [
        0.0,
        0.22333333333333333,
        0.0,
        10.245818778178664,
        0.1072593598939928,
        0.11666666666666667,
        0.056666666666666664,
        0.04,
        0.016666666666666666
    ],
    "feasible": true,
    "env_name": "Intersect-TruncateOnly-v0"
}