{
    "env_name": "IntersectDefensive-TruncateOnly-v0",
    "reward_parameters": [
        10.0,
        0.0,
        0.0,
        0.2181060411217088,
        -0.3253634399028492,
        0.0,
        0.0,
        0.0,
        0.0
    ],
    "constraint_parameters": [
        [
            0,
            0,
            0,
            0,
            0,
            1,
            0,
            0,
            0
        ],
        [
            0,
            0,
            0,
            0,
            0,
            0,
            1,
            0,
            0
        ],
        [
            0,
            0,
            0,
            0,
            0,
            0,
            0,
            1,
            0
        ],
        [
            0,
            0,
            0,
            0,
            0,
            0,
            0,
            0,
            1
        ]
    ],
    "constraint_thresholds": [
        0.2,
        0.2,
        0.05,
        0.1
    ],
    "goal": [
        1.0,
        0.0,
        0.0
    ],
    "acceleration": [
        0.06102594547579601,
        -0.4906414006245987,
        3.960436073183887
    ],
    "steering": [
        5.897361901926809,
        11.305649117596854
    ],
    "features": [
        0.22666666666666666,
        0.0,
        0.0,
        11.059816788584959,
        3.3143013890765953,
        0.19666666666666666,
        0.006666666666666667,
        0.013333333333333334,
        0.056666666666666664
    ],
    "feasible": true
}