{
    "env_name": "IntersectDefensive-TruncateOnly-v0",
    "reward_parameters": [
        0.0,
        0.0,
        10.0,
        0.027314488334125475,
        -0.2723790436029851,
        0.0,
        0.0,
        0.0,
        0.0
    ],
    "constraint_parameters": [
        [
            0,
            0,
            0,
            0,
            0,
            1,
            0,
            0,
            0
        ],
        [
            0,
            0,
            0,
            0,
            0,
            0,
            1,
            0,
            0
        ],
        [
            0,
            0,
            0,
            0,
            0,
            0,
            0,
            1,
            0
        ],
        [
            0,
            0,
            0,
            0,
            0,
            0,
            0,
            0,
            1
        ]
    ],
    "constraint_thresholds": [
        0.2,
        0.2,
        0.05,
        0.1
    ],
    "goal": [
        0.0,
        0.0,
        1.0
    ],
    "acceleration": [
        0.03077213788939391,
        0.5676422327547915,
        5.850984201335111
    ],
    "steering": [
        4.454031706819893,
        7.205913350817288
    ],
    "features": [
        0.0,
        0.0,
        0.32,
        11.333007868630702,
        0.24610129491703736,
        0.006666666666666667,
        0.0,
        0.0,
        0.03666666666666667
    ],
    "feasible": true
}