{
    "reward_parameters": [
        0.0,
        10.0,
        0.0,
        0.1870384180700584,
        -0.22660064179571568,
        0.0,
        0.0,
        0.0,
        0.0
    ],
    "constraint_parameters": [
        [
            0,
            0,
            0,
            0,
            0,
            1,
            0,
            0,
            0
        ],
        [
            0,
            0,
            0,
            0,
            0,
            0,
            1,
            0,
            0
        ],
        [
            0,
            0,
            0,
            0,
            0,
            0,
            0,
            1,
            0
        ],
        [
            0,
            0,
            0,
            0,
            0,
            0,
            0,
            0,
            1
        ]
    ],
    "constraint_thresholds": [
        0.2,
        0.2,
        0.05,
        0.1
    ],
    "goal": [
        0.0,
        1.0,
        0.0
    ],
    "acceleration": [
        0.055940385926191404,
        0.6545563131390634,
        5.740177381289001
    ],
    "steering": [
        5.031799976916429,
        7.278779039756214
    ],
    "features": [
        0.0,
        0.24666666666666667,
        0.0,
        11.01767411123148,
        0.10957320342571578,
        0.19666666666666666,
        0.0033333333333333335,
        0.04,
        0.03666666666666667
    ],
    "feasible": true,
    "env_name": "Intersect-TruncateOnly-v0"
}