{
    "env_name": "IntersectAggressive-TruncateOnly-v0",
    "reward_parameters": [
        0.0,
        10.0,
        0.0,
        -0.06833309045747313,
        -0.08602076069073201,
        0.0,
        0.0,
        0.0,
        0.0
    ],
    "constraint_parameters": [
        [
            0,
            0,
            0,
            0,
            0,
            1,
            0,
            0,
            0
        ],
        [
            0,
            0,
            0,
            0,
            0,
            0,
            1,
            0,
            0
        ],
        [
            0,
            0,
            0,
            0,
            0,
            0,
            0,
            1,
            0
        ],
        [
            0,
            0,
            0,
            0,
            0,
            0,
            0,
            0,
            1
        ]
    ],
    "constraint_thresholds": [
        0.2,
        0.2,
        0.05,
        0.1
    ],
    "goal": [
        0.0,
        1.0,
        0.0
    ],
    "acceleration": [
        0.05231829343480536,
        -0.06214617652674426,
        5.759956942096608
    ],
    "steering": [
        5.074785790799972,
        13.12211882172667
    ],
    "features": [
        0.0,
        0.23666666666666666,
        0.0,
        10.998363979809188,
        0.18975091087501056,
        0.17,
        0.0033333333333333335,
        0.03333333333333333,
        0.03333333333333333
    ],
    "feasible": true
}