{
    "env_name": "IntersectDefensive-TruncateOnly-v0",
    "reward_parameters": [
        0.0,
        0.0,
        10.0,
        0.10224247070231282,
        -0.1228062040154768,
        0.0,
        0.0,
        0.0,
        0.0
    ],
    "constraint_parameters": [
        [
            0,
            0,
            0,
            0,
            0,
            1,
            0,
            0,
            0
        ],
        [
            0,
            0,
            0,
            0,
            0,
            0,
            1,
            0,
            0
        ],
        [
            0,
            0,
            0,
            0,
            0,
            0,
            0,
            1,
            0
        ],
        [
            0,
            0,
            0,
            0,
            0,
            0,
            0,
            0,
            1
        ]
    ],
    "constraint_thresholds": [
        0.2,
        0.2,
        0.05,
        0.1
    ],
    "goal": [
        0.0,
        0.0,
        1.0
    ],
    "acceleration": [
        0.04206896166804502,
        0.08097982958078082,
        6.845800157991895
    ],
    "steering": [
        5.354189085633785,
        8.24025995438436
    ],
    "features": [
        0.0,
        0.0,
        0.33,
        11.971409586196913,
        0.2385465636132171,
        0.08333333333333333,
        0.0,
        0.0,
        0.04
    ],
    "feasible": true
}