{
    "env_name": "IntersectDefensive-TruncateOnly-v0",
    "reward_parameters": [
        10.0,
        0.0,
        0.0,
        -0.011365342144941448,
        -0.092764144494752,
        0.0,
        0.0,
        0.0,
        0.0
    ],
    "constraint_parameters": [
        [
            0,
            0,
            0,
            0,
            0,
            1,
            0,
            0,
            0
        ],
        [
            0,
            0,
            0,
            0,
            0,
            0,
            1,
            0,
            0
        ],
        [
            0,
            0,
            0,
            0,
            0,
            0,
            0,
            1,
            0
        ],
        [
            0,
            0,
            0,
            0,
            0,
            0,
            0,
            0,
            1
        ]
    ],
    "constraint_thresholds": [
        0.2,
        0.2,
        0.05,
        0.1
    ],
    "goal": [
        1.0,
        0.0,
        0.0
    ],
    "acceleration": [
        0.05688062954442323,
        1.0132214121690954,
        3.622582921914838
    ],
    "steering": [
        4.874162761236441,
        21.88010193632134
    ],
    "features": [
        0.23666666666666666,
        0.0,
        0.0,
        11.175601310435988,
        2.2105987429599665,
        0.19333333333333333,
        0.0,
        0.03666666666666667,
        0.05333333333333334
    ],
    "feasible": true
}