{
    "env_name": "IntersectAggressive-TruncateOnly-v0",
    "reward_parameters": [
        10.0,
        0.0,
        0.0,
        0.2999759754865466,
        -0.2018731275032239,
        0.0,
        0.0,
        0.0,
        0.0
    ],
    "constraint_parameters": [
        [
            0,
            0,
            0,
            0,
            0,
            1,
            0,
            0,
            0
        ],
        [
            0,
            0,
            0,
            0,
            0,
            0,
            1,
            0,
            0
        ],
        [
            0,
            0,
            0,
            0,
            0,
            0,
            0,
            1,
            0
        ],
        [
            0,
            0,
            0,
            0,
            0,
            0,
            0,
            0,
            1
        ]
    ],
    "constraint_thresholds": [
        0.2,
        0.2,
        0.05,
        0.1
    ],
    "goal": [
        1.0,
        0.0,
        0.0
    ],
    "acceleration": [
        0.3,
        0.3,
        2.0
    ],
    "steering": [
        5.0,
        8.333333333333334
    ],
    "features": [
        0.11333333333333333,
        0.0,
        0.0,
        10.018160933378013,
        0.9745883411619165,
        0.2733333333333333,
        0.11,
        0.26666666666666666,
        0.03333333333333333
    ],
    "feasible": true
}