{
    "env_name": "IntersectAggressive-TruncateOnly-v0",
    "reward_parameters": [
        10.0,
        0.0,
        0.0,
        0.15969555680578856,
        -0.34942044572356395,
        0.0,
        0.0,
        0.0,
        0.0
    ],
    "constraint_parameters": [
        [
            0,
            0,
            0,
            0,
            0,
            1,
            0,
            0,
            0
        ],
        [
            0,
            0,
            0,
            0,
            0,
            0,
            1,
            0,
            0
        ],
        [
            0,
            0,
            0,
            0,
            0,
            0,
            0,
            1,
            0
        ],
        [
            0,
            0,
            0,
            0,
            0,
            0,
            0,
            0,
            1
        ]
    ],
    "constraint_thresholds": [
        0.2,
        0.2,
        0.05,
        0.1
    ],
    "goal": [
        1.0,
        0.0,
        0.0
    ],
    "acceleration": [
        0.06533936376423807,
        0.5628153513106724,
        3.5241757273132506
    ],
    "steering": [
        4.836119941699669,
        12.521312503707323
    ],
    "features": [
        0.22,
        0.0,
        0.0,
        10.63285346581943,
        2.571535681309735,
        0.15666666666666668,
        0.01,
        0.0,
        0.03333333333333333
    ],
    "feasible": true
}