{
    "reward_parameters": [
        0.0,
        0.0,
        10.0,
        0.030203581441509184,
        -0.18791098897013514,
        0.0,
        0.0,
        0.0,
        0.0
    ],
    "constraint_parameters": [
        [
            0,
            0,
            0,
            0,
            0,
            1,
            0,
            0,
            0
        ],
        [
            0,
            0,
            0,
            0,
            0,
            0,
            1,
            0,
            0
        ],
        [
            0,
            0,
            0,
            0,
            0,
            0,
            0,
            1,
            0
        ],
        [
            0,
            0,
            0,
            0,
            0,
            0,
            0,
            0,
            1
        ]
    ],
    "constraint_thresholds": [
        0.2,
        0.2,
        0.05,
        0.1
    ],
    "goal": [
        0.0,
        0.0,
        1.0
    ],
    "acceleration": [
        0.033574632309592116,
        0.26778654831993215,
        0.10541676358026031
    ],
    "steering": [
        5.144164460108234,
        17.312668034056756
    ],
    "features": [
        0.0,
        0.0,
        0.3566666666666667,
        12.128936504032472,
        0.3060081938449045,
        0.016666666666666666,
        0.0,
        0.0,
        0.043333333333333335
    ],
    "feasible": true,
    "env_name": "Intersect-TruncateOnly-v0"
}