{
    "reward_parameters": [
        0.0,
        0.0,
        10.0,
        -0.026424784074611213,
        -0.29192124286401433,
        0.0,
        0.0,
        0.0,
        0.0
    ],
    "constraint_parameters": [
        [
            0,
            0,
            0,
            0,
            0,
            1,
            0,
            0,
            0
        ],
        [
            0,
            0,
            0,
            0,
            0,
            0,
            1,
            0,
            0
        ],
        [
            0,
            0,
            0,
            0,
            0,
            0,
            0,
            1,
            0
        ],
        [
            0,
            0,
            0,
            0,
            0,
            0,
            0,
            0,
            1
        ]
    ],
    "constraint_thresholds": [
        0.2,
        0.2,
        0.05,
        0.1
    ],
    "goal": [
        0.0,
        0.0,
        1.0
    ],
    "acceleration": [
        0.03221948288922873,
        0.4090206303917026,
        4.655705912199426
    ],
    "steering": [
        5.473753226878457,
        2.1221933638992745
    ],
    "features": [
        0.0,
        0.0,
        0.3433333333333333,
        11.89325376791488,
        0.21711007709708094,
        0.03,
        0.0,
        0.0,
        0.06666666666666667
    ],
    "feasible": true,
    "env_name": "Intersect-TruncateOnly-v0"
}