{
    "env_name": "IntersectDefensive-TruncateOnly-v0",
    "reward_parameters": [
        10.0,
        0.0,
        0.0,
        -0.0067516647824202025,
        -0.23790346461498224,
        0.0,
        0.0,
        0.0,
        0.0
    ],
    "constraint_parameters": [
        [
            0,
            0,
            0,
            0,
            0,
            1,
            0,
            0,
            0
        ],
        [
            0,
            0,
            0,
            0,
            0,
            0,
            1,
            0,
            0
        ],
        [
            0,
            0,
            0,
            0,
            0,
            0,
            0,
            1,
            0
        ],
        [
            0,
            0,
            0,
            0,
            0,
            0,
            0,
            0,
            1
        ]
    ],
    "constraint_thresholds": [
        0.2,
        0.2,
        0.05,
        0.1
    ],
    "goal": [
        1.0,
        0.0,
        0.0
    ],
    "acceleration": [
        0.02975271021534885,
        0.14537368013082036,
        4.753850271141104
    ],
    "steering": [
        5.074273961754052,
        16.495908288143085
    ],
    "features": [
        0.23,
        0.0,
        0.0,
        10.301115252690558,
        2.6998361872774876,
        0.023333333333333334,
        0.016666666666666666,
        0.0033333333333333335,
        0.04666666666666667
    ],
    "feasible": true
}