{
    "reward_parameters": [
        0.0,
        0.0,
        10.0,
        0.0862081697443583,
        -0.147506043183782,
        0.0,
        0.0,
        0.0,
        0.0
    ],
    "constraint_parameters": [
        [
            0,
            0,
            0,
            0,
            0,
            1,
            0,
            0,
            0
        ],
        [
            0,
            0,
            0,
            0,
            0,
            0,
            1,
            0,
            0
        ],
        [
            0,
            0,
            0,
            0,
            0,
            0,
            0,
            1,
            0
        ],
        [
            0,
            0,
            0,
            0,
            0,
            0,
            0,
            0,
            1
        ]
    ],
    "constraint_thresholds": [
        0.2,
        0.2,
        0.05,
        0.1
    ],
    "goal": [
        0.0,
        0.0,
        1.0
    ],
    "acceleration": [
        0.034471739396305386,
        1.2947508495368094,
        8.393334477893553
    ],
    "steering": [
        5.253000423102733,
        5.659272823368417
    ],
    "features": [
        0.0,
        0.0,
        0.33666666666666667,
        11.36564347427381,
        0.304180353002372,
        0.02,
        0.0,
        0.0,
        0.04
    ],
    "feasible": true,
    "env_name": "Intersect-TruncateOnly-v0"
}