{
    "env_name": "IntersectAggressive-TruncateOnly-v0",
    "reward_parameters": [
        10.0,
        0.0,
        0.0,
        0.02502209852496863,
        -0.3098242782727516,
        0.0,
        0.0,
        0.0,
        0.0
    ],
    "constraint_parameters": [
        [
            0,
            0,
            0,
            0,
            0,
            1,
            0,
            0,
            0
        ],
        [
            0,
            0,
            0,
            0,
            0,
            0,
            1,
            0,
            0
        ],
        [
            0,
            0,
            0,
            0,
            0,
            0,
            0,
            1,
            0
        ],
        [
            0,
            0,
            0,
            0,
            0,
            0,
            0,
            0,
            1
        ]
    ],
    "constraint_thresholds": [
        0.2,
        0.2,
        0.05,
        0.1
    ],
    "goal": [
        1.0,
        0.0,
        0.0
    ],
    "acceleration": [
        0.09501899781173259,
        0.8531216356386528,
        3.6035094320858008
    ],
    "steering": [
        5.0490808107053216,
        6.956611107872794
    ],
    "features": [
        0.17333333333333334,
        0.0,
        0.0,
        9.951602884389315,
        1.3277240807765915,
        0.16666666666666666,
        0.023333333333333334,
        0.04666666666666667,
        0.05333333333333334
    ],
    "feasible": true
}