{
    "env_name": "IntersectAggressive-TruncateOnly-v0",
    "reward_parameters": [
        10.0,
        0.0,
        0.0,
        0.10756157414009193,
        -0.1292895629052581,
        0.0,
        0.0,
        0.0,
        0.0
    ],
    "constraint_parameters": [
        [
            0,
            0,
            0,
            0,
            0,
            1,
            0,
            0,
            0
        ],
        [
            0,
            0,
            0,
            0,
            0,
            0,
            1,
            0,
            0
        ],
        [
            0,
            0,
            0,
            0,
            0,
            0,
            0,
            1,
            0
        ],
        [
            0,
            0,
            0,
            0,
            0,
            0,
            0,
            0,
            1
        ]
    ],
    "constraint_thresholds": [
        0.2,
        0.2,
        0.05,
        0.1
    ],
    "goal": [
        1.0,
        0.0,
        0.0
    ],
    "acceleration": [
        0.0645312974797754,
        0.9828790954587532,
        4.181039410380649
    ],
    "steering": [
        4.914728819318956,
        8.15730405408403
    ],
    "features": [
        0.24333333333333335,
        0.0,
        0.0,
        10.52159808150718,
        2.140292959657735,
        0.2,
        0.03,
        0.03666666666666667,
        0.056666666666666664
    ],
    "feasible": true
}