{
    "reward_parameters": [
        0.0,
        10.0,
        0.0,
        0.2251655729968457,
        -0.27853673936625406,
        0.0,
        0.0,
        0.0,
        0.0
    ],
    "constraint_parameters": [
        [
            0,
            0,
            0,
            0,
            0,
            1,
            0,
            0,
            0
        ],
        [
            0,
            0,
            0,
            0,
            0,
            0,
            1,
            0,
            0
        ],
        [
            0,
            0,
            0,
            0,
            0,
            0,
            0,
            1,
            0
        ],
        [
            0,
            0,
            0,
            0,
            0,
            0,
            0,
            0,
            1
        ]
    ],
    "constraint_thresholds": [
        0.2,
        0.2,
        0.05,
        0.1
    ],
    "goal": [
        0.0,
        1.0,
        0.0
    ],
    "acceleration": [
        0.05959372887545634,
        1.3753983897194244,
        4.466208437958052
    ],
    "steering": [
        5.0131262718937295,
        12.359813707071721
    ],
    "features": [
        0.0,
        0.24,
        0.0,
        10.513316730080392,
        0.15165828883427496,
        0.18,
        0.04,
        0.03333333333333333,
        0.02666666666666667
    ],
    "feasible": true,
    "env_name": "Intersect-TruncateOnly-v0"
}