{
    "env_name": "IntersectDefensive-TruncateOnly-v0",
    "reward_parameters": [
        10.0,
        0.0,
        0.0,
        0.16609439058313524,
        -0.13207341285920404,
        0.0,
        0.0,
        0.0,
        0.0
    ],
    "constraint_parameters": [
        [
            0,
            0,
            0,
            0,
            0,
            1,
            0,
            0,
            0
        ],
        [
            0,
            0,
            0,
            0,
            0,
            0,
            1,
            0,
            0
        ],
        [
            0,
            0,
            0,
            0,
            0,
            0,
            0,
            1,
            0
        ],
        [
            0,
            0,
            0,
            0,
            0,
            0,
            0,
            0,
            1
        ]
    ],
    "constraint_thresholds": [
        0.2,
        0.2,
        0.05,
        0.1
    ],
    "goal": [
        1.0,
        0.0,
        0.0
    ],
    "acceleration": [
        0.06788874193386862,
        1.3814846044054245,
        5.2169951228765505
    ],
    "steering": [
        5.0477082055003875,
        11.294688381515627
    ],
    "features": [
        0.22,
        0.0,
        0.0,
        10.072993313367213,
        1.8246160262531528,
        0.2,
        0.04666666666666667,
        0.04,
        0.06666666666666667
    ],
    "feasible": true
}