{
    "env_name": "IntersectAggressive-TruncateOnly-v0",
    "reward_parameters": [
        0.0,
        0.0,
        10.0,
        0.20417615360327906,
        -0.2760759240796587,
        0.0,
        0.0,
        0.0,
        0.0
    ],
    "constraint_parameters": [
        [
            0,
            0,
            0,
            0,
            0,
            1,
            0,
            0,
            0
        ],
        [
            0,
            0,
            0,
            0,
            0,
            0,
            1,
            0,
            0
        ],
        [
            0,
            0,
            0,
            0,
            0,
            0,
            0,
            1,
            0
        ],
        [
            0,
            0,
            0,
            0,
            0,
            0,
            0,
            0,
            1
        ]
    ],
    "constraint_thresholds": [
        0.2,
        0.2,
        0.05,
        0.1
    ],
    "goal": [
        0.0,
        0.0,
        1.0
    ],
    "acceleration": [
        0.03272578982742508,
        1.05197775198149,
        13.012800783949597
    ],
    "steering": [
        4.859700528763854,
        7.3580486615506935
    ],
    "features": [
        0.0,
        0.0,
        0.35,
        11.544318598068937,
        0.22837397430720335,
        0.01,
        0.0,
        0.0,
        0.03333333333333333
    ],
    "feasible": true
}