{
    "reward_parameters": [
        0.0,
        10.0,
        0.0,
        0.1418710715605046,
        -0.12011483088878705,
        0.0,
        0.0,
        0.0,
        0.0
    ],
    "constraint_parameters": [
        [
            0,
            0,
            0,
            0,
            0,
            1,
            0,
            0,
            0
        ],
        [
            0,
            0,
            0,
            0,
            0,
            0,
            1,
            0,
            0
        ],
        [
            0,
            0,
            0,
            0,
            0,
            0,
            0,
            1,
            0
        ],
        [
            0,
            0,
            0,
            0,
            0,
            0,
            0,
            0,
            1
        ]
    ],
    "constraint_thresholds": [
        0.2,
        0.2,
        0.05,
        0.1
    ],
    "goal": [
        0.0,
        1.0,
        0.0
    ],
    "acceleration": [
        0.034545188488929124,
        0.3476202525893893,
        3.325539627738922
    ],
    "steering": [
        5.328125221204435,
        3.6341762069317802
    ],
    "features": [
        0.0,
        0.22,
        0.0,
        10.76530729438348,
        0.1263786265778055,
        0.07666666666666666,
        0.043333333333333335,
        0.03666666666666667,
        0.043333333333333335
    ],
    "feasible": true,
    "env_name": "Intersect-TruncateOnly-v0"
}