{
    "env_name": "IntersectDefensive-TruncateOnly-v0",
    "reward_parameters": [
        10.0,
        0.0,
        0.0,
        -0.06069718424475054,
        -0.08079874829418639,
        0.0,
        0.0,
        0.0,
        0.0
    ],
    "constraint_parameters": [
        [
            0,
            0,
            0,
            0,
            0,
            1,
            0,
            0,
            0
        ],
        [
            0,
            0,
            0,
            0,
            0,
            0,
            1,
            0,
            0
        ],
        [
            0,
            0,
            0,
            0,
            0,
            0,
            0,
            1,
            0
        ],
        [
            0,
            0,
            0,
            0,
            0,
            0,
            0,
            0,
            1
        ]
    ],
    "constraint_thresholds": [
        0.2,
        0.2,
        0.05,
        0.1
    ],
    "goal": [
        1.0,
        0.0,
        0.0
    ],
    "acceleration": [
        0.046445277009975,
        0.01600113041968021,
        6.54442610577661
    ],
    "steering": [
        4.996813477328221,
        10.50807391493685
    ],
    "features": [
        0.2866666666666667,
        0.0,
        0.0,
        10.796843343252199,
        3.2543370106401732,
        0.14,
        0.04,
        0.03666666666666667,
        0.06333333333333334
    ],
    "feasible": true
}