{
    "env_name": "IntersectDefensive-TruncateOnly-v0",
    "reward_parameters": [
        10.0,
        0.0,
        0.0,
        0.27088772602427647,
        -0.15953063642022758,
        0.0,
        0.0,
        0.0,
        0.0
    ],
    "constraint_parameters": [
        [
            0,
            0,
            0,
            0,
            0,
            1,
            0,
            0,
            0
        ],
        [
            0,
            0,
            0,
            0,
            0,
            0,
            1,
            0,
            0
        ],
        [
            0,
            0,
            0,
            0,
            0,
            0,
            0,
            1,
            0
        ],
        [
            0,
            0,
            0,
            0,
            0,
            0,
            0,
            0,
            1
        ]
    ],
    "constraint_thresholds": [
        0.2,
        0.2,
        0.05,
        0.1
    ],
    "goal": [
        1.0,
        0.0,
        0.0
    ],
    "acceleration": [
        0.05911578287172065,
        1.024843060219618,
        3.3905125172902326
    ],
    "steering": [
        4.902779332696177,
        8.355480089584299
    ],
    "features": [
        0.25,
        0.0,
        0.0,
        10.556279611411524,
        2.963177491677776,
        0.17333333333333334,
        0.013333333333333334,
        0.0,
        0.04666666666666667
    ],
    "feasible": true
}