{
    "env_name": "IntersectAggressive-TruncateOnly-v0",
    "reward_parameters": [
        0.0,
        10.0,
        0.0,
        0.11454500004116211,
        -0.16690620880546583,
        0.0,
        0.0,
        0.0,
        0.0
    ],
    "constraint_parameters": [
        [
            0,
            0,
            0,
            0,
            0,
            1,
            0,
            0,
            0
        ],
        [
            0,
            0,
            0,
            0,
            0,
            0,
            1,
            0,
            0
        ],
        [
            0,
            0,
            0,
            0,
            0,
            0,
            0,
            1,
            0
        ],
        [
            0,
            0,
            0,
            0,
            0,
            0,
            0,
            0,
            1
        ]
    ],
    "constraint_thresholds": [
        0.2,
        0.2,
        0.05,
        0.1
    ],
    "goal": [
        0.0,
        1.0,
        0.0
    ],
    "acceleration": [
        0.04459770933595797,
        1.1912933157330998,
        3.832860974830999
    ],
    "steering": [
        5.225159844069245,
        8.13399158683736
    ],
    "features": [
        0.0,
        0.2866666666666667,
        0.0,
        11.033792499111879,
        0.2247386418783841,
        0.11666666666666667,
        0.0033333333333333335,
        0.05,
        0.04
    ],
    "feasible": true
}