{
    "env_name": "IntersectDefensive-TruncateOnly-v0",
    "reward_parameters": [
        10.0,
        0.0,
        0.0,
        -0.020878386520487055,
        -0.22381872152252688,
        0.0,
        0.0,
        0.0,
        0.0
    ],
    "constraint_parameters": [
        [
            0,
            0,
            0,
            0,
            0,
            1,
            0,
            0,
            0
        ],
        [
            0,
            0,
            0,
            0,
            0,
            0,
            1,
            0,
            0
        ],
        [
            0,
            0,
            0,
            0,
            0,
            0,
            0,
            1,
            0
        ],
        [
            0,
            0,
            0,
            0,
            0,
            0,
            0,
            0,
            1
        ]
    ],
    "constraint_thresholds": [
        0.2,
        0.2,
        0.05,
        0.1
    ],
    "goal": [
        1.0,
        0.0,
        0.0
    ],
    "acceleration": [
        0.062093762750715875,
        1.0800378258760865,
        5.54990339390435
    ],
    "steering": [
        4.860616376944233,
        12.7311419193366
    ],
    "features": [
        0.19666666666666666,
        0.0,
        0.0,
        9.754362356943426,
        2.169095391333873,
        0.10333333333333333,
        0.016666666666666666,
        0.04,
        0.013333333333333334
    ],
    "feasible": true
}