{
    "env_name": "IntersectDefensive-TruncateOnly-v0",
    "reward_parameters": [
        0.0,
        0.0,
        10.0,
        0.16367372912212877,
        -0.32146320165913245,
        0.0,
        0.0,
        0.0,
        0.0
    ],
    "constraint_parameters": [
        [
            0,
            0,
            0,
            0,
            0,
            1,
            0,
            0,
            0
        ],
        [
            0,
            0,
            0,
            0,
            0,
            0,
            1,
            0,
            0
        ],
        [
            0,
            0,
            0,
            0,
            0,
            0,
            0,
            1,
            0
        ],
        [
            0,
            0,
            0,
            0,
            0,
            0,
            0,
            0,
            1
        ]
    ],
    "constraint_thresholds": [
        0.2,
        0.2,
        0.05,
        0.1
    ],
    "goal": [
        0.0,
        0.0,
        1.0
    ],
    "acceleration": [
        0.04402345589806004,
        0.3247486143292996,
        4.029814216540361
    ],
    "steering": [
        5.065466011726171,
        18.207303797685775
    ],
    "features": [
        0.0,
        0.0,
        0.34,
        11.80217405253802,
        0.5485318998527329,
        0.12333333333333334,
        0.0,
        0.04,
        0.05
    ],
    "feasible": true
}