{
    "reward_parameters": [
        0.0,
        10.0,
        0.0,
        -0.05674940485023411,
        -0.30461360383060093,
        0.0,
        0.0,
        0.0,
        0.0
    ],
    "constraint_parameters": [
        [
            0,
            0,
            0,
            0,
            0,
            1,
            0,
            0,
            0
        ],
        [
            0,
            0,
            0,
            0,
            0,
            0,
            1,
            0,
            0
        ],
        [
            0,
            0,
            0,
            0,
            0,
            0,
            0,
            1,
            0
        ],
        [
            0,
            0,
            0,
            0,
            0,
            0,
            0,
            0,
            1
        ]
    ],
    "constraint_thresholds": [
        0.2,
        0.2,
        0.05,
        0.1
    ],
    "goal": [
        0.0,
        1.0,
        0.0
    ],
    "acceleration": [
        0.0483453022020815,
        0.6950774027090948,
        8.551882164716167
    ],
    "steering": [
        5.278682531440522,
        12.742692305947124
    ],
    "features": [
        0.0,
        0.18666666666666668,
        0.0,
        9.248526555004947,
        0.12587849405982274,
        0.09666666666666666,
        0.05333333333333334,
        0.03333333333333333,
        0.02666666666666667
    ],
    "feasible": true,
    "env_name": "Intersect-TruncateOnly-v0"
}