{
    "reward_parameters": [
        0.0,
        0.0,
        10.0,
        0.22919763494712175,
        -0.12869388443553678,
        0.0,
        0.0,
        0.0,
        0.0
    ],
    "constraint_parameters": [
        [
            0,
            0,
            0,
            0,
            0,
            1,
            0,
            0,
            0
        ],
        [
            0,
            0,
            0,
            0,
            0,
            0,
            1,
            0,
            0
        ],
        [
            0,
            0,
            0,
            0,
            0,
            0,
            0,
            1,
            0
        ],
        [
            0,
            0,
            0,
            0,
            0,
            0,
            0,
            0,
            1
        ]
    ],
    "constraint_thresholds": [
        0.2,
        0.2,
        0.05,
        0.1
    ],
    "goal": [
        0.0,
        0.0,
        1.0
    ],
    "acceleration": [
        0.03603385335723529,
        0.6767793569295506,
        1.6936506237856557
    ],
    "steering": [
        4.658194346390251,
        7.972517287045482
    ],
    "features": [
        0.0,
        0.0,
        0.34,
        11.596349619061748,
        0.21742422705705583,
        0.023333333333333334,
        0.0,
        0.0,
        0.03333333333333333
    ],
    "feasible": true,
    "env_name": "Intersect-TruncateOnly-v0"
}