{
    "env_name": "IntersectDefensive-TruncateOnly-v0",
    "reward_parameters": [
        0.0,
        0.0,
        10.0,
        0.09737298694170003,
        -0.1516493153464708,
        0.0,
        0.0,
        0.0,
        0.0
    ],
    "constraint_parameters": [
        [
            0,
            0,
            0,
            0,
            0,
            1,
            0,
            0,
            0
        ],
        [
            0,
            0,
            0,
            0,
            0,
            0,
            1,
            0,
            0
        ],
        [
            0,
            0,
            0,
            0,
            0,
            0,
            0,
            1,
            0
        ],
        [
            0,
            0,
            0,
            0,
            0,
            0,
            0,
            0,
            1
        ]
    ],
    "constraint_thresholds": [
        0.2,
        0.2,
        0.05,
        0.1
    ],
    "goal": [
        0.0,
        0.0,
        1.0
    ],
    "acceleration": [
        0.04998638578883464,
        -0.17938653764536544,
        4.338911652154322
    ],
    "steering": [
        5.166881173986212,
        10.81023390561176
    ],
    "features": [
        0.0,
        0.0,
        0.33,
        12.306352689244674,
        0.2348760293600478,
        0.2,
        0.0,
        0.0,
        0.03
    ],
    "feasible": true
}