{
    "reward_parameters": [
        10.0,
        0.0,
        0.0,
        0.07279240182420249,
        -0.26366417275398935,
        0.0,
        0.0,
        0.0,
        0.0
    ],
    "constraint_parameters": [
        [
            0,
            0,
            0,
            0,
            0,
            1,
            0,
            0,
            0
        ],
        [
            0,
            0,
            0,
            0,
            0,
            0,
            1,
            0,
            0
        ],
        [
            0,
            0,
            0,
            0,
            0,
            0,
            0,
            1,
            0
        ],
        [
            0,
            0,
            0,
            0,
            0,
            0,
            0,
            0,
            1
        ]
    ],
    "constraint_thresholds": [
        0.2,
        0.2,
        0.05,
        0.1
    ],
    "goal": [
        1.0,
        0.0,
        0.0
    ],
    "acceleration": [
        0.062341275806878024,
        0.6677757384356453,
        2.946636835504269
    ],
    "steering": [
        4.886153169307105,
        11.352714076770464
    ],
    "features": [
        0.25,
        0.0,
        0.0,
        11.16769878218273,
        2.7672224293256513,
        0.16333333333333333,
        0.0033333333333333335,
        0.04,
        0.03333333333333333
    ],
    "feasible": true,
    "env_name": "Intersect-TruncateOnly-v0"
}