{
    "env_name": "IntersectAggressive-TruncateOnly-v0",
    "reward_parameters": [
        10.0,
        0.0,
        0.0,
        0.09952148992706669,
        -0.42906458962367955,
        0.0,
        0.0,
        0.0,
        0.0
    ],
    "constraint_parameters": [
        [
            0,
            0,
            0,
            0,
            0,
            1,
            0,
            0,
            0
        ],
        [
            0,
            0,
            0,
            0,
            0,
            0,
            1,
            0,
            0
        ],
        [
            0,
            0,
            0,
            0,
            0,
            0,
            0,
            1,
            0
        ],
        [
            0,
            0,
            0,
            0,
            0,
            0,
            0,
            0,
            1
        ]
    ],
    "constraint_thresholds": [
        0.2,
        0.2,
        0.05,
        0.1
    ],
    "goal": [
        1.0,
        0.0,
        0.0
    ],
    "acceleration": [
        0.11506184950780807,
        1.3175913513766446,
        4.484871439760012
    ],
    "steering": [
        5.042984809526432,
        9.56349902545852
    ],
    "features": [
        0.19,
        0.0,
        0.0,
        10.539131046830832,
        1.6576989030964004,
        0.19333333333333333,
        0.016666666666666666,
        0.04666666666666667,
        0.03666666666666667
    ],
    "feasible": true
}