{
    "env_name": "IntersectAggressive-TruncateOnly-v0",
    "reward_parameters": [
        0.0,
        10.0,
        0.0,
        0.08050189303976076,
        -0.2466795235281679,
        0.0,
        0.0,
        0.0,
        0.0
    ],
    "constraint_parameters": [
        [
            0,
            0,
            0,
            0,
            0,
            1,
            0,
            0,
            0
        ],
        [
            0,
            0,
            0,
            0,
            0,
            0,
            1,
            0,
            0
        ],
        [
            0,
            0,
            0,
            0,
            0,
            0,
            0,
            1,
            0
        ],
        [
            0,
            0,
            0,
            0,
            0,
            0,
            0,
            0,
            1
        ]
    ],
    "constraint_thresholds": [
        0.2,
        0.2,
        0.05,
        0.1
    ],
    "goal": [
        0.0,
        1.0,
        0.0
    ],
    "acceleration": [
        0.048750578946232914,
        0.3871201973903876,
        4.356382502624877
    ],
    "steering": [
        5.246506745479113,
        1.9815853615444663
    ],
    "features": [
        0.0,
        0.24333333333333335,
        0.0,
        10.647973572541183,
        0.1519787418673532,
        0.13666666666666666,
        0.013333333333333334,
        0.04,
        0.056666666666666664
    ],
    "feasible": true
}