{
    "env_name": "IntersectAggressive-TruncateOnly-v0",
    "reward_parameters": [
        0.0,
        10.0,
        0.0,
        0.0328101804595079,
        -0.4069819912817201,
        0.0,
        0.0,
        0.0,
        0.0
    ],
    "constraint_parameters": [
        [
            0,
            0,
            0,
            0,
            0,
            1,
            0,
            0,
            0
        ],
        [
            0,
            0,
            0,
            0,
            0,
            0,
            1,
            0,
            0
        ],
        [
            0,
            0,
            0,
            0,
            0,
            0,
            0,
            1,
            0
        ],
        [
            0,
            0,
            0,
            0,
            0,
            0,
            0,
            0,
            1
        ]
    ],
    "constraint_thresholds": [
        0.2,
        0.2,
        0.05,
        0.1
    ],
    "goal": [
        0.0,
        1.0,
        0.0
    ],
    "acceleration": [
        0.04930732126084069,
        1.4790669263803604,
        4.104990481332827
    ],
    "steering": [
        4.986658362013561,
        5.198602007428153
    ],
    "features": [
        0.0,
        0.24,
        0.0,
        10.23745591023963,
        0.2176504395874093,
        0.1,
        0.013333333333333334,
        0.04,
        0.023333333333333334
    ],
    "feasible": true
}