{
    "env_name": "IntersectAggressive-TruncateOnly-v0",
    "reward_parameters": [
        0.0,
        0.0,
        10.0,
        0.16215602615516778,
        -0.19509936709020773,
        0.0,
        0.0,
        0.0,
        0.0
    ],
    "constraint_parameters": [
        [
            0,
            0,
            0,
            0,
            0,
            1,
            0,
            0,
            0
        ],
        [
            0,
            0,
            0,
            0,
            0,
            0,
            1,
            0,
            0
        ],
        [
            0,
            0,
            0,
            0,
            0,
            0,
            0,
            1,
            0
        ],
        [
            0,
            0,
            0,
            0,
            0,
            0,
            0,
            0,
            1
        ]
    ],
    "constraint_thresholds": [
        0.2,
        0.2,
        0.05,
        0.1
    ],
    "goal": [
        0.0,
        0.0,
        1.0
    ],
    "acceleration": [
        0.03763835404399821,
        1.248667665187386,
        1.2283272378955408
    ],
    "steering": [
        4.932321628635862,
        10.687080226040324
    ],
    "features": [
        0.0,
        0.0,
        0.33666666666666667,
        11.364496134539479,
        0.31205059254146206,
        0.07,
        0.006666666666666667,
        0.03666666666666667,
        0.04666666666666667
    ],
    "feasible": true
}