{
    "env_name": "IntersectAggressive-TruncateOnly-v0",
    "reward_parameters": [
        10.0,
        0.0,
        0.0,
        0.09280520776854004,
        -0.12853613620881843,
        0.0,
        0.0,
        0.0,
        0.0
    ],
    "constraint_parameters": [
        [
            0,
            0,
            0,
            0,
            0,
            1,
            0,
            0,
            0
        ],
        [
            0,
            0,
            0,
            0,
            0,
            0,
            1,
            0,
            0
        ],
        [
            0,
            0,
            0,
            0,
            0,
            0,
            0,
            1,
            0
        ],
        [
            0,
            0,
            0,
            0,
            0,
            0,
            0,
            0,
            1
        ]
    ],
    "constraint_thresholds": [
        0.2,
        0.2,
        0.05,
        0.1
    ],
    "goal": [
        1.0,
        0.0,
        0.0
    ],
    "acceleration": [
        0.03936254760399847,
        0.47264818293305016,
        3.2403668629536
    ],
    "steering": [
        4.771833116106134,
        12.061645267344717
    ],
    "features": [
        0.19,
        0.0,
        0.0,
        9.905076172553265,
        2.8326075480708206,
        0.08,
        0.006666666666666667,
        0.03333333333333333,
        0.05333333333333334
    ],
    "feasible": true
}