{
    "reward_parameters": [
        10.0,
        0.0,
        0.0,
        0.0753132986932481,
        -0.3240179003927955,
        0.0,
        0.0,
        0.0,
        0.0
    ],
    "constraint_parameters": [
        [
            0,
            0,
            0,
            0,
            0,
            1,
            0,
            0,
            0
        ],
        [
            0,
            0,
            0,
            0,
            0,
            0,
            1,
            0,
            0
        ],
        [
            0,
            0,
            0,
            0,
            0,
            0,
            0,
            1,
            0
        ],
        [
            0,
            0,
            0,
            0,
            0,
            0,
            0,
            0,
            1
        ]
    ],
    "constraint_thresholds": [
        0.2,
        0.2,
        0.05,
        0.1
    ],
    "goal": [
        1.0,
        0.0,
        0.0
    ],
    "acceleration": [
        0.04848872863313371,
        -0.3316262876989434,
        4.294859570555761
    ],
    "steering": [
        5.140068725961765,
        10.534443759710634
    ],
    "features": [
        0.29333333333333333,
        0.0,
        0.0,
        10.822059305836333,
        3.262996599386816,
        0.14,
        0.006666666666666667,
        0.03666666666666667,
        0.07
    ],
    "feasible": true,
    "env_name": "Intersect-TruncateOnly-v0"
}