{
    "reward_parameters": [
        10.0,
        0.0,
        0.0,
        -0.08809340931151971,
        -0.3044730765839784,
        0.0,
        0.0,
        0.0,
        0.0
    ],
    "constraint_parameters": [
        [
            0,
            0,
            0,
            0,
            0,
            1,
            0,
            0,
            0
        ],
        [
            0,
            0,
            0,
            0,
            0,
            0,
            1,
            0,
            0
        ],
        [
            0,
            0,
            0,
            0,
            0,
            0,
            0,
            1,
            0
        ],
        [
            0,
            0,
            0,
            0,
            0,
            0,
            0,
            0,
            1
        ]
    ],
    "constraint_thresholds": [
        0.2,
        0.2,
        0.05,
        0.1
    ],
    "goal": [
        1.0,
        0.0,
        0.0
    ],
    "acceleration": [
        0.061690509620225986,
        0.9800388520056248,
        4.849420376590109
    ],
    "steering": [
        4.987039849499255,
        11.09958666302161
    ],
    "features": [
        0.22333333333333333,
        0.0,
        0.0,
        10.435839269543438,
        1.7739952754217123,
        0.13333333333333333,
        0.016666666666666666,
        0.043333333333333335,
        0.08666666666666667
    ],
    "feasible": true,
    "env_name": "Intersect-TruncateOnly-v0"
}