{
    "env_name": "IntersectAggressive-TruncateOnly-v0",
    "reward_parameters": [
        10.0,
        0.0,
        0.0,
        0.2720067371044719,
        -0.162396810714048,
        0.0,
        0.0,
        0.0,
        0.0
    ],
    "constraint_parameters": [
        [
            0,
            0,
            0,
            0,
            0,
            1,
            0,
            0,
            0
        ],
        [
            0,
            0,
            0,
            0,
            0,
            0,
            1,
            0,
            0
        ],
        [
            0,
            0,
            0,
            0,
            0,
            0,
            0,
            1,
            0
        ],
        [
            0,
            0,
            0,
            0,
            0,
            0,
            0,
            0,
            1
        ]
    ],
    "constraint_thresholds": [
        0.2,
        0.2,
        0.05,
        0.1
    ],
    "goal": [
        1.0,
        0.0,
        0.0
    ],
    "acceleration": [
        0.06083503963381408,
        0.22203697465601008,
        4.662252743883095
    ],
    "steering": [
        5.409263919598427,
        6.681151759686937
    ],
    "features": [
        0.21,
        0.0,
        0.0,
        9.821854218143839,
        3.1144897860615246,
        0.14333333333333334,
        0.043333333333333335,
        0.04,
        0.06333333333333334
    ],
    "feasible": true
}