{
    "reward_parameters": [
        10.0,
        0.0,
        0.0,
        0.10937729638092492,
        -0.11580405067064055,
        0.0,
        0.0,
        0.0,
        0.0
    ],
    "constraint_parameters": [
        [
            0,
            0,
            0,
            0,
            0,
            1,
            0,
            0,
            0
        ],
        [
            0,
            0,
            0,
            0,
            0,
            0,
            1,
            0,
            0
        ],
        [
            0,
            0,
            0,
            0,
            0,
            0,
            0,
            1,
            0
        ],
        [
            0,
            0,
            0,
            0,
            0,
            0,
            0,
            0,
            1
        ]
    ],
    "constraint_thresholds": [
        0.2,
        0.2,
        0.05,
        0.1
    ],
    "goal": [
        1.0,
        0.0,
        0.0
    ],
    "acceleration": [
        0.07236499346501149,
        1.3735970634528687,
        7.4608873696176525
    ],
    "steering": [
        4.480073072494759,
        9.743430433658649
    ],
    "features": [
        0.22333333333333333,
        0.0,
        0.0,
        10.223637217713067,
        1.8789637618593664,
        0.19666666666666666,
        0.05,
        0.04666666666666667,
        0.07
    ],
    "feasible": true,
    "env_name": "Intersect-TruncateOnly-v0"
}