{
    "env_name": "IntersectDefensive-TruncateOnly-v0",
    "reward_parameters": [
        10.0,
        0.0,
        0.0,
        0.18518103059232088,
        -0.23251530350311597,
        0.0,
        0.0,
        0.0,
        0.0
    ],
    "constraint_parameters": [
        [
            0,
            0,
            0,
            0,
            0,
            1,
            0,
            0,
            0
        ],
        [
            0,
            0,
            0,
            0,
            0,
            0,
            1,
            0,
            0
        ],
        [
            0,
            0,
            0,
            0,
            0,
            0,
            0,
            1,
            0
        ],
        [
            0,
            0,
            0,
            0,
            0,
            0,
            0,
            0,
            1
        ]
    ],
    "constraint_thresholds": [
        0.2,
        0.2,
        0.05,
        0.1
    ],
    "goal": [
        1.0,
        0.0,
        0.0
    ],
    "acceleration": [
        0.0594866179622821,
        0.15904765361883816,
        5.021894274959157
    ],
    "steering": [
        4.995816744760029,
        8.497763634447494
    ],
    "features": [
        0.22333333333333333,
        0.0,
        0.0,
        10.179281393835428,
        2.6351383142882874,
        0.15666666666666668,
        0.03666666666666667,
        0.03666666666666667,
        0.03666666666666667
    ],
    "feasible": true
}