{
    "env_name": "IntersectAggressive-TruncateOnly-v0",
    "reward_parameters": [
        0.0,
        0.0,
        10.0,
        0.15279650901885114,
        -0.18831547961318987,
        0.0,
        0.0,
        0.0,
        0.0
    ],
    "constraint_parameters": [
        [
            0,
            0,
            0,
            0,
            0,
            1,
            0,
            0,
            0
        ],
        [
            0,
            0,
            0,
            0,
            0,
            0,
            1,
            0,
            0
        ],
        [
            0,
            0,
            0,
            0,
            0,
            0,
            0,
            1,
            0
        ],
        [
            0,
            0,
            0,
            0,
            0,
            0,
            0,
            0,
            1
        ]
    ],
    "constraint_thresholds": [
        0.2,
        0.2,
        0.05,
        0.1
    ],
    "goal": [
        0.0,
        0.0,
        1.0
    ],
    "acceleration": [
        0.031441025283277,
        2.0387362697875115,
        7.064031500996386
    ],
    "steering": [
        4.565869757558145,
        8.638321123930114
    ],
    "features": [
        0.0,
        0.0,
        0.3466666666666667,
        11.33080208871454,
        0.2610201452427703,
        0.02,
        0.0,
        0.0,
        0.043333333333333335
    ],
    "feasible": true
}