{
    "reward_parameters": [
        0.0,
        0.0,
        10.0,
        0.07279240182420249,
        -0.26366417275398935,
        0.0,
        0.0,
        0.0,
        0.0
    ],
    "constraint_parameters": [
        [
            0,
            0,
            0,
            0,
            0,
            1,
            0,
            0,
            0
        ],
        [
            0,
            0,
            0,
            0,
            0,
            0,
            1,
            0,
            0
        ],
        [
            0,
            0,
            0,
            0,
            0,
            0,
            0,
            1,
            0
        ],
        [
            0,
            0,
            0,
            0,
            0,
            0,
            0,
            0,
            1
        ]
    ],
    "constraint_thresholds": [
        0.2,
        0.2,
        0.05,
        0.1
    ],
    "goal": [
        0.0,
        0.0,
        1.0
    ],
    "acceleration": [
        0.026728908371419065,
        0.42917962156584377,
        7.053909418777373
    ],
    "steering": [
        4.888187257018087,
        10.750141205934112
    ],
    "features": [
        0.0,
        0.0,
        0.32666666666666666,
        11.336004100698775,
        0.2980040861659809,
        0.0,
        0.03,
        0.02666666666666667,
        0.04
    ],
    "feasible": true,
    "env_name": "Intersect-TruncateOnly-v0"
}