{
    "env_name": "IntersectAggressive-TruncateOnly-v0",
    "reward_parameters": [
        0.0,
        0.0,
        10.0,
        0.02545389407081429,
        -0.20167424570925588,
        0.0,
        0.0,
        0.0,
        0.0
    ],
    "constraint_parameters": [
        [
            0,
            0,
            0,
            0,
            0,
            1,
            0,
            0,
            0
        ],
        [
            0,
            0,
            0,
            0,
            0,
            0,
            1,
            0,
            0
        ],
        [
            0,
            0,
            0,
            0,
            0,
            0,
            0,
            1,
            0
        ],
        [
            0,
            0,
            0,
            0,
            0,
            0,
            0,
            0,
            1
        ]
    ],
    "constraint_thresholds": [
        0.2,
        0.2,
        0.05,
        0.1
    ],
    "goal": [
        0.0,
        0.0,
        1.0
    ],
    "acceleration": [
        0.04967386216411601,
        0.8495741567050845,
        6.671521306234582
    ],
    "steering": [
        4.923850629045674,
        6.8474776760892935
    ],
    "features": [
        0.0,
        0.0,
        0.3466666666666667,
        11.47738440421453,
        0.16892210088776818,
        0.16,
        0.01,
        0.0,
        0.04
    ],
    "feasible": true
}