{
    "env_name": "IntersectAggressive-TruncateOnly-v0",
    "reward_parameters": [
        0.0,
        0.0,
        10.0,
        0.2578732721717185,
        -0.3077239678636142,
        0.0,
        0.0,
        0.0,
        0.0
    ],
    "constraint_parameters": [
        [
            0,
            0,
            0,
            0,
            0,
            1,
            0,
            0,
            0
        ],
        [
            0,
            0,
            0,
            0,
            0,
            0,
            1,
            0,
            0
        ],
        [
            0,
            0,
            0,
            0,
            0,
            0,
            0,
            1,
            0
        ],
        [
            0,
            0,
            0,
            0,
            0,
            0,
            0,
            0,
            1
        ]
    ],
    "constraint_thresholds": [
        0.2,
        0.2,
        0.05,
        0.1
    ],
    "goal": [
        0.0,
        0.0,
        1.0
    ],
    "acceleration": [
        0.03767285532806206,
        1.049362936868398,
        3.4629173862602545
    ],
    "steering": [
        4.9666347642292115,
        15.206058448907363
    ],
    "features": [
        0.0,
        0.0,
        0.33666666666666667,
        11.628924327937906,
        0.5378114209154091,
        0.10333333333333333,
        0.006666666666666667,
        0.0,
        0.06333333333333334
    ],
    "feasible": true
}