{
    "env_name": "IntersectDefensive-TruncateOnly-v0",
    "reward_parameters": [
        0.0,
        10.0,
        0.0,
        0.26200911357401624,
        -0.42854271024120266,
        0.0,
        0.0,
        0.0,
        0.0
    ],
    "constraint_parameters": [
        [
            0,
            0,
            0,
            0,
            0,
            1,
            0,
            0,
            0
        ],
        [
            0,
            0,
            0,
            0,
            0,
            0,
            1,
            0,
            0
        ],
        [
            0,
            0,
            0,
            0,
            0,
            0,
            0,
            1,
            0
        ],
        [
            0,
            0,
            0,
            0,
            0,
            0,
            0,
            0,
            1
        ]
    ],
    "constraint_thresholds": [
        0.2,
        0.2,
        0.05,
        0.1
    ],
    "goal": [
        0.0,
        1.0,
        0.0
    ],
    "acceleration": [
        0.05003172756898455,
        0.8212215521453279,
        8.656067548565078
    ],
    "steering": [
        4.696144323133784,
        6.800061344562093
    ],
    "features": [
        0.0,
        0.2833333333333333,
        0.0,
        11.810159521688293,
        0.1646218884717463,
        0.19333333333333333,
        0.006666666666666667,
        0.0,
        0.04
    ],
    "feasible": true
}