{
    "reward_parameters": [
        0.0,
        10.0,
        0.0,
        -0.0453354170580656,
        -0.17035358640862577,
        0.0,
        0.0,
        0.0,
        0.0
    ],
    "constraint_parameters": [
        [
            0,
            0,
            0,
            0,
            0,
            1,
            0,
            0,
            0
        ],
        [
            0,
            0,
            0,
            0,
            0,
            0,
            1,
            0,
            0
        ],
        [
            0,
            0,
            0,
            0,
            0,
            0,
            0,
            1,
            0
        ],
        [
            0,
            0,
            0,
            0,
            0,
            0,
            0,
            0,
            1
        ]
    ],
    "constraint_thresholds": [
        0.2,
        0.2,
        0.05,
        0.1
    ],
    "goal": [
        0.0,
        1.0,
        0.0
    ],
    "acceleration": [
        0.031179595673579166,
        1.0859613228938219,
        3.2234952542716133
    ],
    "steering": [
        4.859216119974219,
        6.406495520638822
    ],
    "features": [
        0.0,
        0.22333333333333333,
        0.0,
        9.666872595856463,
        0.17613675272615104,
        0.01,
        0.04666666666666667,
        0.05,
        0.013333333333333334
    ],
    "feasible": true,
    "env_name": "Intersect-TruncateOnly-v0"
}