{
    "reward_parameters": [
        10.0,
        0.0,
        0.0,
        0.2118122596593243,
        -0.015184925803007843,
        0.0,
        0.0,
        0.0,
        0.0
    ],
    "constraint_parameters": [
        [
            0,
            0,
            0,
            0,
            0,
            1,
            0,
            0,
            0
        ],
        [
            0,
            0,
            0,
            0,
            0,
            0,
            1,
            0,
            0
        ],
        [
            0,
            0,
            0,
            0,
            0,
            0,
            0,
            1,
            0
        ],
        [
            0,
            0,
            0,
            0,
            0,
            0,
            0,
            0,
            1
        ]
    ],
    "constraint_thresholds": [
        0.2,
        0.2,
        0.05,
        0.1
    ],
    "goal": [
        1.0,
        0.0,
        0.0
    ],
    "acceleration": [
        0.3,
        0.3,
        2.0
    ],
    "steering": [
        5.0,
        8.333333333333334
    ],
    "features": [
        0.16333333333333333,
        0.0,
        0.0,
        11.712164079459697,
        1.5365759012741058,
        0.3233333333333333,
        0.09333333333333334,
        0.11,
        0.02
    ],
    "feasible": true,
    "env_name": "Intersect-TruncateOnly-v0"
}