{
    "env_name": "IntersectDefensive-TruncateOnly-v0",
    "reward_parameters": [
        0.0,
        10.0,
        0.0,
        -0.07311827542890706,
        -0.124468161076798,
        0.0,
        0.0,
        0.0,
        0.0
    ],
    "constraint_parameters": [
        [
            0,
            0,
            0,
            0,
            0,
            1,
            0,
            0,
            0
        ],
        [
            0,
            0,
            0,
            0,
            0,
            0,
            1,
            0,
            0
        ],
        [
            0,
            0,
            0,
            0,
            0,
            0,
            0,
            1,
            0
        ],
        [
            0,
            0,
            0,
            0,
            0,
            0,
            0,
            0,
            1
        ]
    ],
    "constraint_thresholds": [
        0.2,
        0.2,
        0.05,
        0.1
    ],
    "goal": [
        0.0,
        1.0,
        0.0
    ],
    "acceleration": [
        0.05455561633576179,
        0.4515516510153943,
        2.8415666334726164
    ],
    "steering": [
        4.653556668667776,
        11.973372819154001
    ],
    "features": [
        0.0,
        0.25,
        0.0,
        10.894938438109465,
        0.3273486287707584,
        0.19,
        0.006666666666666667,
        0.03333333333333333,
        0.03
    ],
    "feasible": true
}