{
    "env_name": "IntersectDefensive-TruncateOnly-v0",
    "reward_parameters": [
        10.0,
        0.0,
        0.0,
        0.16623719654523345,
        -0.283239235013598,
        0.0,
        0.0,
        0.0,
        0.0
    ],
    "constraint_parameters": [
        [
            0,
            0,
            0,
            0,
            0,
            1,
            0,
            0,
            0
        ],
        [
            0,
            0,
            0,
            0,
            0,
            0,
            1,
            0,
            0
        ],
        [
            0,
            0,
            0,
            0,
            0,
            0,
            0,
            1,
            0
        ],
        [
            0,
            0,
            0,
            0,
            0,
            0,
            0,
            0,
            1
        ]
    ],
    "constraint_thresholds": [
        0.2,
        0.2,
        0.05,
        0.1
    ],
    "goal": [
        1.0,
        0.0,
        0.0
    ],
    "acceleration": [
        0.06487593785943699,
        0.28091706790152426,
        3.40315892302306
    ],
    "steering": [
        5.423467227371031,
        4.146391684104337
    ],
    "features": [
        0.23,
        0.0,
        0.0,
        9.228879931469,
        2.929748187378274,
        0.14,
        0.06666666666666667,
        0.04,
        0.08666666666666667
    ],
    "feasible": true
}