{
    "env_name": "IntersectAggressive-TruncateOnly-v0",
    "reward_parameters": [
        0.0,
        10.0,
        0.0,
        0.2393162035088011,
        -0.13708321103239202,
        0.0,
        0.0,
        0.0,
        0.0
    ],
    "constraint_parameters": [
        [
            0,
            0,
            0,
            0,
            0,
            1,
            0,
            0,
            0
        ],
        [
            0,
            0,
            0,
            0,
            0,
            0,
            1,
            0,
            0
        ],
        [
            0,
            0,
            0,
            0,
            0,
            0,
            0,
            1,
            0
        ],
        [
            0,
            0,
            0,
            0,
            0,
            0,
            0,
            0,
            1
        ]
    ],
    "constraint_thresholds": [
        0.2,
        0.2,
        0.05,
        0.1
    ],
    "goal": [
        0.0,
        1.0,
        0.0
    ],
    "acceleration": [
        0.050721383749607066,
        0.48200388032054653,
        7.927831323800476
    ],
    "steering": [
        4.777380831382289,
        7.428180782085361
    ],
    "features": [
        0.0,
        0.25333333333333335,
        0.0,
        11.135260686690556,
        0.23701438511064798,
        0.17666666666666667,
        0.013333333333333334,
        0.04,
        0.04
    ],
    "feasible": true
}