{
    "env_name": "IntersectDefensive-TruncateOnly-v0",
    "reward_parameters": [
        10.0,
        0.0,
        0.0,
        0.09853919113394498,
        -0.23280813978454806,
        0.0,
        0.0,
        0.0,
        0.0
    ],
    "constraint_parameters": [
        [
            0,
            0,
            0,
            0,
            0,
            1,
            0,
            0,
            0
        ],
        [
            0,
            0,
            0,
            0,
            0,
            0,
            1,
            0,
            0
        ],
        [
            0,
            0,
            0,
            0,
            0,
            0,
            0,
            1,
            0
        ],
        [
            0,
            0,
            0,
            0,
            0,
            0,
            0,
            0,
            1
        ]
    ],
    "constraint_thresholds": [
        0.2,
        0.2,
        0.05,
        0.1
    ],
    "goal": [
        1.0,
        0.0,
        0.0
    ],
    "acceleration": [
        0.03934217841028395,
        0.3555029939912985,
        6.890557649041652
    ],
    "steering": [
        5.112532784459984,
        12.837190693177691
    ],
    "features": [
        0.22333333333333333,
        0.0,
        0.0,
        9.382585070159639,
        3.285948248266898,
        0.03666666666666667,
        0.006666666666666667,
        0.03666666666666667,
        0.09666666666666666
    ],
    "feasible": true
}