{
    "env_name": "IntersectDefensive-TruncateOnly-v0",
    "reward_parameters": [
        0.0,
        0.0,
        10.0,
        0.0765314444732674,
        -0.10698059877765964,
        0.0,
        0.0,
        0.0,
        0.0
    ],
    "constraint_parameters": [
        [
            0,
            0,
            0,
            0,
            0,
            1,
            0,
            0,
            0
        ],
        [
            0,
            0,
            0,
            0,
            0,
            0,
            1,
            0,
            0
        ],
        [
            0,
            0,
            0,
            0,
            0,
            0,
            0,
            1,
            0
        ],
        [
            0,
            0,
            0,
            0,
            0,
            0,
            0,
            0,
            1
        ]
    ],
    "constraint_thresholds": [
        0.2,
        0.2,
        0.05,
        0.1
    ],
    "goal": [
        0.0,
        0.0,
        1.0
    ],
    "acceleration": [
        0.030499842754208036,
        0.41487361127203803,
        6.569449698127231
    ],
    "steering": [
        4.508044334251657,
        7.410219293754569
    ],
    "features": [
        0.0,
        0.0,
        0.34,
        11.589336937831122,
        0.21942069935263334,
        0.013333333333333334,
        0.03666666666666667,
        0.03666666666666667,
        0.04
    ],
    "feasible": true
}