{
    "reward_parameters": [
        0.0,
        10.0,
        0.0,
        0.200790117445255,
        -0.2557526394626356,
        0.0,
        0.0,
        0.0,
        0.0
    ],
    "constraint_parameters": [
        [
            0,
            0,
            0,
            0,
            0,
            1,
            0,
            0,
            0
        ],
        [
            0,
            0,
            0,
            0,
            0,
            0,
            1,
            0,
            0
        ],
        [
            0,
            0,
            0,
            0,
            0,
            0,
            0,
            1,
            0
        ],
        [
            0,
            0,
            0,
            0,
            0,
            0,
            0,
            0,
            1
        ]
    ],
    "constraint_thresholds": [
        0.2,
        0.2,
        0.05,
        0.1
    ],
    "goal": [
        0.0,
        1.0,
        0.0
    ],
    "acceleration": [
        0.050931224726573424,
        0.37098728895118316,
        5.035248661825443
    ],
    "steering": [
        5.545412946818371,
        7.7078533840554
    ],
    "features": [
        0.0,
        0.25666666666666665,
        0.0,
        11.051701667480167,
        0.22495170053498095,
        0.19,
        0.043333333333333335,
        0.05,
        0.02
    ],
    "feasible": true,
    "env_name": "Intersect-TruncateOnly-v0"
}