{
    "reward_parameters": [
        0.0,
        10.0,
        0.0,
        0.027873708969670605,
        -0.10599816356464453,
        0.0,
        0.0,
        0.0,
        0.0
    ],
    "constraint_parameters": [
        [
            0,
            0,
            0,
            0,
            0,
            1,
            0,
            0,
            0
        ],
        [
            0,
            0,
            0,
            0,
            0,
            0,
            1,
            0,
            0
        ],
        [
            0,
            0,
            0,
            0,
            0,
            0,
            0,
            1,
            0
        ],
        [
            0,
            0,
            0,
            0,
            0,
            0,
            0,
            0,
            1
        ]
    ],
    "constraint_thresholds": [
        0.2,
        0.2,
        0.05,
        0.1
    ],
    "goal": [
        0.0,
        1.0,
        0.0
    ],
    "acceleration": [
        0.048964251696619956,
        0.5992553867851178,
        5.783698301557319
    ],
    "steering": [
        5.310182766906629,
        10.940770290913624
    ],
    "features": [
        0.0,
        0.25333333333333335,
        0.0,
        11.211880064486543,
        0.16454226082645423,
        0.18333333333333332,
        0.043333333333333335,
        0.04,
        0.023333333333333334
    ],
    "feasible": true,
    "env_name": "Intersect-TruncateOnly-v0"
}