{
    "reward_parameters": [
        0.0,
        10.0,
        0.0,
        0.2159118413040856,
        -0.1351648682787061,
        0.0,
        0.0,
        0.0,
        0.0
    ],
    "constraint_parameters": [
        [
            0,
            0,
            0,
            0,
            0,
            1,
            0,
            0,
            0
        ],
        [
            0,
            0,
            0,
            0,
            0,
            0,
            1,
            0,
            0
        ],
        [
            0,
            0,
            0,
            0,
            0,
            0,
            0,
            1,
            0
        ],
        [
            0,
            0,
            0,
            0,
            0,
            0,
            0,
            0,
            1
        ]
    ],
    "constraint_thresholds": [
        0.2,
        0.2,
        0.05,
        0.1
    ],
    "goal": [
        0.0,
        1.0,
        0.0
    ],
    "acceleration": [
        0.062061505864745486,
        0.038749433339317685,
        5.314294407969631
    ],
    "steering": [
        5.021541591333719,
        6.593282570684845
    ],
    "features": [
        0.0,
        0.23666666666666666,
        0.0,
        10.532981166516395,
        0.09344568791169806,
        0.17,
        0.006666666666666667,
        0.03333333333333333,
        0.02666666666666667
    ],
    "feasible": true,
    "env_name": "Intersect-TruncateOnly-v0"
}