{
    "env_name": "IntersectDefensive-TruncateOnly-v0",
    "reward_parameters": [
        0.0,
        10.0,
        0.0,
        -0.032285734802470906,
        -0.07901050700773878,
        0.0,
        0.0,
        0.0,
        0.0
    ],
    "constraint_parameters": [
        [
            0,
            0,
            0,
            0,
            0,
            1,
            0,
            0,
            0
        ],
        [
            0,
            0,
            0,
            0,
            0,
            0,
            1,
            0,
            0
        ],
        [
            0,
            0,
            0,
            0,
            0,
            0,
            0,
            1,
            0
        ],
        [
            0,
            0,
            0,
            0,
            0,
            0,
            0,
            0,
            1
        ]
    ],
    "constraint_thresholds": [
        0.2,
        0.2,
        0.05,
        0.1
    ],
    "goal": [
        0.0,
        1.0,
        0.0
    ],
    "acceleration": [
        0.04744249237894657,
        0.4330753836583527,
        3.1980448387012226
    ],
    "steering": [
        4.269394308671361,
        11.26179866748182
    ],
    "features": [
        0.0,
        0.24,
        0.0,
        10.968687860206051,
        0.22340750458026534,
        0.14666666666666667,
        0.043333333333333335,
        0.03666666666666667,
        0.02666666666666667
    ],
    "feasible": true
}