{
    "env_name": "IntersectDefensive-TruncateOnly-v0",
    "reward_parameters": [
        0.0,
        10.0,
        0.0,
        -0.0463597149825547,
        -0.03430386338221786,
        0.0,
        0.0,
        0.0,
        0.0
    ],
    "constraint_parameters": [
        [
            0,
            0,
            0,
            0,
            0,
            1,
            0,
            0,
            0
        ],
        [
            0,
            0,
            0,
            0,
            0,
            0,
            1,
            0,
            0
        ],
        [
            0,
            0,
            0,
            0,
            0,
            0,
            0,
            1,
            0
        ],
        [
            0,
            0,
            0,
            0,
            0,
            0,
            0,
            0,
            1
        ]
    ],
    "constraint_thresholds": [
        0.2,
        0.2,
        0.05,
        0.1
    ],
    "goal": [
        0.0,
        1.0,
        0.0
    ],
    "acceleration": [
        0.05591292338047955,
        1.2929155129874248,
        2.185194798520122
    ],
    "steering": [
        4.568962156477599,
        10.333736695917658
    ],
    "features": [
        0.0,
        0.22666666666666666,
        0.0,
        10.275886143046002,
        0.18281618941349956,
        0.16666666666666666,
        0.04666666666666667,
        0.04,
        0.023333333333333334
    ],
    "feasible": true
}