{
    "reward_parameters": [
        0.0,
        0.0,
        10.0,
        0.07801136791626995,
        -0.18491235649099524,
        0.0,
        0.0,
        0.0,
        0.0
    ],
    "constraint_parameters": [
        [
            0,
            0,
            0,
            0,
            0,
            1,
            0,
            0,
            0
        ],
        [
            0,
            0,
            0,
            0,
            0,
            0,
            1,
            0,
            0
        ],
        [
            0,
            0,
            0,
            0,
            0,
            0,
            0,
            1,
            0
        ],
        [
            0,
            0,
            0,
            0,
            0,
            0,
            0,
            0,
            1
        ]
    ],
    "constraint_thresholds": [
        0.2,
        0.2,
        0.05,
        0.1
    ],
    "goal": [
        0.0,
        0.0,
        1.0
    ],
    "acceleration": [
        0.03591563747709059,
        0.41315674777863104,
        5.89333814330392
    ],
    "steering": [
        5.2514828236560485,
        22.55260344848596
    ],
    "features": [
        0.0,
        0.0,
        0.35,
        11.85121956807092,
        0.559972467734566,
        0.013333333333333334,
        0.0,
        0.0,
        0.03
    ],
    "feasible": true,
    "env_name": "Intersect-TruncateOnly-v0"
}