{
    "env_name": "IntersectAggressive-TruncateOnly-v0",
    "reward_parameters": [
        10.0,
        0.0,
        0.0,
        0.11485411457066357,
        -0.16638737825457195,
        0.0,
        0.0,
        0.0,
        0.0
    ],
    "constraint_parameters": [
        [
            0,
            0,
            0,
            0,
            0,
            1,
            0,
            0,
            0
        ],
        [
            0,
            0,
            0,
            0,
            0,
            0,
            1,
            0,
            0
        ],
        [
            0,
            0,
            0,
            0,
            0,
            0,
            0,
            1,
            0
        ],
        [
            0,
            0,
            0,
            0,
            0,
            0,
            0,
            0,
            1
        ]
    ],
    "constraint_thresholds": [
        0.2,
        0.2,
        0.05,
        0.1
    ],
    "goal": [
        1.0,
        0.0,
        0.0
    ],
    "acceleration": [
        0.05285742405777269,
        0.5456347010160193,
        6.057964069351935
    ],
    "steering": [
        4.743966346247393,
        17.53159576034094
    ],
    "features": [
        0.25,
        0.0,
        0.0,
        10.145604683507477,
        2.0998739935037354,
        0.14666666666666667,
        0.06,
        0.04666666666666667,
        0.08666666666666667
    ],
    "feasible": true
}