{
    "env_name": "IntersectAggressive-TruncateOnly-v0",
    "reward_parameters": [
        0.0,
        10.0,
        0.0,
        -0.0914352981680992,
        -0.31581010372875645,
        0.0,
        0.0,
        0.0,
        0.0
    ],
    "constraint_parameters": [
        [
            0,
            0,
            0,
            0,
            0,
            1,
            0,
            0,
            0
        ],
        [
            0,
            0,
            0,
            0,
            0,
            0,
            1,
            0,
            0
        ],
        [
            0,
            0,
            0,
            0,
            0,
            0,
            0,
            1,
            0
        ],
        [
            0,
            0,
            0,
            0,
            0,
            0,
            0,
            0,
            1
        ]
    ],
    "constraint_thresholds": [
        0.2,
        0.2,
        0.05,
        0.1
    ],
    "goal": [
        0.0,
        1.0,
        0.0
    ],
    "acceleration": [
        0.04517034226287173,
        1.080013792031553,
        5.826055207392878
    ],
    "steering": [
        4.765195924820441,
        14.026571022577492
    ],
    "features": [
        0.0,
        0.23666666666666666,
        0.0,
        10.10632993986787,
        0.22575684828340556,
        0.13333333333333333,
        0.016666666666666666,
        0.04,
        0.02666666666666667
    ],
    "feasible": true
}