{
    "env_name": "IntersectDefensive-TruncateOnly-v0",
    "reward_parameters": [
        10.0,
        0.0,
        0.0,
        0.03466224933157169,
        -0.10693590182314638,
        0.0,
        0.0,
        0.0,
        0.0
    ],
    "constraint_parameters": [
        [
            0,
            0,
            0,
            0,
            0,
            1,
            0,
            0,
            0
        ],
        [
            0,
            0,
            0,
            0,
            0,
            0,
            1,
            0,
            0
        ],
        [
            0,
            0,
            0,
            0,
            0,
            0,
            0,
            1,
            0
        ],
        [
            0,
            0,
            0,
            0,
            0,
            0,
            0,
            0,
            1
        ]
    ],
    "constraint_thresholds": [
        0.2,
        0.2,
        0.05,
        0.1
    ],
    "goal": [
        1.0,
        0.0,
        0.0
    ],
    "acceleration": [
        0.06331959218514938,
        1.514201535458258,
        2.542203736623949
    ],
    "steering": [
        5.037059594989566,
        7.8291794753844774
    ],
    "features": [
        0.23333333333333334,
        0.0,
        0.0,
        10.090487510799372,
        2.7667500917718653,
        0.16,
        0.013333333333333334,
        0.04,
        0.043333333333333335
    ],
    "feasible": true
}