{
    "env_name": "IntersectAggressive-TruncateOnly-v0",
    "reward_parameters": [
        0.0,
        0.0,
        10.0,
        0.18237997691123436,
        -0.1656128318121547,
        0.0,
        0.0,
        0.0,
        0.0
    ],
    "constraint_parameters": [
        [
            0,
            0,
            0,
            0,
            0,
            1,
            0,
            0,
            0
        ],
        [
            0,
            0,
            0,
            0,
            0,
            0,
            1,
            0,
            0
        ],
        [
            0,
            0,
            0,
            0,
            0,
            0,
            0,
            1,
            0
        ],
        [
            0,
            0,
            0,
            0,
            0,
            0,
            0,
            0,
            1
        ]
    ],
    "constraint_thresholds": [
        0.2,
        0.2,
        0.05,
        0.1
    ],
    "goal": [
        0.0,
        0.0,
        1.0
    ],
    "acceleration": [
        0.052730675736579725,
        0.8318079515684704,
        4.518746308549085
    ],
    "steering": [
        5.294250720145198,
        8.2075588050519
    ],
    "features": [
        0.0,
        0.0,
        0.36,
        12.215232904470845,
        0.16070215515866168,
        0.2,
        0.0,
        0.0,
        0.03333333333333333
    ],
    "feasible": true
}