{
    "env_name": "IntersectAggressive-TruncateOnly-v0",
    "reward_parameters": [
        0.0,
        0.0,
        10.0,
        0.29244421836151635,
        -0.14469736102326233,
        0.0,
        0.0,
        0.0,
        0.0
    ],
    "constraint_parameters": [
        [
            0,
            0,
            0,
            0,
            0,
            1,
            0,
            0,
            0
        ],
        [
            0,
            0,
            0,
            0,
            0,
            0,
            1,
            0,
            0
        ],
        [
            0,
            0,
            0,
            0,
            0,
            0,
            0,
            1,
            0
        ],
        [
            0,
            0,
            0,
            0,
            0,
            0,
            0,
            0,
            1
        ]
    ],
    "constraint_thresholds": [
        0.2,
        0.2,
        0.05,
        0.1
    ],
    "goal": [
        0.0,
        0.0,
        1.0
    ],
    "acceleration": [
        0.035872058410692846,
        0.9950798974505844,
        1.3431943994049234
    ],
    "steering": [
        4.36482135646696,
        11.070165255875622
    ],
    "features": [
        0.0,
        0.0,
        0.32666666666666666,
        11.46665232745054,
        0.3230416234205173,
        0.043333333333333335,
        0.0,
        0.0,
        0.023333333333333334
    ],
    "feasible": true
}