{
    "env_name": "IntersectDefensive-TruncateOnly-v0",
    "reward_parameters": [
        0.0,
        0.0,
        10.0,
        -0.07878766735578346,
        -0.025621063946051376,
        0.0,
        0.0,
        0.0,
        0.0
    ],
    "constraint_parameters": [
        [
            0,
            0,
            0,
            0,
            0,
            1,
            0,
            0,
            0
        ],
        [
            0,
            0,
            0,
            0,
            0,
            0,
            1,
            0,
            0
        ],
        [
            0,
            0,
            0,
            0,
            0,
            0,
            0,
            1,
            0
        ],
        [
            0,
            0,
            0,
            0,
            0,
            0,
            0,
            0,
            1
        ]
    ],
    "constraint_thresholds": [
        0.2,
        0.2,
        0.05,
        0.1
    ],
    "goal": [
        0.0,
        0.0,
        1.0
    ],
    "acceleration": [
        0.046109876813388434,
        0.6124893102120818,
        3.5719834022320525
    ],
    "steering": [
        4.727807764997835,
        14.206630712606415
    ],
    "features": [
        0.0,
        0.0,
        0.3333333333333333,
        11.873270590351524,
        0.36550884570164793,
        0.15333333333333332,
        0.0,
        0.0,
        0.043333333333333335
    ],
    "feasible": true
}