{
    "env_name": "IntersectAggressive-TruncateOnly-v0",
    "reward_parameters": [
        10.0,
        0.0,
        0.0,
        -0.05533266513204929,
        -0.3474274726088826,
        0.0,
        0.0,
        0.0,
        0.0
    ],
    "constraint_parameters": [
        [
            0,
            0,
            0,
            0,
            0,
            1,
            0,
            0,
            0
        ],
        [
            0,
            0,
            0,
            0,
            0,
            0,
            1,
            0,
            0
        ],
        [
            0,
            0,
            0,
            0,
            0,
            0,
            0,
            1,
            0
        ],
        [
            0,
            0,
            0,
            0,
            0,
            0,
            0,
            0,
            1
        ]
    ],
    "constraint_thresholds": [
        0.2,
        0.2,
        0.05,
        0.1
    ],
    "goal": [
        1.0,
        0.0,
        0.0
    ],
    "acceleration": [
        0.03911966223165952,
        1.2725770703425052,
        6.901614480827045
    ],
    "steering": [
        4.315571411874395,
        13.174430409968553
    ],
    "features": [
        0.19666666666666666,
        0.0,
        0.0,
        9.290751239910495,
        2.355405490118437,
        0.03666666666666667,
        0.006666666666666667,
        0.03333333333333333,
        0.06333333333333334
    ],
    "feasible": true
}