{
    "reward_parameters": [
        0.0,
        10.0,
        0.0,
        0.11935444135597055,
        -0.2610527054284725,
        0.0,
        0.0,
        0.0,
        0.0
    ],
    "constraint_parameters": [
        [
            0,
            0,
            0,
            0,
            0,
            1,
            0,
            0,
            0
        ],
        [
            0,
            0,
            0,
            0,
            0,
            0,
            1,
            0,
            0
        ],
        [
            0,
            0,
            0,
            0,
            0,
            0,
            0,
            1,
            0
        ],
        [
            0,
            0,
            0,
            0,
            0,
            0,
            0,
            0,
            1
        ]
    ],
    "constraint_thresholds": [
        0.2,
        0.2,
        0.05,
        0.1
    ],
    "goal": [
        0.0,
        1.0,
        0.0
    ],
    "acceleration": [
        0.03775784205411488,
        -1.3997253311535593,
        5.443391390866325
    ],
    "steering": [
        4.832103624973576,
        9.174426178864172
    ],
    "features": [
        0.0,
        0.28,
        0.0,
        11.60413523570736,
        0.21370029721564213,
        0.11333333333333333,
        0.013333333333333334,
        0.02666666666666667,
        0.04666666666666667
    ],
    "feasible": true,
    "env_name": "Intersect-TruncateOnly-v0"
}