{
    "env_name": "IntersectAggressive-TruncateOnly-v0",
    "reward_parameters": [
        0.0,
        10.0,
        0.0,
        0.06880740191720687,
        -0.13768983521135197,
        0.0,
        0.0,
        0.0,
        0.0
    ],
    "constraint_parameters": [
        [
            0,
            0,
            0,
            0,
            0,
            1,
            0,
            0,
            0
        ],
        [
            0,
            0,
            0,
            0,
            0,
            0,
            1,
            0,
            0
        ],
        [
            0,
            0,
            0,
            0,
            0,
            0,
            0,
            1,
            0
        ],
        [
            0,
            0,
            0,
            0,
            0,
            0,
            0,
            0,
            1
        ]
    ],
    "constraint_thresholds": [
        0.2,
        0.2,
        0.05,
        0.1
    ],
    "goal": [
        0.0,
        1.0,
        0.0
    ],
    "acceleration": [
        0.035125692457185234,
        0.6613772867486195,
        4.636596257129887
    ],
    "steering": [
        4.976092449610827,
        10.621001976740727
    ],
    "features": [
        0.0,
        0.22333333333333333,
        0.0,
        9.815742027565715,
        0.16385671955745523,
        0.05333333333333334,
        0.02,
        0.043333333333333335,
        0.03
    ],
    "feasible": true
}