{
    "reward_parameters": [
        10.0,
        0.0,
        0.0,
        -0.01983829229163074,
        -0.3176496093107957,
        0.0,
        0.0,
        0.0,
        0.0
    ],
    "constraint_parameters": [
        [
            0,
            0,
            0,
            0,
            0,
            1,
            0,
            0,
            0
        ],
        [
            0,
            0,
            0,
            0,
            0,
            0,
            1,
            0,
            0
        ],
        [
            0,
            0,
            0,
            0,
            0,
            0,
            0,
            1,
            0
        ],
        [
            0,
            0,
            0,
            0,
            0,
            0,
            0,
            0,
            1
        ]
    ],
    "constraint_thresholds": [
        0.2,
        0.2,
        0.05,
        0.1
    ],
    "goal": [
        1.0,
        0.0,
        0.0
    ],
    "acceleration": [
        0.05515223236792027,
        0.9529511175705012,
        5.257198540027704
    ],
    "steering": [
        4.75814907657872,
        19.181085339761346
    ],
    "features": [
        0.25,
        0.0,
        0.0,
        10.996400894526381,
        1.9652534822068446,
        0.15333333333333332,
        0.023333333333333334,
        0.03666666666666667,
        0.07333333333333333
    ],
    "feasible": true,
    "env_name": "Intersect-TruncateOnly-v0"
}