{
    "reward_parameters": [
        10.0,
        0.0,
        0.0,
        -0.06989181117766174,
        -0.1519689747929466,
        0.0,
        0.0,
        0.0,
        0.0
    ],
    "constraint_parameters": [
        [
            0,
            0,
            0,
            0,
            0,
            1,
            0,
            0,
            0
        ],
        [
            0,
            0,
            0,
            0,
            0,
            0,
            1,
            0,
            0
        ],
        [
            0,
            0,
            0,
            0,
            0,
            0,
            0,
            1,
            0
        ],
        [
            0,
            0,
            0,
            0,
            0,
            0,
            0,
            0,
            1
        ]
    ],
    "constraint_thresholds": [
        0.2,
        0.2,
        0.05,
        0.1
    ],
    "goal": [
        1.0,
        0.0,
        0.0
    ],
    "acceleration": [
        0.05491068593742274,
        -0.1630802659528366,
        7.325986572283974
    ],
    "steering": [
        4.701330557356648,
        7.004751638203382
    ],
    "features": [
        0.24666666666666667,
        0.0,
        0.0,
        10.481489480524049,
        2.5711855494495803,
        0.14666666666666667,
        0.0033333333333333335,
        0.04,
        0.09666666666666666
    ],
    "feasible": true,
    "env_name": "Intersect-TruncateOnly-v0"
}