{
    "env_name": "IntersectAggressive-TruncateOnly-v0",
    "reward_parameters": [
        10.0,
        0.0,
        0.0,
        0.11024345484022587,
        -0.26591298277390474,
        0.0,
        0.0,
        0.0,
        0.0
    ],
    "constraint_parameters": [
        [
            0,
            0,
            0,
            0,
            0,
            1,
            0,
            0,
            0
        ],
        [
            0,
            0,
            0,
            0,
            0,
            0,
            1,
            0,
            0
        ],
        [
            0,
            0,
            0,
            0,
            0,
            0,
            0,
            1,
            0
        ],
        [
            0,
            0,
            0,
            0,
            0,
            0,
            0,
            0,
            1
        ]
    ],
    "constraint_thresholds": [
        0.2,
        0.2,
        0.05,
        0.1
    ],
    "goal": [
        1.0,
        0.0,
        0.0
    ],
    "acceleration": [
        0.07213195011458629,
        1.2910143336509068,
        3.9956149205486766
    ],
    "steering": [
        4.999128301298614,
        17.799597805239536
    ],
    "features": [
        0.19666666666666666,
        0.0,
        0.0,
        10.000579122698845,
        1.607756030503215,
        0.19666666666666666,
        0.03666666666666667,
        0.04,
        0.04666666666666667
    ],
    "feasible": true
}