{
    "env_name": "IntersectDefensive-TruncateOnly-v0",
    "reward_parameters": [
        10.0,
        0.0,
        0.0,
        0.13440158697280682,
        -0.2533676031668664,
        0.0,
        0.0,
        0.0,
        0.0
    ],
    "constraint_parameters": [
        [
            0,
            0,
            0,
            0,
            0,
            1,
            0,
            0,
            0
        ],
        [
            0,
            0,
            0,
            0,
            0,
            0,
            1,
            0,
            0
        ],
        [
            0,
            0,
            0,
            0,
            0,
            0,
            0,
            1,
            0
        ],
        [
            0,
            0,
            0,
            0,
            0,
            0,
            0,
            0,
            1
        ]
    ],
    "constraint_thresholds": [
        0.2,
        0.2,
        0.05,
        0.1
    ],
    "goal": [
        1.0,
        0.0,
        0.0
    ],
    "acceleration": [
        0.03805780611744112,
        0.2749847620330176,
        2.2955237021887602
    ],
    "steering": [
        4.8894531730681985,
        7.594006734979363
    ],
    "features": [
        0.25666666666666665,
        0.0,
        0.0,
        10.183748675156021,
        3.381856984000258,
        0.06666666666666667,
        0.03333333333333333,
        0.04,
        0.056666666666666664
    ],
    "feasible": true
}