{
    "env_name": "IntersectDefensive-TruncateOnly-v0",
    "reward_parameters": [
        0.0,
        0.0,
        10.0,
        0.06077820915941197,
        -0.3412885242676201,
        0.0,
        0.0,
        0.0,
        0.0
    ],
    "constraint_parameters": [
        [
            0,
            0,
            0,
            0,
            0,
            1,
            0,
            0,
            0
        ],
        [
            0,
            0,
            0,
            0,
            0,
            0,
            1,
            0,
            0
        ],
        [
            0,
            0,
            0,
            0,
            0,
            0,
            0,
            1,
            0
        ],
        [
            0,
            0,
            0,
            0,
            0,
            0,
            0,
            0,
            1
        ]
    ],
    "constraint_thresholds": [
        0.2,
        0.2,
        0.05,
        0.1
    ],
    "goal": [
        0.0,
        0.0,
        1.0
    ],
    "acceleration": [
        0.023673211900803688,
        0.4565161178925835,
        2.7360872870014004
    ],
    "steering": [
        4.453041295154885,
        5.164840443224766
    ],
    "features": [
        0.0,
        0.0,
        0.3333333333333333,
        11.054221420004817,
        0.3282834633552109,
        0.0,
        0.0,
        0.0,
        0.043333333333333335
    ],
    "feasible": true
}