{
    "env_name": "IntersectDefensive-TruncateOnly-v0",
    "reward_parameters": [
        10.0,
        0.0,
        0.0,
        0.24574089129177515,
        -0.2606146614869902,
        0.0,
        0.0,
        0.0,
        0.0
    ],
    "constraint_parameters": [
        [
            0,
            0,
            0,
            0,
            0,
            1,
            0,
            0,
            0
        ],
        [
            0,
            0,
            0,
            0,
            0,
            0,
            1,
            0,
            0
        ],
        [
            0,
            0,
            0,
            0,
            0,
            0,
            0,
            1,
            0
        ],
        [
            0,
            0,
            0,
            0,
            0,
            0,
            0,
            0,
            1
        ]
    ],
    "constraint_thresholds": [
        0.2,
        0.2,
        0.05,
        0.1
    ],
    "goal": [
        1.0,
        0.0,
        0.0
    ],
    "acceleration": [
        0.06315742377332374,
        0.8359116922488978,
        4.932268178855383
    ],
    "steering": [
        4.863147675224068,
        9.475212504468473
    ],
    "features": [
        0.2633333333333333,
        0.0,
        0.0,
        11.438830882273084,
        2.3224628501651536,
        0.2,
        0.006666666666666667,
        0.0,
        0.05
    ],
    "feasible": true
}