{
    "reward_parameters": [
        10.0,
        0.0,
        0.0,
        0.043071563187997125,
        -0.11225078158096899,
        0.0,
        0.0,
        0.0,
        0.0
    ],
    "constraint_parameters": [
        [
            0,
            0,
            0,
            0,
            0,
            1,
            0,
            0,
            0
        ],
        [
            0,
            0,
            0,
            0,
            0,
            0,
            1,
            0,
            0
        ],
        [
            0,
            0,
            0,
            0,
            0,
            0,
            0,
            1,
            0
        ],
        [
            0,
            0,
            0,
            0,
            0,
            0,
            0,
            0,
            1
        ]
    ],
    "constraint_thresholds": [
        0.2,
        0.2,
        0.05,
        0.1
    ],
    "goal": [
        1.0,
        0.0,
        0.0
    ],
    "acceleration": [
        0.07238568562201374,
        0.3830517411521802,
        5.0941404088458135
    ],
    "steering": [
        4.947364573194103,
        13.503120361464802
    ],
    "features": [
        0.23333333333333334,
        0.0,
        0.0,
        10.310672245014844,
        2.2750094061366415,
        0.18,
        0.043333333333333335,
        0.03333333333333333,
        0.04
    ],
    "feasible": true,
    "env_name": "Intersect-TruncateOnly-v0"
}