{
    "env_name": "IntersectDefensive-TruncateOnly-v0",
    "reward_parameters": [
        0.0,
        0.0,
        10.0,
        0.08940523233343756,
        -0.31745436334739874,
        0.0,
        0.0,
        0.0,
        0.0
    ],
    "constraint_parameters": [
        [
            0,
            0,
            0,
            0,
            0,
            1,
            0,
            0,
            0
        ],
        [
            0,
            0,
            0,
            0,
            0,
            0,
            1,
            0,
            0
        ],
        [
            0,
            0,
            0,
            0,
            0,
            0,
            0,
            1,
            0
        ],
        [
            0,
            0,
            0,
            0,
            0,
            0,
            0,
            0,
            1
        ]
    ],
    "constraint_thresholds": [
        0.2,
        0.2,
        0.05,
        0.1
    ],
    "goal": [
        0.0,
        0.0,
        1.0
    ],
    "acceleration": [
        0.0366650964940884,
        1.6280055510353648,
        7.026246668838517
    ],
    "steering": [
        5.506611134759537,
        18.724573969987055
    ],
    "features": [
        0.0,
        0.0,
        0.34,
        11.437373327212878,
        0.508228373655427,
        0.02666666666666667,
        0.0,
        0.0,
        0.043333333333333335
    ],
    "feasible": true
}