{
    "env_name": "IntersectDefensive-TruncateOnly-v0",
    "reward_parameters": [
        0.0,
        10.0,
        0.0,
        0.1197125632507136,
        -0.1600040837506063,
        0.0,
        0.0,
        0.0,
        0.0
    ],
    "constraint_parameters": [
        [
            0,
            0,
            0,
            0,
            0,
            1,
            0,
            0,
            0
        ],
        [
            0,
            0,
            0,
            0,
            0,
            0,
            1,
            0,
            0
        ],
        [
            0,
            0,
            0,
            0,
            0,
            0,
            0,
            1,
            0
        ],
        [
            0,
            0,
            0,
            0,
            0,
            0,
            0,
            0,
            1
        ]
    ],
    "constraint_thresholds": [
        0.2,
        0.2,
        0.05,
        0.1
    ],
    "goal": [
        0.0,
        1.0,
        0.0
    ],
    "acceleration": [
        0.04084124876238566,
        1.228251018698529,
        5.13276482160971
    ],
    "steering": [
        5.383991278735058,
        7.528640903497008
    ],
    "features": [
        0.0,
        0.22666666666666666,
        0.0,
        9.421328629967936,
        0.1388941860681299,
        0.07333333333333333,
        0.02,
        0.03666666666666667,
        0.02666666666666667
    ],
    "feasible": true
}