{
    "reward_parameters": [
        10.0,
        0.0,
        0.0,
        0.13292058827136538,
        -0.17296385989606095,
        0.0,
        0.0,
        0.0,
        0.0
    ],
    "constraint_parameters": [
        [
            0,
            0,
            0,
            0,
            0,
            1,
            0,
            0,
            0
        ],
        [
            0,
            0,
            0,
            0,
            0,
            0,
            1,
            0,
            0
        ],
        [
            0,
            0,
            0,
            0,
            0,
            0,
            0,
            1,
            0
        ],
        [
            0,
            0,
            0,
            0,
            0,
            0,
            0,
            0,
            1
        ]
    ],
    "constraint_thresholds": [
        0.2,
        0.2,
        0.05,
        0.1
    ],
    "goal": [
        1.0,
        0.0,
        0.0
    ],
    "acceleration": [
        0.04742292478728026,
        1.1580543491990516,
        4.979277385109639
    ],
    "steering": [
        5.146827274538874,
        12.816360809172417
    ],
    "features": [
        0.21666666666666667,
        0.0,
        0.0,
        9.856415927437489,
        2.8688124097668393,
        0.14,
        0.05,
        0.05,
        0.06
    ],
    "feasible": true,
    "env_name": "Intersect-TruncateOnly-v0"
}