{
    "env_name": "IntersectDefensive-TruncateOnly-v0",
    "reward_parameters": [
        10.0,
        0.0,
        0.0,
        0.12223239566589406,
        -0.3581892123460707,
        0.0,
        0.0,
        0.0,
        0.0
    ],
    "constraint_parameters": [
        [
            0,
            0,
            0,
            0,
            0,
            1,
            0,
            0,
            0
        ],
        [
            0,
            0,
            0,
            0,
            0,
            0,
            1,
            0,
            0
        ],
        [
            0,
            0,
            0,
            0,
            0,
            0,
            0,
            1,
            0
        ],
        [
            0,
            0,
            0,
            0,
            0,
            0,
            0,
            0,
            1
        ]
    ],
    "constraint_thresholds": [
        0.2,
        0.2,
        0.05,
        0.1
    ],
    "goal": [
        1.0,
        0.0,
        0.0
    ],
    "acceleration": [
        0.11771537463687773,
        -0.6009425420441421,
        3.587158417765883
    ],
    "steering": [
        4.730204791278201,
        7.343800441254098
    ],
    "features": [
        0.16666666666666666,
        0.0,
        0.0,
        10.087840052218153,
        2.058539869801632,
        0.17666666666666667,
        0.03666666666666667,
        0.023333333333333334,
        0.03
    ],
    "feasible": true
}