{
    "env_name": "IntersectDefensive-TruncateOnly-v0",
    "reward_parameters": [
        0.0,
        10.0,
        0.0,
        0.09744952937810598,
        -0.15998147728202328,
        0.0,
        0.0,
        0.0,
        0.0
    ],
    "constraint_parameters": [
        [
            0,
            0,
            0,
            0,
            0,
            1,
            0,
            0,
            0
        ],
        [
            0,
            0,
            0,
            0,
            0,
            0,
            1,
            0,
            0
        ],
        [
            0,
            0,
            0,
            0,
            0,
            0,
            0,
            1,
            0
        ],
        [
            0,
            0,
            0,
            0,
            0,
            0,
            0,
            0,
            1
        ]
    ],
    "constraint_thresholds": [
        0.2,
        0.2,
        0.05,
        0.1
    ],
    "goal": [
        0.0,
        1.0,
        0.0
    ],
    "acceleration": [
        0.04512566205867909,
        0.13853252706434296,
        4.134465074928946
    ],
    "steering": [
        4.847405434723781,
        8.264558663412414
    ],
    "features": [
        0.0,
        0.23666666666666666,
        0.0,
        11.454884741939285,
        0.17194351648721895,
        0.19,
        0.02,
        0.03,
        0.03333333333333333
    ],
    "feasible": true
}