{
    "env_name": "IntersectDefensive-TruncateOnly-v0",
    "reward_parameters": [
        0.0,
        0.0,
        10.0,
        0.25672527652661664,
        -0.28940328455101877,
        0.0,
        0.0,
        0.0,
        0.0
    ],
    "constraint_parameters": [
        [
            0,
            0,
            0,
            0,
            0,
            1,
            0,
            0,
            0
        ],
        [
            0,
            0,
            0,
            0,
            0,
            0,
            1,
            0,
            0
        ],
        [
            0,
            0,
            0,
            0,
            0,
            0,
            0,
            1,
            0
        ],
        [
            0,
            0,
            0,
            0,
            0,
            0,
            0,
            0,
            1
        ]
    ],
    "constraint_thresholds": [
        0.2,
        0.2,
        0.05,
        0.1
    ],
    "goal": [
        0.0,
        0.0,
        1.0
    ],
    "acceleration": [
        0.04271023154814768,
        1.937065208557406,
        1.1077082559934595
    ],
    "steering": [
        4.841368076169368,
        10.961198527225726
    ],
    "features": [
        0.0,
        0.0,
        0.33666666666666667,
        11.756932077141476,
        0.23552551969739308,
        0.1,
        0.0,
        0.0,
        0.04
    ],
    "feasible": true
}