{
    "env_name": "IntersectAggressive-TruncateOnly-v0",
    "reward_parameters": [
        10.0,
        0.0,
        0.0,
        0.2511364098894714,
        -0.2998969942925464,
        0.0,
        0.0,
        0.0,
        0.0
    ],
    "constraint_parameters": [
        [
            0,
            0,
            0,
            0,
            0,
            1,
            0,
            0,
            0
        ],
        [
            0,
            0,
            0,
            0,
            0,
            0,
            1,
            0,
            0
        ],
        [
            0,
            0,
            0,
            0,
            0,
            0,
            0,
            1,
            0
        ],
        [
            0,
            0,
            0,
            0,
            0,
            0,
            0,
            0,
            1
        ]
    ],
    "constraint_thresholds": [
        0.2,
        0.2,
        0.05,
        0.1
    ],
    "goal": [
        1.0,
        0.0,
        0.0
    ],
    "acceleration": [
        0.06526526442696212,
        0.01616329027934902,
        3.1881128144226634
    ],
    "steering": [
        5.179936848207973,
        4.979571512988616
    ],
    "features": [
        0.22333333333333333,
        0.0,
        0.0,
        10.024194846857197,
        2.492950134773595,
        0.18,
        0.013333333333333334,
        0.023333333333333334,
        0.07333333333333333
    ],
    "feasible": true
}