{
    "env_name": "IntersectAggressive-TruncateOnly-v0",
    "reward_parameters": [
        0.0,
        10.0,
        0.0,
        0.29554277353188196,
        -0.23115150677191654,
        0.0,
        0.0,
        0.0,
        0.0
    ],
    "constraint_parameters": [
        [
            0,
            0,
            0,
            0,
            0,
            1,
            0,
            0,
            0
        ],
        [
            0,
            0,
            0,
            0,
            0,
            0,
            1,
            0,
            0
        ],
        [
            0,
            0,
            0,
            0,
            0,
            0,
            0,
            1,
            0
        ],
        [
            0,
            0,
            0,
            0,
            0,
            0,
            0,
            0,
            1
        ]
    ],
    "constraint_thresholds": [
        0.2,
        0.2,
        0.05,
        0.1
    ],
    "goal": [
        0.0,
        1.0,
        0.0
    ],
    "acceleration": [
        0.037069783826088984,
        0.848696170633106,
        4.757779518734875
    ],
    "steering": [
        5.083643835178324,
        5.692541495759346
    ],
    "features": [
        0.0,
        0.20666666666666667,
        0.0,
        10.468580046004696,
        0.12382398083522214,
        0.09,
        0.016666666666666666,
        0.006666666666666667,
        0.043333333333333335
    ],
    "feasible": true
}