{
    "env_name": "IntersectDefensive-TruncateOnly-v0",
    "reward_parameters": [
        0.0,
        10.0,
        0.0,
        0.26157878020965186,
        -0.1460988843658807,
        0.0,
        0.0,
        0.0,
        0.0
    ],
    "constraint_parameters": [
        [
            0,
            0,
            0,
            0,
            0,
            1,
            0,
            0,
            0
        ],
        [
            0,
            0,
            0,
            0,
            0,
            0,
            1,
            0,
            0
        ],
        [
            0,
            0,
            0,
            0,
            0,
            0,
            0,
            1,
            0
        ],
        [
            0,
            0,
            0,
            0,
            0,
            0,
            0,
            0,
            1
        ]
    ],
    "constraint_thresholds": [
        0.2,
        0.2,
        0.05,
        0.1
    ],
    "goal": [
        0.0,
        1.0,
        0.0
    ],
    "acceleration": [
        0.04079453217220463,
        -0.29081483844690015,
        6.054444710752877
    ],
    "steering": [
        4.607715078492951,
        5.929703736464185
    ],
    "features": [
        0.0,
        0.22,
        0.0,
        10.142332990884691,
        0.15362834544330417,
        0.08666666666666667,
        0.016666666666666666,
        0.04,
        0.02666666666666667
    ],
    "feasible": true
}