{
    "reward_parameters": [
        0.0,
        0.0,
        10.0,
        0.01985293437735587,
        -0.15821429684629454,
        0.0,
        0.0,
        0.0,
        0.0
    ],
    "constraint_parameters": [
        [
            0,
            0,
            0,
            0,
            0,
            1,
            0,
            0,
            0
        ],
        [
            0,
            0,
            0,
            0,
            0,
            0,
            1,
            0,
            0
        ],
        [
            0,
            0,
            0,
            0,
            0,
            0,
            0,
            1,
            0
        ],
        [
            0,
            0,
            0,
            0,
            0,
            0,
            0,
            0,
            1
        ]
    ],
    "constraint_thresholds": [
        0.2,
        0.2,
        0.05,
        0.1
    ],
    "goal": [
        0.0,
        0.0,
        1.0
    ],
    "acceleration": [
        0.04942332470792708,
        -0.09662460755319824,
        6.198485012258132
    ],
    "steering": [
        5.417239696470264,
        16.383946532141554
    ],
    "features": [
        0.0,
        0.0,
        0.32666666666666666,
        12.56291059299637,
        0.4583865704276976,
        0.17333333333333334,
        0.0,
        0.0,
        0.02
    ],
    "feasible": true,
    "env_name": "Intersect-TruncateOnly-v0"
}