{
    "env_name": "IntersectDefensive-TruncateOnly-v0",
    "reward_parameters": [
        0.0,
        0.0,
        10.0,
        -0.01210711552251606,
        -0.20044025136643712,
        0.0,
        0.0,
        0.0,
        0.0
    ],
    "constraint_parameters": [
        [
            0,
            0,
            0,
            0,
            0,
            1,
            0,
            0,
            0
        ],
        [
            0,
            0,
            0,
            0,
            0,
            0,
            1,
            0,
            0
        ],
        [
            0,
            0,
            0,
            0,
            0,
            0,
            0,
            1,
            0
        ],
        [
            0,
            0,
            0,
            0,
            0,
            0,
            0,
            0,
            1
        ]
    ],
    "constraint_thresholds": [
        0.2,
        0.2,
        0.05,
        0.1
    ],
    "goal": [
        0.0,
        0.0,
        1.0
    ],
    "acceleration": [
        0.04140480493573054,
        0.5726013903368009,
        3.743444141176373
    ],
    "steering": [
        5.126199590909455,
        9.770568960809484
    ],
    "features": [
        0.0,
        0.0,
        0.32666666666666666,
        11.901352739427312,
        0.3444185524430058,
        0.13666666666666666,
        0.0,
        0.04,
        0.056666666666666664
    ],
    "feasible": true
}