{
    "reward_parameters": [
        0.0,
        10.0,
        0.0,
        0.1348862246295866,
        -0.28079904606268935,
        0.0,
        0.0,
        0.0,
        0.0
    ],
    "constraint_parameters": [
        [
            0,
            0,
            0,
            0,
            0,
            1,
            0,
            0,
            0
        ],
        [
            0,
            0,
            0,
            0,
            0,
            0,
            1,
            0,
            0
        ],
        [
            0,
            0,
            0,
            0,
            0,
            0,
            0,
            1,
            0
        ],
        [
            0,
            0,
            0,
            0,
            0,
            0,
            0,
            0,
            1
        ]
    ],
    "constraint_thresholds": [
        0.2,
        0.2,
        0.05,
        0.1
    ],
    "goal": [
        0.0,
        1.0,
        0.0
    ],
    "acceleration": [
        0.05445251719801958,
        0.002781315252221755,
        2.293823914567901
    ],
    "steering": [
        4.315988306283126,
        13.026633756850083
    ],
    "features": [
        0.0,
        0.23333333333333334,
        0.0,
        10.860926683862825,
        0.36124106631595415,
        0.18,
        0.006666666666666667,
        0.04,
        0.023333333333333334
    ],
    "feasible": true,
    "env_name": "Intersect-TruncateOnly-v0"
}