{
    "env_name": "IntersectDefensive-TruncateOnly-v0",
    "reward_parameters": [
        0.0,
        0.0,
        10.0,
        0.07206607082841002,
        -0.29827732613356833,
        0.0,
        0.0,
        0.0,
        0.0
    ],
    "constraint_parameters": [
        [
            0,
            0,
            0,
            0,
            0,
            1,
            0,
            0,
            0
        ],
        [
            0,
            0,
            0,
            0,
            0,
            0,
            1,
            0,
            0
        ],
        [
            0,
            0,
            0,
            0,
            0,
            0,
            0,
            1,
            0
        ],
        [
            0,
            0,
            0,
            0,
            0,
            0,
            0,
            0,
            1
        ]
    ],
    "constraint_thresholds": [
        0.2,
        0.2,
        0.05,
        0.1
    ],
    "goal": [
        0.0,
        0.0,
        1.0
    ],
    "acceleration": [
        0.04026672904774471,
        1.9402727603550423,
        4.042246872375214
    ],
    "steering": [
        5.042542987594318,
        8.543958025843077
    ],
    "features": [
        0.0,
        0.0,
        0.3333333333333333,
        10.978687910290457,
        0.4230297324798963,
        0.07,
        0.0033333333333333335,
        0.04,
        0.05333333333333334
    ],
    "feasible": true
}