{
    "reward_parameters": [
        0.0,
        10.0,
        0.0,
        0.04726162101106867,
        -0.3933873585265206,
        0.0,
        0.0,
        0.0,
        0.0
    ],
    "constraint_parameters": [
        [
            0,
            0,
            0,
            0,
            0,
            1,
            0,
            0,
            0
        ],
        [
            0,
            0,
            0,
            0,
            0,
            0,
            1,
            0,
            0
        ],
        [
            0,
            0,
            0,
            0,
            0,
            0,
            0,
            1,
            0
        ],
        [
            0,
            0,
            0,
            0,
            0,
            0,
            0,
            0,
            1
        ]
    ],
    "constraint_thresholds": [
        0.2,
        0.2,
        0.05,
        0.1
    ],
    "goal": [
        0.0,
        1.0,
        0.0
    ],
    "acceleration": [
        0.05493665844289598,
        0.2015144506485671,
        6.885748124597015
    ],
    "steering": [
        5.178833851148664,
        13.966344785073764
    ],
    "features": [
        0.0,
        0.22666666666666666,
        0.0,
        10.89831975651496,
        0.2229550487761049,
        0.17333333333333334,
        0.043333333333333335,
        0.04,
        0.06666666666666667
    ],
    "feasible": true,
    "env_name": "Intersect-TruncateOnly-v0"
}