{
    "env_name": "IntersectDefensive-TruncateOnly-v0",
    "reward_parameters": [
        0.0,
        10.0,
        0.0,
        0.18619310449951265,
        -0.25585304979396506,
        0.0,
        0.0,
        0.0,
        0.0
    ],
    "constraint_parameters": [
        [
            0,
            0,
            0,
            0,
            0,
            1,
            0,
            0,
            0
        ],
        [
            0,
            0,
            0,
            0,
            0,
            0,
            1,
            0,
            0
        ],
        [
            0,
            0,
            0,
            0,
            0,
            0,
            0,
            1,
            0
        ],
        [
            0,
            0,
            0,
            0,
            0,
            0,
            0,
            0,
            1
        ]
    ],
    "constraint_thresholds": [
        0.2,
        0.2,
        0.05,
        0.1
    ],
    "goal": [
        0.0,
        1.0,
        0.0
    ],
    "acceleration": [
        0.045916357319949086,
        0.9933486762011823,
        7.658709504453353
    ],
    "steering": [
        4.703479588053575,
        6.040395712417343
    ],
    "features": [
        0.0,
        0.25666666666666665,
        0.0,
        10.964749281819495,
        0.20690351112073688,
        0.15,
        0.03,
        0.03,
        0.03
    ],
    "feasible": true
}