{
    "reward_parameters": [
        0.0,
        0.0,
        10.0,
        0.19510688417785335,
        -0.12606374727736283,
        0.0,
        0.0,
        0.0,
        0.0
    ],
    "constraint_parameters": [
        [
            0,
            0,
            0,
            0,
            0,
            1,
            0,
            0,
            0
        ],
        [
            0,
            0,
            0,
            0,
            0,
            0,
            1,
            0,
            0
        ],
        [
            0,
            0,
            0,
            0,
            0,
            0,
            0,
            1,
            0
        ],
        [
            0,
            0,
            0,
            0,
            0,
            0,
            0,
            0,
            1
        ]
    ],
    "constraint_thresholds": [
        0.2,
        0.2,
        0.05,
        0.1
    ],
    "goal": [
        0.0,
        0.0,
        1.0
    ],
    "acceleration": [
        0.050009774509306965,
        0.7905491585339078,
        5.42271743459222
    ],
    "steering": [
        5.038327176816746,
        9.967089760184567
    ],
    "features": [
        0.0,
        0.0,
        0.35,
        12.170214834950189,
        0.2668928209633858,
        0.14666666666666667,
        0.0033333333333333335,
        0.0,
        0.04
    ],
    "feasible": true,
    "env_name": "Intersect-TruncateOnly-v0"
}