{
    "env_name": "IntersectAggressive-TruncateOnly-v0",
    "reward_parameters": [
        10.0,
        0.0,
        0.0,
        0.2074409570176124,
        -0.2551801118306903,
        0.0,
        0.0,
        0.0,
        0.0
    ],
    "constraint_parameters": [
        [
            0,
            0,
            0,
            0,
            0,
            1,
            0,
            0,
            0
        ],
        [
            0,
            0,
            0,
            0,
            0,
            0,
            1,
            0,
            0
        ],
        [
            0,
            0,
            0,
            0,
            0,
            0,
            0,
            1,
            0
        ],
        [
            0,
            0,
            0,
            0,
            0,
            0,
            0,
            0,
            1
        ]
    ],
    "constraint_thresholds": [
        0.2,
        0.2,
        0.05,
        0.1
    ],
    "goal": [
        1.0,
        0.0,
        0.0
    ],
    "acceleration": [
        0.053820619431870026,
        0.23864179321855028,
        4.299232473511041
    ],
    "steering": [
        4.8402653287008315,
        2.3440186753509185
    ],
    "features": [
        0.19333333333333333,
        0.0,
        0.0,
        10.110528840559436,
        2.5668789925308224,
        0.13666666666666666,
        0.043333333333333335,
        0.03333333333333333,
        0.07
    ],
    "feasible": true
}