{
    "env_name": "IntersectDefensive-TruncateOnly-v0",
    "reward_parameters": [
        10.0,
        0.0,
        0.0,
        0.056873643401902166,
        -0.14749295427638612,
        0.0,
        0.0,
        0.0,
        0.0
    ],
    "constraint_parameters": [
        [
            0,
            0,
            0,
            0,
            0,
            1,
            0,
            0,
            0
        ],
        [
            0,
            0,
            0,
            0,
            0,
            0,
            1,
            0,
            0
        ],
        [
            0,
            0,
            0,
            0,
            0,
            0,
            0,
            1,
            0
        ],
        [
            0,
            0,
            0,
            0,
            0,
            0,
            0,
            0,
            1
        ]
    ],
    "constraint_thresholds": [
        0.2,
        0.2,
        0.05,
        0.1
    ],
    "goal": [
        1.0,
        0.0,
        0.0
    ],
    "acceleration": [
        0.056521622010722056,
        0.6839197459312139,
        2.799388550548401
    ],
    "steering": [
        5.070702419878535,
        8.694459978427975
    ],
    "features": [
        0.24,
        0.0,
        0.0,
        9.979311969093068,
        2.1904801202985764,
        0.16666666666666666,
        0.016666666666666666,
        0.04,
        0.056666666666666664
    ],
    "feasible": true
}