{
    "env_name": "IntersectAggressive-TruncateOnly-v0",
    "reward_parameters": [
        0.0,
        0.0,
        10.0,
        0.1523287996009087,
        -0.2604105033449146,
        0.0,
        0.0,
        0.0,
        0.0
    ],
    "constraint_parameters": [
        [
            0,
            0,
            0,
            0,
            0,
            1,
            0,
            0,
            0
        ],
        [
            0,
            0,
            0,
            0,
            0,
            0,
            1,
            0,
            0
        ],
        [
            0,
            0,
            0,
            0,
            0,
            0,
            0,
            1,
            0
        ],
        [
            0,
            0,
            0,
            0,
            0,
            0,
            0,
            0,
            1
        ]
    ],
    "constraint_thresholds": [
        0.2,
        0.2,
        0.05,
        0.1
    ],
    "goal": [
        0.0,
        0.0,
        1.0
    ],
    "acceleration": [
        0.054838029450024126,
        -0.125109289673487,
        5.740648275198245
    ],
    "steering": [
        4.825790631403501,
        10.78587853893658
    ],
    "features": [
        0.0,
        0.0,
        0.33,
        10.96307175755092,
        0.4439159260900529,
        0.19333333333333333,
        0.02,
        0.013333333333333334,
        0.05
    ],
    "feasible": true
}