{
    "env_name": "IntersectAggressive-TruncateOnly-v0",
    "reward_parameters": [
        0.0,
        0.0,
        10.0,
        0.025645165986366528,
        -0.08530975660967324,
        0.0,
        0.0,
        0.0,
        0.0
    ],
    "constraint_parameters": [
        [
            0,
            0,
            0,
            0,
            0,
            1,
            0,
            0,
            0
        ],
        [
            0,
            0,
            0,
            0,
            0,
            0,
            1,
            0,
            0
        ],
        [
            0,
            0,
            0,
            0,
            0,
            0,
            0,
            1,
            0
        ],
        [
            0,
            0,
            0,
            0,
            0,
            0,
            0,
            0,
            1
        ]
    ],
    "constraint_thresholds": [
        0.2,
        0.2,
        0.05,
        0.1
    ],
    "goal": [
        0.0,
        0.0,
        1.0
    ],
    "acceleration": [
        0.03263824783498785,
        0.6230608555075074,
        6.234139681475755
    ],
    "steering": [
        5.61906188917159,
        13.123949668988292
    ],
    "features": [
        0.0,
        0.0,
        0.34,
        11.400273445964814,
        0.28388936279027716,
        0.0,
        0.0,
        0.0,
        0.043333333333333335
    ],
    "feasible": true
}