{
    "reward_parameters": [
        0.0,
        10.0,
        0.0,
        -0.13852678529039958,
        -0.23961698402446419,
        0.0,
        0.0,
        0.0,
        0.0
    ],
    "constraint_parameters": [
        [
            0,
            0,
            0,
            0,
            0,
            1,
            0,
            0,
            0
        ],
        [
            0,
            0,
            0,
            0,
            0,
            0,
            1,
            0,
            0
        ],
        [
            0,
            0,
            0,
            0,
            0,
            0,
            0,
            1,
            0
        ],
        [
            0,
            0,
            0,
            0,
            0,
            0,
            0,
            0,
            1
        ]
    ],
    "constraint_thresholds": [
        0.2,
        0.2,
        0.05,
        0.1
    ],
    "goal": [
        0.0,
        1.0,
        0.0
    ],
    "acceleration": [
        0.03954122561628434,
        1.1125999081737172,
        6.265546085965292
    ],
    "steering": [
        5.4091479202141475,
        8.689448348317276
    ],
    "features": [
        0.0,
        0.24,
        0.0,
        10.458966282015451,
        0.10477271766556698,
        0.08,
        0.0,
        0.03666666666666667,
        0.06333333333333334
    ],
    "feasible": true,
    "env_name": "Intersect-TruncateOnly-v0"
}