{
    "env_name": "IntersectAggressive-TruncateOnly-v0",
    "reward_parameters": [
        0.0,
        10.0,
        0.0,
        0.24839284302181186,
        -0.03884635066766268,
        0.0,
        0.0,
        0.0,
        0.0
    ],
    "constraint_parameters": [
        [
            0,
            0,
            0,
            0,
            0,
            1,
            0,
            0,
            0
        ],
        [
            0,
            0,
            0,
            0,
            0,
            0,
            1,
            0,
            0
        ],
        [
            0,
            0,
            0,
            0,
            0,
            0,
            0,
            1,
            0
        ],
        [
            0,
            0,
            0,
            0,
            0,
            0,
            0,
            0,
            1
        ]
    ],
    "constraint_thresholds": [
        0.2,
        0.2,
        0.05,
        0.1
    ],
    "goal": [
        0.0,
        1.0,
        0.0
    ],
    "acceleration": [
        0.05116588522387179,
        1.428380404128223,
        11.652997381349628
    ],
    "steering": [
        4.976987642710627,
        6.250623618019802
    ],
    "features": [
        0.0,
        0.25333333333333335,
        0.0,
        10.43902226136034,
        0.19275613223256793,
        0.15333333333333332,
        0.013333333333333334,
        0.01,
        0.04
    ],
    "feasible": true
}