{
    "env_name": "IntersectAggressive-TruncateOnly-v0",
    "reward_parameters": [
        0.0,
        10.0,
        0.0,
        0.22958669451192004,
        -0.19421633704458985,
        0.0,
        0.0,
        0.0,
        0.0
    ],
    "constraint_parameters": [
        [
            0,
            0,
            0,
            0,
            0,
            1,
            0,
            0,
            0
        ],
        [
            0,
            0,
            0,
            0,
            0,
            0,
            1,
            0,
            0
        ],
        [
            0,
            0,
            0,
            0,
            0,
            0,
            0,
            1,
            0
        ],
        [
            0,
            0,
            0,
            0,
            0,
            0,
            0,
            0,
            1
        ]
    ],
    "constraint_thresholds": [
        0.2,
        0.2,
        0.05,
        0.1
    ],
    "goal": [
        0.0,
        1.0,
        0.0
    ],
    "acceleration": [
        0.04018458698075557,
        -0.14964055049433567,
        5.032277192074804
    ],
    "steering": [
        5.156421430828127,
        9.66732487602376
    ],
    "features": [
        0.0,
        0.23,
        0.0,
        10.791045582034888,
        0.20399579186574054,
        0.10333333333333333,
        0.02,
        0.013333333333333334,
        0.03333333333333333
    ],
    "feasible": true
}