{
    "reward_parameters": [
        0.0,
        10.0,
        0.0,
        0.10243549922458493,
        -0.2533062159362533,
        0.0,
        0.0,
        0.0,
        0.0
    ],
    "constraint_parameters": [
        [
            0,
            0,
            0,
            0,
            0,
            1,
            0,
            0,
            0
        ],
        [
            0,
            0,
            0,
            0,
            0,
            0,
            1,
            0,
            0
        ],
        [
            0,
            0,
            0,
            0,
            0,
            0,
            0,
            1,
            0
        ],
        [
            0,
            0,
            0,
            0,
            0,
            0,
            0,
            0,
            1
        ]
    ],
    "constraint_thresholds": [
        0.2,
        0.2,
        0.05,
        0.1
    ],
    "goal": [
        0.0,
        1.0,
        0.0
    ],
    "acceleration": [
        0.04626295815014894,
        0.7516263794524964,
        4.889702025732611
    ],
    "steering": [
        4.842509628633677,
        6.842835566227869
    ],
    "features": [
        0.0,
        0.24333333333333335,
        0.0,
        10.705350341981989,
        0.11663077074353065,
        0.16666666666666666,
        0.043333333333333335,
        0.03333333333333333,
        0.03333333333333333
    ],
    "feasible": true,
    "env_name": "Intersect-TruncateOnly-v0"
}