{
    "env_name": "IntersectAggressive-TruncateOnly-v0",
    "reward_parameters": [
        10.0,
        0.0,
        0.0,
        0.17941299936680494,
        -0.18409096034475533,
        0.0,
        0.0,
        0.0,
        0.0
    ],
    "constraint_parameters": [
        [
            0,
            0,
            0,
            0,
            0,
            1,
            0,
            0,
            0
        ],
        [
            0,
            0,
            0,
            0,
            0,
            0,
            1,
            0,
            0
        ],
        [
            0,
            0,
            0,
            0,
            0,
            0,
            0,
            1,
            0
        ],
        [
            0,
            0,
            0,
            0,
            0,
            0,
            0,
            0,
            1
        ]
    ],
    "constraint_thresholds": [
        0.2,
        0.2,
        0.05,
        0.1
    ],
    "goal": [
        1.0,
        0.0,
        0.0
    ],
    "acceleration": [
        0.05198350801441795,
        0.17009077965057404,
        3.6578596753637616
    ],
    "steering": [
        5.202581281930109,
        16.950432005453784
    ],
    "features": [
        0.21333333333333335,
        0.0,
        0.0,
        9.858654382712814,
        1.9103695950867863,
        0.12,
        0.02,
        0.04,
        0.06333333333333334
    ],
    "feasible": true
}