{
    "env_name": "IntersectDefensive-TruncateOnly-v0",
    "reward_parameters": [
        0.0,
        10.0,
        0.0,
        0.1815909827065845,
        -0.2806159657326534,
        0.0,
        0.0,
        0.0,
        0.0
    ],
    "constraint_parameters": [
        [
            0,
            0,
            0,
            0,
            0,
            1,
            0,
            0,
            0
        ],
        [
            0,
            0,
            0,
            0,
            0,
            0,
            1,
            0,
            0
        ],
        [
            0,
            0,
            0,
            0,
            0,
            0,
            0,
            1,
            0
        ],
        [
            0,
            0,
            0,
            0,
            0,
            0,
            0,
            0,
            1
        ]
    ],
    "constraint_thresholds": [
        0.2,
        0.2,
        0.05,
        0.1
    ],
    "goal": [
        0.0,
        1.0,
        0.0
    ],
    "acceleration": [
        0.056978000661754104,
        0.23343244019119572,
        4.799953647551845
    ],
    "steering": [
        4.92537739921475,
        12.81642693075005
    ],
    "features": [
        0.0,
        0.22,
        0.0,
        11.361828808251312,
        0.15021172419739892,
        0.18666666666666668,
        0.01,
        0.04,
        0.023333333333333334
    ],
    "feasible": true
}