{
    "env_name": "IntersectDefensive-TruncateOnly-v0",
    "reward_parameters": [
        0.0,
        0.0,
        10.0,
        0.12725031528722672,
        -0.27612609722991766,
        0.0,
        0.0,
        0.0,
        0.0
    ],
    "constraint_parameters": [
        [
            0,
            0,
            0,
            0,
            0,
            1,
            0,
            0,
            0
        ],
        [
            0,
            0,
            0,
            0,
            0,
            0,
            1,
            0,
            0
        ],
        [
            0,
            0,
            0,
            0,
            0,
            0,
            0,
            1,
            0
        ],
        [
            0,
            0,
            0,
            0,
            0,
            0,
            0,
            0,
            1
        ]
    ],
    "constraint_thresholds": [
        0.2,
        0.2,
        0.05,
        0.1
    ],
    "goal": [
        0.0,
        0.0,
        1.0
    ],
    "acceleration": [
        0.04072053188031067,
        0.47176722640277924,
        6.29427623631731
    ],
    "steering": [
        5.306773993923259,
        10.199135419435498
    ],
    "features": [
        0.0,
        0.0,
        0.33666666666666667,
        12.55875804540216,
        0.3070575117402416,
        0.18,
        0.0,
        0.0,
        0.043333333333333335
    ],
    "feasible": true
}