{
    "env_name": "IntersectAggressive-TruncateOnly-v0",
    "reward_parameters": [
        0.0,
        10.0,
        0.0,
        0.09645712865015368,
        -0.2483809682283146,
        0.0,
        0.0,
        0.0,
        0.0
    ],
    "constraint_parameters": [
        [
            0,
            0,
            0,
            0,
            0,
            1,
            0,
            0,
            0
        ],
        [
            0,
            0,
            0,
            0,
            0,
            0,
            1,
            0,
            0
        ],
        [
            0,
            0,
            0,
            0,
            0,
            0,
            0,
            1,
            0
        ],
        [
            0,
            0,
            0,
            0,
            0,
            0,
            0,
            0,
            1
        ]
    ],
    "constraint_thresholds": [
        0.2,
        0.2,
        0.05,
        0.1
    ],
    "goal": [
        0.0,
        1.0,
        0.0
    ],
    "acceleration": [
        0.050265305805913145,
        0.3688201268976066,
        5.154784269051406
    ],
    "steering": [
        5.139997061093186,
        11.308364634492493
    ],
    "features": [
        0.0,
        0.23333333333333334,
        0.0,
        10.931512999548177,
        0.19069157300292866,
        0.13666666666666666,
        0.006666666666666667,
        0.03,
        0.023333333333333334
    ],
    "feasible": true
}