{
    "env_name": "IntersectDefensive-TruncateOnly-v0",
    "reward_parameters": [
        10.0,
        0.0,
        0.0,
        0.13798621728194077,
        -0.14522023895005332,
        0.0,
        0.0,
        0.0,
        0.0
    ],
    "constraint_parameters": [
        [
            0,
            0,
            0,
            0,
            0,
            1,
            0,
            0,
            0
        ],
        [
            0,
            0,
            0,
            0,
            0,
            0,
            1,
            0,
            0
        ],
        [
            0,
            0,
            0,
            0,
            0,
            0,
            0,
            1,
            0
        ],
        [
            0,
            0,
            0,
            0,
            0,
            0,
            0,
            0,
            1
        ]
    ],
    "constraint_thresholds": [
        0.2,
        0.2,
        0.05,
        0.1
    ],
    "goal": [
        1.0,
        0.0,
        0.0
    ],
    "acceleration": [
        0.04003006527025557,
        0.3531376286154777,
        4.686097571763105
    ],
    "steering": [
        4.530406964709183,
        12.77011790038206
    ],
    "features": [
        0.21333333333333335,
        0.0,
        0.0,
        10.08340234707391,
        1.9881919522707745,
        0.04,
        0.03,
        0.04,
        0.06
    ],
    "feasible": true
}