{
    "reward_parameters": [
        0.0,
        10.0,
        0.0,
        0.16067324433848043,
        -0.06795850987339305,
        0.0,
        0.0,
        0.0,
        0.0
    ],
    "constraint_parameters": [
        [
            0,
            0,
            0,
            0,
            0,
            1,
            0,
            0,
            0
        ],
        [
            0,
            0,
            0,
            0,
            0,
            0,
            1,
            0,
            0
        ],
        [
            0,
            0,
            0,
            0,
            0,
            0,
            0,
            1,
            0
        ],
        [
            0,
            0,
            0,
            0,
            0,
            0,
            0,
            0,
            1
        ]
    ],
    "constraint_thresholds": [
        0.2,
        0.2,
        0.05,
        0.1
    ],
    "goal": [
        0.0,
        1.0,
        0.0
    ],
    "acceleration": [
        0.03813908654008469,
        1.0230728565130216,
        3.2390109937101474
    ],
    "steering": [
        5.251596388910018,
        9.33317862131077
    ],
    "features": [
        0.0,
        0.22,
        0.0,
        9.987851823662634,
        0.3160009521036335,
        0.06,
        0.03666666666666667,
        0.03666666666666667,
        0.03
    ],
    "feasible": true,
    "env_name": "Intersect-TruncateOnly-v0"
}