{
    "reward_parameters": [
        10.0,
        0.0,
        0.0,
        0.16742559613572444,
        -0.2053492445189698,
        0.0,
        0.0,
        0.0,
        0.0
    ],
    "constraint_parameters": [
        [
            0,
            0,
            0,
            0,
            0,
            1,
            0,
            0,
            0
        ],
        [
            0,
            0,
            0,
            0,
            0,
            0,
            1,
            0,
            0
        ],
        [
            0,
            0,
            0,
            0,
            0,
            0,
            0,
            1,
            0
        ],
        [
            0,
            0,
            0,
            0,
            0,
            0,
            0,
            0,
            1
        ]
    ],
    "constraint_thresholds": [
        0.2,
        0.2,
        0.05,
        0.1
    ],
    "goal": [
        1.0,
        0.0,
        0.0
    ],
    "acceleration": [
        0.06138767435268022,
        0.6942064575872243,
        4.420760641377727
    ],
    "steering": [
        4.82178824421155,
        3.8873154940471784
    ],
    "features": [
        0.17333333333333334,
        0.0,
        0.0,
        9.277222012118001,
        1.3785758743192387,
        0.19333333333333333,
        0.05,
        0.03666666666666667,
        0.08333333333333333
    ],
    "feasible": true,
    "env_name": "Intersect-TruncateOnly-v0"
}