{
    "env_name": "IntersectAggressive-TruncateOnly-v0",
    "reward_parameters": [
        0.0,
        0.0,
        10.0,
        0.1545376540058932,
        -0.3994693884170344,
        0.0,
        0.0,
        0.0,
        0.0
    ],
    "constraint_parameters": [
        [
            0,
            0,
            0,
            0,
            0,
            1,
            0,
            0,
            0
        ],
        [
            0,
            0,
            0,
            0,
            0,
            0,
            1,
            0,
            0
        ],
        [
            0,
            0,
            0,
            0,
            0,
            0,
            0,
            1,
            0
        ],
        [
            0,
            0,
            0,
            0,
            0,
            0,
            0,
            0,
            1
        ]
    ],
    "constraint_thresholds": [
        0.2,
        0.2,
        0.05,
        0.1
    ],
    "goal": [
        0.0,
        0.0,
        1.0
    ],
    "acceleration": [
        0.0432977631408827,
        1.7694161884439255,
        2.4622747136601246
    ],
    "steering": [
        5.39825797364956,
        10.332920487593206
    ],
    "features": [
        0.0,
        0.0,
        0.35,
        11.673134036244866,
        0.31143171773147266,
        0.09,
        0.0,
        0.0,
        0.043333333333333335
    ],
    "feasible": true
}