{
    "reward_parameters": [
        0.0,
        10.0,
        0.0,
        0.19179978865897532,
        -0.3544368478069866,
        0.0,
        0.0,
        0.0,
        0.0
    ],
    "constraint_parameters": [
        [
            0,
            0,
            0,
            0,
            0,
            1,
            0,
            0,
            0
        ],
        [
            0,
            0,
            0,
            0,
            0,
            0,
            1,
            0,
            0
        ],
        [
            0,
            0,
            0,
            0,
            0,
            0,
            0,
            1,
            0
        ],
        [
            0,
            0,
            0,
            0,
            0,
            0,
            0,
            0,
            1
        ]
    ],
    "constraint_thresholds": [
        0.2,
        0.2,
        0.05,
        0.1
    ],
    "goal": [
        0.0,
        1.0,
        0.0
    ],
    "acceleration": [
        0.04835115452833764,
        -0.022807519165225387,
        2.9882569194626285
    ],
    "steering": [
        4.962303186204678,
        3.910579066904038
    ],
    "features": [
        0.0,
        0.25,
        0.0,
        10.808121684273136,
        0.1660400773243899,
        0.13,
        0.03666666666666667,
        0.023333333333333334,
        0.05
    ],
    "feasible": true,
    "env_name": "Intersect-TruncateOnly-v0"
}