{
    "env_name": "IntersectAggressive-TruncateOnly-v0",
    "reward_parameters": [
        0.0,
        0.0,
        10.0,
        -0.012648200566624274,
        -0.04029392781413868,
        0.0,
        0.0,
        0.0,
        0.0
    ],
    "constraint_parameters": [
        [
            0,
            0,
            0,
            0,
            0,
            1,
            0,
            0,
            0
        ],
        [
            0,
            0,
            0,
            0,
            0,
            0,
            1,
            0,
            0
        ],
        [
            0,
            0,
            0,
            0,
            0,
            0,
            0,
            1,
            0
        ],
        [
            0,
            0,
            0,
            0,
            0,
            0,
            0,
            0,
            1
        ]
    ],
    "constraint_thresholds": [
        0.2,
        0.2,
        0.05,
        0.1
    ],
    "goal": [
        0.0,
        0.0,
        1.0
    ],
    "acceleration": [
        0.03190079496625475,
        0.6586814251619734,
        3.1031059202381135
    ],
    "steering": [
        5.150686174262106,
        5.847587854991001
    ],
    "features": [
        0.0,
        0.0,
        0.32,
        11.408610644685533,
        0.30123521475116677,
        0.03,
        0.0033333333333333335,
        0.04,
        0.043333333333333335
    ],
    "feasible": true
}