{
    "reward_parameters": [
        10.0,
        0.0,
        0.0,
        0.01985293437735587,
        -0.15821429684629454,
        0.0,
        0.0,
        0.0,
        0.0
    ],
    "constraint_parameters": [
        [
            0,
            0,
            0,
            0,
            0,
            1,
            0,
            0,
            0
        ],
        [
            0,
            0,
            0,
            0,
            0,
            0,
            1,
            0,
            0
        ],
        [
            0,
            0,
            0,
            0,
            0,
            0,
            0,
            1,
            0
        ],
        [
            0,
            0,
            0,
            0,
            0,
            0,
            0,
            0,
            1
        ]
    ],
    "constraint_thresholds": [
        0.2,
        0.2,
        0.05,
        0.1
    ],
    "goal": [
        1.0,
        0.0,
        0.0
    ],
    "acceleration": [
        0.030942188879595073,
        0.274024655780839,
        6.305440197628376
    ],
    "steering": [
        4.638473729204483,
        10.48718951112686
    ],
    "features": [
        0.21,
        0.0,
        0.0,
        10.103546764478121,
        2.9799650835473366,
        0.023333333333333334,
        0.006666666666666667,
        0.04666666666666667,
        0.08666666666666667
    ],
    "feasible": true,
    "env_name": "Intersect-TruncateOnly-v0"
}