{
    "reward_parameters": [
        10.0,
        0.0,
        0.0,
        0.12797157061517825,
        -0.3782671698516343,
        0.0,
        0.0,
        0.0,
        0.0
    ],
    "constraint_parameters": [
        [
            0,
            0,
            0,
            0,
            0,
            1,
            0,
            0,
            0
        ],
        [
            0,
            0,
            0,
            0,
            0,
            0,
            1,
            0,
            0
        ],
        [
            0,
            0,
            0,
            0,
            0,
            0,
            0,
            1,
            0
        ],
        [
            0,
            0,
            0,
            0,
            0,
            0,
            0,
            0,
            1
        ]
    ],
    "constraint_thresholds": [
        0.2,
        0.2,
        0.05,
        0.1
    ],
    "goal": [
        1.0,
        0.0,
        0.0
    ],
    "acceleration": [
        0.04715353403017854,
        0.5890839591539525,
        4.820164024238831
    ],
    "steering": [
        4.967748723706951,
        13.7831073014333
    ],
    "features": [
        0.21666666666666667,
        0.0,
        0.0,
        9.945629614501682,
        2.3680525990656656,
        0.12,
        0.03666666666666667,
        0.03333333333333333,
        0.05
    ],
    "feasible": true,
    "env_name": "Intersect-TruncateOnly-v0"
}