{
    "reward_parameters": [
        0.0,
        10.0,
        0.0,
        -0.028652508671287935,
        -0.16038201248889972,
        0.0,
        0.0,
        0.0,
        0.0
    ],
    "constraint_parameters": [
        [
            0,
            0,
            0,
            0,
            0,
            1,
            0,
            0,
            0
        ],
        [
            0,
            0,
            0,
            0,
            0,
            0,
            1,
            0,
            0
        ],
        [
            0,
            0,
            0,
            0,
            0,
            0,
            0,
            1,
            0
        ],
        [
            0,
            0,
            0,
            0,
            0,
            0,
            0,
            0,
            1
        ]
    ],
    "constraint_thresholds": [
        0.2,
        0.2,
        0.05,
        0.1
    ],
    "goal": [
        0.0,
        1.0,
        0.0
    ],
    "acceleration": [
        0.046983288839574325,
        0.8147554615077763,
        3.506980541728833
    ],
    "steering": [
        6.086124898410188,
        5.201408100737091
    ],
    "features": [
        0.0,
        0.21666666666666667,
        0.0,
        10.055000017238312,
        0.16947927139117352,
        0.12333333333333334,
        0.01,
        0.03666666666666667,
        0.043333333333333335
    ],
    "feasible": true,
    "env_name": "Intersect-TruncateOnly-v0"
}