{
    "env_name": "IntersectDefensive-TruncateOnly-v0",
    "reward_parameters": [
        0.0,
        10.0,
        0.0,
        0.10741274343445024,
        -0.15494479924504984,
        0.0,
        0.0,
        0.0,
        0.0
    ],
    "constraint_parameters": [
        [
            0,
            0,
            0,
            0,
            0,
            1,
            0,
            0,
            0
        ],
        [
            0,
            0,
            0,
            0,
            0,
            0,
            1,
            0,
            0
        ],
        [
            0,
            0,
            0,
            0,
            0,
            0,
            0,
            1,
            0
        ],
        [
            0,
            0,
            0,
            0,
            0,
            0,
            0,
            0,
            1
        ]
    ],
    "constraint_thresholds": [
        0.2,
        0.2,
        0.05,
        0.1
    ],
    "goal": [
        0.0,
        1.0,
        0.0
    ],
    "acceleration": [
        0.0423393455936604,
        0.02267970380199369,
        6.7772065200770735
    ],
    "steering": [
        4.552030487432444,
        8.624230082515213
    ],
    "features": [
        0.0,
        0.21333333333333335,
        0.0,
        10.381656021731327,
        0.14096347981651333,
        0.08666666666666667,
        0.02,
        0.0,
        0.03333333333333333
    ],
    "feasible": true
}