{
    "env_name": "IntersectDefensive-TruncateOnly-v0",
    "reward_parameters": [
        0.0,
        10.0,
        0.0,
        -0.030847524221645356,
        -0.1476646801085428,
        0.0,
        0.0,
        0.0,
        0.0
    ],
    "constraint_parameters": [
        [
            0,
            0,
            0,
            0,
            0,
            1,
            0,
            0,
            0
        ],
        [
            0,
            0,
            0,
            0,
            0,
            0,
            1,
            0,
            0
        ],
        [
            0,
            0,
            0,
            0,
            0,
            0,
            0,
            1,
            0
        ],
        [
            0,
            0,
            0,
            0,
            0,
            0,
            0,
            0,
            1
        ]
    ],
    "constraint_thresholds": [
        0.2,
        0.2,
        0.05,
        0.1
    ],
    "goal": [
        0.0,
        1.0,
        0.0
    ],
    "acceleration": [
        0.04080124865407755,
        0.42970776115391746,
        0.8572005346994942
    ],
    "steering": [
        4.8296022101484075,
        9.350196360989791
    ],
    "features": [
        0.0,
        0.25,
        0.0,
        10.380562184889039,
        0.15523410838488438,
        0.13666666666666666,
        0.016666666666666666,
        0.04666666666666667,
        0.03666666666666667
    ],
    "feasible": true
}