{
    "reward_parameters": [
        0.0,
        10.0,
        0.0,
        0.06835064965607106,
        -0.2592091419258813,
        0.0,
        0.0,
        0.0,
        0.0
    ],
    "constraint_parameters": [
        [
            0,
            0,
            0,
            0,
            0,
            1,
            0,
            0,
            0
        ],
        [
            0,
            0,
            0,
            0,
            0,
            0,
            1,
            0,
            0
        ],
        [
            0,
            0,
            0,
            0,
            0,
            0,
            0,
            1,
            0
        ],
        [
            0,
            0,
            0,
            0,
            0,
            0,
            0,
            0,
            1
        ]
    ],
    "constraint_thresholds": [
        0.2,
        0.2,
        0.05,
        0.1
    ],
    "goal": [
        0.0,
        1.0,
        0.0
    ],
    "acceleration": [
        0.04805229348141323,
        0.19660571753617093,
        3.505111448759366
    ],
    "steering": [
        5.515407608671263,
        9.350224826292287
    ],
    "features": [
        0.0,
        0.26666666666666666,
        0.0,
        12.038086293188075,
        0.1313621450207425,
        0.17666666666666667,
        0.0,
        0.04,
        0.05333333333333334
    ],
    "feasible": true,
    "env_name": "Intersect-TruncateOnly-v0"
}