{
    "env_name": "IntersectDefensive-TruncateOnly-v0",
    "reward_parameters": [
        0.0,
        10.0,
        0.0,
        0.28692276752541906,
        -0.22045364581852492,
        0.0,
        0.0,
        0.0,
        0.0
    ],
    "constraint_parameters": [
        [
            0,
            0,
            0,
            0,
            0,
            1,
            0,
            0,
            0
        ],
        [
            0,
            0,
            0,
            0,
            0,
            0,
            1,
            0,
            0
        ],
        [
            0,
            0,
            0,
            0,
            0,
            0,
            0,
            1,
            0
        ],
        [
            0,
            0,
            0,
            0,
            0,
            0,
            0,
            0,
            1
        ]
    ],
    "constraint_thresholds": [
        0.2,
        0.2,
        0.05,
        0.1
    ],
    "goal": [
        0.0,
        1.0,
        0.0
    ],
    "acceleration": [
        0.04122486731829637,
        0.02266170596452244,
        2.5127347218803813
    ],
    "steering": [
        4.901720057634919,
        18.05657617255428
    ],
    "features": [
        0.0,
        0.22666666666666666,
        0.0,
        10.872194613010869,
        0.2767658063891869,
        0.12666666666666668,
        0.0033333333333333335,
        0.03333333333333333,
        0.02
    ],
    "feasible": true
}