{
    "env_name": "IntersectDefensive-TruncateOnly-v0",
    "reward_parameters": [
        0.0,
        0.0,
        10.0,
        0.27088772602427647,
        -0.15953063642022758,
        0.0,
        0.0,
        0.0,
        0.0
    ],
    "constraint_parameters": [
        [
            0,
            0,
            0,
            0,
            0,
            1,
            0,
            0,
            0
        ],
        [
            0,
            0,
            0,
            0,
            0,
            0,
            1,
            0,
            0
        ],
        [
            0,
            0,
            0,
            0,
            0,
            0,
            0,
            1,
            0
        ],
        [
            0,
            0,
            0,
            0,
            0,
            0,
            0,
            0,
            1
        ]
    ],
    "constraint_thresholds": [
        0.2,
        0.2,
        0.05,
        0.1
    ],
    "goal": [
        0.0,
        0.0,
        1.0
    ],
    "acceleration": [
        0.0418327794461403,
        -0.1872909919194872,
        5.6225100698229795
    ],
    "steering": [
        5.200612662072384,
        16.863588065637234
    ],
    "features": [
        0.0,
        0.0,
        0.3333333333333333,
        12.347004588881143,
        0.6143528742207768,
        0.18,
        0.0,
        0.0,
        0.04666666666666667
    ],
    "feasible": true
}