{
    "reward_parameters": [
        0.0,
        0.0,
        10.0,
        0.12273174313207659,
        -0.19625695584986635,
        0.0,
        0.0,
        0.0,
        0.0
    ],
    "constraint_parameters": [
        [
            0,
            0,
            0,
            0,
            0,
            1,
            0,
            0,
            0
        ],
        [
            0,
            0,
            0,
            0,
            0,
            0,
            1,
            0,
            0
        ],
        [
            0,
            0,
            0,
            0,
            0,
            0,
            0,
            1,
            0
        ],
        [
            0,
            0,
            0,
            0,
            0,
            0,
            0,
            0,
            1
        ]
    ],
    "constraint_thresholds": [
        0.2,
        0.2,
        0.05,
        0.1
    ],
    "goal": [
        0.0,
        0.0,
        1.0
    ],
    "acceleration": [
        0.039505618310592,
        1.0036305869085314,
        6.427168136901483
    ],
    "steering": [
        5.110381441574263,
        7.584147756393502
    ],
    "features": [
        0.0,
        0.0,
        0.3433333333333333,
        11.342655930420095,
        0.24319214862667346,
        0.043333333333333335,
        0.0,
        0.0,
        0.03
    ],
    "feasible": true,
    "env_name": "Intersect-TruncateOnly-v0"
}