{
    "env_name": "IntersectAggressive-TruncateOnly-v0",
    "reward_parameters": [
        10.0,
        0.0,
        0.0,
        -0.0069735492167477126,
        -0.29306996480027175,
        0.0,
        0.0,
        0.0,
        0.0
    ],
    "constraint_parameters": [
        [
            0,
            0,
            0,
            0,
            0,
            1,
            0,
            0,
            0
        ],
        [
            0,
            0,
            0,
            0,
            0,
            0,
            1,
            0,
            0
        ],
        [
            0,
            0,
            0,
            0,
            0,
            0,
            0,
            1,
            0
        ],
        [
            0,
            0,
            0,
            0,
            0,
            0,
            0,
            0,
            1
        ]
    ],
    "constraint_thresholds": [
        0.2,
        0.2,
        0.05,
        0.1
    ],
    "goal": [
        1.0,
        0.0,
        0.0
    ],
    "acceleration": [
        0.11713734872532666,
        0.7724301992893271,
        5.216035774682229
    ],
    "steering": [
        5.064726858510766,
        9.603661404158053
    ],
    "features": [
        0.14,
        0.0,
        0.0,
        9.11547689694533,
        1.2272076675629624,
        0.19666666666666666,
        0.03333333333333333,
        0.05,
        0.03
    ],
    "feasible": true
}