{
    "env_name": "IntersectDefensive-TruncateOnly-v0",
    "reward_parameters": [
        0.0,
        0.0,
        10.0,
        0.01985293437735587,
        -0.15821429684629454,
        0.0,
        0.0,
        0.0,
        0.0
    ],
    "constraint_parameters": [
        [
            0,
            0,
            0,
            0,
            0,
            1,
            0,
            0,
            0
        ],
        [
            0,
            0,
            0,
            0,
            0,
            0,
            1,
            0,
            0
        ],
        [
            0,
            0,
            0,
            0,
            0,
            0,
            0,
            1,
            0
        ],
        [
            0,
            0,
            0,
            0,
            0,
            0,
            0,
            0,
            1
        ]
    ],
    "constraint_thresholds": [
        0.2,
        0.2,
        0.05,
        0.1
    ],
    "goal": [
        0.0,
        0.0,
        1.0
    ],
    "acceleration": [
        0.03613718594689814,
        0.3785280486795352,
        2.580266235966036
    ],
    "steering": [
        5.404011346955375,
        15.803019141986653
    ],
    "features": [
        0.0,
        0.0,
        0.33666666666666667,
        11.680994684965336,
        0.37137646466563945,
        0.04666666666666667,
        0.0,
        0.0,
        0.03333333333333333
    ],
    "feasible": true
}