{
    "reward_parameters": [
        0.0,
        10.0,
        0.0,
        -0.048368003593937836,
        -0.3178129943363638,
        0.0,
        0.0,
        0.0,
        0.0
    ],
    "constraint_parameters": [
        [
            0,
            0,
            0,
            0,
            0,
            1,
            0,
            0,
            0
        ],
        [
            0,
            0,
            0,
            0,
            0,
            0,
            1,
            0,
            0
        ],
        [
            0,
            0,
            0,
            0,
            0,
            0,
            0,
            1,
            0
        ],
        [
            0,
            0,
            0,
            0,
            0,
            0,
            0,
            0,
            1
        ]
    ],
    "constraint_thresholds": [
        0.2,
        0.2,
        0.05,
        0.1
    ],
    "goal": [
        0.0,
        1.0,
        0.0
    ],
    "acceleration": [
        0.049424709337173495,
        0.7408972991547854,
        2.6865814133927897
    ],
    "steering": [
        5.006266847117461,
        7.896394922399344
    ],
    "features": [
        0.0,
        0.22666666666666666,
        0.0,
        10.22544366578935,
        0.15715484782268244,
        0.13666666666666666,
        0.05,
        0.04,
        0.03
    ],
    "feasible": true,
    "env_name": "Intersect-TruncateOnly-v0"
}