{
    "reward_parameters": [
        0.0,
        10.0,
        0.0,
        0.18100902303449337,
        -0.22783824869373492,
        0.0,
        0.0,
        0.0,
        0.0
    ],
    "constraint_parameters": [
        [
            0,
            0,
            0,
            0,
            0,
            1,
            0,
            0,
            0
        ],
        [
            0,
            0,
            0,
            0,
            0,
            0,
            1,
            0,
            0
        ],
        [
            0,
            0,
            0,
            0,
            0,
            0,
            0,
            1,
            0
        ],
        [
            0,
            0,
            0,
            0,
            0,
            0,
            0,
            0,
            1
        ]
    ],
    "constraint_thresholds": [
        0.2,
        0.2,
        0.05,
        0.1
    ],
    "goal": [
        0.0,
        1.0,
        0.0
    ],
    "acceleration": [
        0.053477480396532974,
        0.575382650981755,
        5.656634702446297
    ],
    "steering": [
        4.788048825837144,
        3.5449633201502193
    ],
    "features": [
        0.0,
        0.22,
        0.0,
        9.802018572905947,
        0.17575666494468925,
        0.14666666666666667,
        0.07,
        0.03333333333333333,
        0.02666666666666667
    ],
    "feasible": true,
    "env_name": "Intersect-TruncateOnly-v0"
}