{
    "env_name": "IntersectDefensive-TruncateOnly-v0",
    "reward_parameters": [
        0.0,
        10.0,
        0.0,
        0.12182970183832502,
        -0.1710743893580072,
        0.0,
        0.0,
        0.0,
        0.0
    ],
    "constraint_parameters": [
        [
            0,
            0,
            0,
            0,
            0,
            1,
            0,
            0,
            0
        ],
        [
            0,
            0,
            0,
            0,
            0,
            0,
            1,
            0,
            0
        ],
        [
            0,
            0,
            0,
            0,
            0,
            0,
            0,
            1,
            0
        ],
        [
            0,
            0,
            0,
            0,
            0,
            0,
            0,
            0,
            1
        ]
    ],
    "constraint_thresholds": [
        0.2,
        0.2,
        0.05,
        0.1
    ],
    "goal": [
        0.0,
        1.0,
        0.0
    ],
    "acceleration": [
        0.062459912943568216,
        1.3556248187153501,
        2.4816961279547063
    ],
    "steering": [
        4.560509142014523,
        12.332637193311971
    ],
    "features": [
        0.0,
        0.25333333333333335,
        0.0,
        10.591544652818955,
        0.27520153784170276,
        0.19666666666666666,
        0.013333333333333334,
        0.03333333333333333,
        0.02666666666666667
    ],
    "feasible": true
}