{
    "env_name": "IntersectDefensive-TruncateOnly-v0",
    "reward_parameters": [
        10.0,
        0.0,
        0.0,
        -0.00840058575095022,
        -0.16125290763670996,
        0.0,
        0.0,
        0.0,
        0.0
    ],
    "constraint_parameters": [
        [
            0,
            0,
            0,
            0,
            0,
            1,
            0,
            0,
            0
        ],
        [
            0,
            0,
            0,
            0,
            0,
            0,
            1,
            0,
            0
        ],
        [
            0,
            0,
            0,
            0,
            0,
            0,
            0,
            1,
            0
        ],
        [
            0,
            0,
            0,
            0,
            0,
            0,
            0,
            0,
            1
        ]
    ],
    "constraint_thresholds": [
        0.2,
        0.2,
        0.05,
        0.1
    ],
    "goal": [
        1.0,
        0.0,
        0.0
    ],
    "acceleration": [
        0.04149743837264202,
        1.306611597955317,
        2.1162861364045984
    ],
    "steering": [
        4.448131774366569,
        15.425241677667225
    ],
    "features": [
        0.27666666666666667,
        0.0,
        0.0,
        10.644960591531296,
        2.1093962993995183,
        0.08333333333333333,
        0.0033333333333333335,
        0.03666666666666667,
        0.056666666666666664
    ],
    "feasible": true
}