{
    "env_name": "IntersectAggressive-TruncateOnly-v0",
    "reward_parameters": [
        0.0,
        0.0,
        10.0,
        0.21779997035035067,
        -0.190635332538584,
        0.0,
        0.0,
        0.0,
        0.0
    ],
    "constraint_parameters": [
        [
            0,
            0,
            0,
            0,
            0,
            1,
            0,
            0,
            0
        ],
        [
            0,
            0,
            0,
            0,
            0,
            0,
            1,
            0,
            0
        ],
        [
            0,
            0,
            0,
            0,
            0,
            0,
            0,
            1,
            0
        ],
        [
            0,
            0,
            0,
            0,
            0,
            0,
            0,
            0,
            1
        ]
    ],
    "constraint_thresholds": [
        0.2,
        0.2,
        0.05,
        0.1
    ],
    "goal": [
        0.0,
        0.0,
        1.0
    ],
    "acceleration": [
        0.03494574865354732,
        0.19453568674275995,
        8.197865501936345
    ],
    "steering": [
        4.96705056719384,
        12.668349353474401
    ],
    "features": [
        0.0,
        0.0,
        0.3233333333333333,
        11.634307066085578,
        0.37296347067748264,
        0.04,
        0.03666666666666667,
        0.03333333333333333,
        0.02666666666666667
    ],
    "feasible": true
}