{
    "reward_parameters": [
        0.0,
        0.0,
        10.0,
        0.1,
        0.0,
        0.0,
        0.0,
        0.0,
        0.0
    ],
    "constraint_parameters": [
        [
            0,
            0,
            0,
            0,
            0,
            1,
            0,
            0,
            0
        ],
        [
            0,
            0,
            0,
            0,
            0,
            0,
            1,
            0,
            0
        ],
        [
            0,
            0,
            0,
            0,
            0,
            0,
            0,
            1,
            0
        ],
        [
            0,
            0,
            0,
            0,
            0,
            0,
            0,
            0,
            1
        ]
    ],
    "constraint_thresholds": [
        0.2,
        0.2,
        0.05,
        0.1
    ],
    "goal": [
        0.0,
        0.0,
        1.0
    ],
    "acceleration": [
        0.03239584097191003,
        0.8862420292027318,
        6.170810387600362
    ],
    "steering": [
        5.220165857170224,
        13.907670798618582
    ],
    "features": [
        0.0,
        0.0,
        0.37333333333333335,
        11.94710564913774,
        0.20435346873825147,
        0.06,
        0.0,
        0.0,
        0.013333333333333334
    ],
    "feasible": true,
    "env_name": "Intersect-TruncateOnly-v0"
}