{
    "env_name": "IntersectAggressive-TruncateOnly-v0",
    "reward_parameters": [
        0.0,
        10.0,
        0.0,
        0.1419995670419576,
        -0.23187161353881466,
        0.0,
        0.0,
        0.0,
        0.0
    ],
    "constraint_parameters": [
        [
            0,
            0,
            0,
            0,
            0,
            1,
            0,
            0,
            0
        ],
        [
            0,
            0,
            0,
            0,
            0,
            0,
            1,
            0,
            0
        ],
        [
            0,
            0,
            0,
            0,
            0,
            0,
            0,
            1,
            0
        ],
        [
            0,
            0,
            0,
            0,
            0,
            0,
            0,
            0,
            1
        ]
    ],
    "constraint_thresholds": [
        0.2,
        0.2,
        0.05,
        0.1
    ],
    "goal": [
        0.0,
        1.0,
        0.0
    ],
    "acceleration": [
        0.061166797976692125,
        0.8709635788967371,
        2.407527575273065
    ],
    "steering": [
        4.867213415861404,
        7.5054025358514735
    ],
    "features": [
        0.0,
        0.22,
        0.0,
        10.156164975135274,
        0.11156122587720395,
        0.17666666666666667,
        0.006666666666666667,
        0.03666666666666667,
        0.03
    ],
    "feasible": true
}