{
    "env_name": "IntersectDefensive-TruncateOnly-v0",
    "reward_parameters": [
        0.0,
        10.0,
        0.0,
        0.09622554197215648,
        -0.23021839085574036,
        0.0,
        0.0,
        0.0,
        0.0
    ],
    "constraint_parameters": [
        [
            0,
            0,
            0,
            0,
            0,
            1,
            0,
            0,
            0
        ],
        [
            0,
            0,
            0,
            0,
            0,
            0,
            1,
            0,
            0
        ],
        [
            0,
            0,
            0,
            0,
            0,
            0,
            0,
            1,
            0
        ],
        [
            0,
            0,
            0,
            0,
            0,
            0,
            0,
            0,
            1
        ]
    ],
    "constraint_thresholds": [
        0.2,
        0.2,
        0.05,
        0.1
    ],
    "goal": [
        0.0,
        1.0,
        0.0
    ],
    "acceleration": [
        0.046986832884885636,
        0.6550739470461778,
        2.373386305092594
    ],
    "steering": [
        5.0616451475172815,
        16.47345687866718
    ],
    "features": [
        0.0,
        0.24666666666666667,
        0.0,
        9.94366390220937,
        0.222513180629701,
        0.14333333333333334,
        0.07,
        0.05,
        0.03333333333333333
    ],
    "feasible": true
}