{
    "env_name": "IntersectAggressive-TruncateOnly-v0",
    "reward_parameters": [
        10.0,
        0.0,
        0.0,
        0.16252424195813547,
        -0.2925843782388629,
        0.0,
        0.0,
        0.0,
        0.0
    ],
    "constraint_parameters": [
        [
            0,
            0,
            0,
            0,
            0,
            1,
            0,
            0,
            0
        ],
        [
            0,
            0,
            0,
            0,
            0,
            0,
            1,
            0,
            0
        ],
        [
            0,
            0,
            0,
            0,
            0,
            0,
            0,
            1,
            0
        ],
        [
            0,
            0,
            0,
            0,
            0,
            0,
            0,
            0,
            1
        ]
    ],
    "constraint_thresholds": [
        0.2,
        0.2,
        0.05,
        0.1
    ],
    "goal": [
        1.0,
        0.0,
        0.0
    ],
    "acceleration": [
        0.03489278586846975,
        0.2137884842066864,
        6.328200774448867
    ],
    "steering": [
        5.088675603554325,
        11.358514788210531
    ],
    "features": [
        0.20333333333333334,
        0.0,
        0.0,
        9.665378759322271,
        3.4596225119706796,
        0.03666666666666667,
        0.01,
        0.04,
        0.043333333333333335
    ],
    "feasible": true
}