{
    "env_name": "IntersectDefensive-TruncateOnly-v0",
    "reward_parameters": [
        0.0,
        0.0,
        10.0,
        -0.038978686496262294,
        -0.13947370656468763,
        0.0,
        0.0,
        0.0,
        0.0
    ],
    "constraint_parameters": [
        [
            0,
            0,
            0,
            0,
            0,
            1,
            0,
            0,
            0
        ],
        [
            0,
            0,
            0,
            0,
            0,
            0,
            1,
            0,
            0
        ],
        [
            0,
            0,
            0,
            0,
            0,
            0,
            0,
            1,
            0
        ],
        [
            0,
            0,
            0,
            0,
            0,
            0,
            0,
            0,
            1
        ]
    ],
    "constraint_thresholds": [
        0.2,
        0.2,
        0.05,
        0.1
    ],
    "goal": [
        0.0,
        0.0,
        1.0
    ],
    "acceleration": [
        0.032087065735769464,
        1.0331485814829586,
        3.4245875454471553
    ],
    "steering": [
        4.995589520608853,
        8.754984214100986
    ],
    "features": [
        0.0,
        0.0,
        0.33,
        11.443650456170426,
        0.26342778994613875,
        0.03,
        0.0,
        0.0,
        0.043333333333333335
    ],
    "feasible": true
}