{
    "reward_parameters": [
        10.0,
        0.0,
        0.0,
        0.15530179708186814,
        -0.38670562191178937,
        0.0,
        0.0,
        0.0,
        0.0
    ],
    "constraint_parameters": [
        [
            0,
            0,
            0,
            0,
            0,
            1,
            0,
            0,
            0
        ],
        [
            0,
            0,
            0,
            0,
            0,
            0,
            1,
            0,
            0
        ],
        [
            0,
            0,
            0,
            0,
            0,
            0,
            0,
            1,
            0
        ],
        [
            0,
            0,
            0,
            0,
            0,
            0,
            0,
            0,
            1
        ]
    ],
    "constraint_thresholds": [
        0.2,
        0.2,
        0.05,
        0.1
    ],
    "goal": [
        1.0,
        0.0,
        0.0
    ],
    "acceleration": [
        0.09374283178096288,
        0.27404064179164356,
        6.10870448971621
    ],
    "steering": [
        4.653562673275049,
        11.655009865842707
    ],
    "features": [
        0.21333333333333335,
        0.0,
        0.0,
        10.38609358568875,
        1.951470295857445,
        0.18666666666666668,
        0.043333333333333335,
        0.03333333333333333,
        0.043333333333333335
    ],
    "feasible": true,
    "env_name": "Intersect-TruncateOnly-v0"
}