{
    "env_name": "IntersectAggressive-TruncateOnly-v0",
    "reward_parameters": [
        10.0,
        0.0,
        0.0,
        0.05474461577379147,
        -0.09627361531159132,
        0.0,
        0.0,
        0.0,
        0.0
    ],
    "constraint_parameters": [
        [
            0,
            0,
            0,
            0,
            0,
            1,
            0,
            0,
            0
        ],
        [
            0,
            0,
            0,
            0,
            0,
            0,
            1,
            0,
            0
        ],
        [
            0,
            0,
            0,
            0,
            0,
            0,
            0,
            1,
            0
        ],
        [
            0,
            0,
            0,
            0,
            0,
            0,
            0,
            0,
            1
        ]
    ],
    "constraint_thresholds": [
        0.2,
        0.2,
        0.05,
        0.1
    ],
    "goal": [
        1.0,
        0.0,
        0.0
    ],
    "acceleration": [
        0.047206645325630764,
        -0.15761840506184457,
        3.3532380910746604
    ],
    "steering": [
        4.8499877779452065,
        7.395504910380323
    ],
    "features": [
        0.24,
        0.0,
        0.0,
        10.136216189775315,
        2.5371664130806995,
        0.11,
        0.04666666666666667,
        0.05,
        0.06
    ],
    "feasible": true
}