{
    "env_name": "IntersectAggressive-TruncateOnly-v0",
    "reward_parameters": [
        10.0,
        0.0,
        0.0,
        0.025589131285889133,
        -0.37079162912018643,
        0.0,
        0.0,
        0.0,
        0.0
    ],
    "constraint_parameters": [
        [
            0,
            0,
            0,
            0,
            0,
            1,
            0,
            0,
            0
        ],
        [
            0,
            0,
            0,
            0,
            0,
            0,
            1,
            0,
            0
        ],
        [
            0,
            0,
            0,
            0,
            0,
            0,
            0,
            1,
            0
        ],
        [
            0,
            0,
            0,
            0,
            0,
            0,
            0,
            0,
            1
        ]
    ],
    "constraint_thresholds": [
        0.2,
        0.2,
        0.05,
        0.1
    ],
    "goal": [
        1.0,
        0.0,
        0.0
    ],
    "acceleration": [
        0.061720820194812995,
        0.5898928699908604,
        9.096298677438034
    ],
    "steering": [
        5.001413632702107,
        12.381547360584351
    ],
    "features": [
        0.22,
        0.0,
        0.0,
        10.337343702272996,
        2.3664450749123054,
        0.17,
        0.02,
        0.04666666666666667,
        0.03
    ],
    "feasible": true
}