{
    "env_name": "IntersectAggressive-TruncateOnly-v0",
    "reward_parameters": [
        0.0,
        10.0,
        0.0,
        0.1561118287504131,
        -0.07659756327101726,
        0.0,
        0.0,
        0.0,
        0.0
    ],
    "constraint_parameters": [
        [
            0,
            0,
            0,
            0,
            0,
            1,
            0,
            0,
            0
        ],
        [
            0,
            0,
            0,
            0,
            0,
            0,
            1,
            0,
            0
        ],
        [
            0,
            0,
            0,
            0,
            0,
            0,
            0,
            1,
            0
        ],
        [
            0,
            0,
            0,
            0,
            0,
            0,
            0,
            0,
            1
        ]
    ],
    "constraint_thresholds": [
        0.2,
        0.2,
        0.05,
        0.1
    ],
    "goal": [
        0.0,
        1.0,
        0.0
    ],
    "acceleration": [
        0.05366467310370371,
        1.261202101985031,
        3.689899784161515
    ],
    "steering": [
        5.023472276651091,
        10.927805963362536
    ],
    "features": [
        0.0,
        0.24,
        0.0,
        10.837660798914909,
        0.1530201676175236,
        0.17,
        0.006666666666666667,
        0.03,
        0.023333333333333334
    ],
    "feasible": true
}