{
    "env_name": "IntersectAggressive-TruncateOnly-v0",
    "reward_parameters": [
        0.0,
        0.0,
        10.0,
        0.21247590928883978,
        -0.1501197402671987,
        0.0,
        0.0,
        0.0,
        0.0
    ],
    "constraint_parameters": [
        [
            0,
            0,
            0,
            0,
            0,
            1,
            0,
            0,
            0
        ],
        [
            0,
            0,
            0,
            0,
            0,
            0,
            1,
            0,
            0
        ],
        [
            0,
            0,
            0,
            0,
            0,
            0,
            0,
            1,
            0
        ],
        [
            0,
            0,
            0,
            0,
            0,
            0,
            0,
            0,
            1
        ]
    ],
    "constraint_thresholds": [
        0.2,
        0.2,
        0.05,
        0.1
    ],
    "goal": [
        0.0,
        0.0,
        1.0
    ],
    "acceleration": [
        0.028705240297642844,
        1.9175534863035946,
        6.212202060459079
    ],
    "steering": [
        5.510438946786596,
        20.472892367344397
    ],
    "features": [
        0.0,
        0.0,
        0.3466666666666667,
        11.492497561747019,
        0.4351419581416916,
        0.006666666666666667,
        0.0033333333333333335,
        0.0,
        0.02666666666666667
    ],
    "feasible": true
}