{
    "env_name": "IntersectAggressive-TruncateOnly-v0",
    "reward_parameters": [
        0.0,
        10.0,
        0.0,
        0.39153922064845736,
        -0.2443655779418432,
        0.0,
        0.0,
        0.0,
        0.0
    ],
    "constraint_parameters": [
        [
            0,
            0,
            0,
            0,
            0,
            1,
            0,
            0,
            0
        ],
        [
            0,
            0,
            0,
            0,
            0,
            0,
            1,
            0,
            0
        ],
        [
            0,
            0,
            0,
            0,
            0,
            0,
            0,
            1,
            0
        ],
        [
            0,
            0,
            0,
            0,
            0,
            0,
            0,
            0,
            1
        ]
    ],
    "constraint_thresholds": [
        0.2,
        0.2,
        0.05,
        0.1
    ],
    "goal": [
        0.0,
        1.0,
        0.0
    ],
    "acceleration": [
        0.052547300225677725,
        0.32182600083189583,
        2.091843915729367
    ],
    "steering": [
        5.296283173031087,
        3.267008822474815
    ],
    "features": [
        0.0,
        0.26666666666666666,
        0.0,
        11.525935972237132,
        0.16499233327472715,
        0.19666666666666666,
        0.03,
        0.04666666666666667,
        0.056666666666666664
    ],
    "feasible": true
}