{
    "reward_parameters": [
        0.0,
        0.0,
        10.0,
        0.11691288237653029,
        -0.266633082138302,
        0.0,
        0.0,
        0.0,
        0.0
    ],
    "constraint_parameters": [
        [
            0,
            0,
            0,
            0,
            0,
            1,
            0,
            0,
            0
        ],
        [
            0,
            0,
            0,
            0,
            0,
            0,
            1,
            0,
            0
        ],
        [
            0,
            0,
            0,
            0,
            0,
            0,
            0,
            1,
            0
        ],
        [
            0,
            0,
            0,
            0,
            0,
            0,
            0,
            0,
            1
        ]
    ],
    "constraint_thresholds": [
        0.2,
        0.2,
        0.05,
        0.1
    ],
    "goal": [
        0.0,
        0.0,
        1.0
    ],
    "acceleration": [
        0.04432136234446568,
        0.5850720032776249,
        4.0502458027004264
    ],
    "steering": [
        4.838269922698867,
        13.087578117134862
    ],
    "features": [
        0.0,
        0.0,
        0.33666666666666667,
        12.201428455924418,
        0.32618456074618213,
        0.12333333333333334,
        0.0,
        0.0,
        0.04666666666666667
    ],
    "feasible": true,
    "env_name": "Intersect-TruncateOnly-v0"
}