{
    "env_name": "IntersectDefensive-TruncateOnly-v0",
    "reward_parameters": [
        0.0,
        10.0,
        0.0,
        0.044344402922438714,
        -0.04220533488216155,
        0.0,
        0.0,
        0.0,
        0.0
    ],
    "constraint_parameters": [
        [
            0,
            0,
            0,
            0,
            0,
            1,
            0,
            0,
            0
        ],
        [
            0,
            0,
            0,
            0,
            0,
            0,
            1,
            0,
            0
        ],
        [
            0,
            0,
            0,
            0,
            0,
            0,
            0,
            1,
            0
        ],
        [
            0,
            0,
            0,
            0,
            0,
            0,
            0,
            0,
            1
        ]
    ],
    "constraint_thresholds": [
        0.2,
        0.2,
        0.05,
        0.1
    ],
    "goal": [
        0.0,
        1.0,
        0.0
    ],
    "acceleration": [
        0.03292238542342959,
        1.0172872508275663,
        5.978473391504081
    ],
    "steering": [
        4.797433507125288,
        4.78185241203028
    ],
    "features": [
        0.0,
        0.25,
        0.0,
        10.800998842921235,
        0.20216317744946416,
        0.02,
        0.0033333333333333335,
        0.0,
        0.04
    ],
    "feasible": true
}