{
    "env_name": "IntersectAggressive-TruncateOnly-v0",
    "reward_parameters": [
        0.0,
        0.0,
        10.0,
        0.05852009837628427,
        -0.24967117918325077,
        0.0,
        0.0,
        0.0,
        0.0
    ],
    "constraint_parameters": [
        [
            0,
            0,
            0,
            0,
            0,
            1,
            0,
            0,
            0
        ],
        [
            0,
            0,
            0,
            0,
            0,
            0,
            1,
            0,
            0
        ],
        [
            0,
            0,
            0,
            0,
            0,
            0,
            0,
            1,
            0
        ],
        [
            0,
            0,
            0,
            0,
            0,
            0,
            0,
            0,
            1
        ]
    ],
    "constraint_thresholds": [
        0.2,
        0.2,
        0.05,
        0.1
    ],
    "goal": [
        0.0,
        0.0,
        1.0
    ],
    "acceleration": [
        0.03777442695445143,
        0.7409221453666881,
        2.823182218793884
    ],
    "steering": [
        4.795438056197222,
        20.128849622944507
    ],
    "features": [
        0.0,
        0.0,
        0.34,
        11.000480519988075,
        0.6045128182162182,
        0.07666666666666666,
        0.01,
        0.0,
        0.03
    ],
    "feasible": true
}