{
    "env_name": "IntersectDefensive-TruncateOnly-v0",
    "reward_parameters": [
        10.0,
        0.0,
        0.0,
        -0.11904566078540535,
        -0.10951301892108206,
        0.0,
        0.0,
        0.0,
        0.0
    ],
    "constraint_parameters": [
        [
            0,
            0,
            0,
            0,
            0,
            1,
            0,
            0,
            0
        ],
        [
            0,
            0,
            0,
            0,
            0,
            0,
            1,
            0,
            0
        ],
        [
            0,
            0,
            0,
            0,
            0,
            0,
            0,
            1,
            0
        ],
        [
            0,
            0,
            0,
            0,
            0,
            0,
            0,
            0,
            1
        ]
    ],
    "constraint_thresholds": [
        0.2,
        0.2,
        0.05,
        0.1
    ],
    "goal": [
        1.0,
        0.0,
        0.0
    ],
    "acceleration": [
        0.053964180455592065,
        -0.04101187289797828,
        2.6687368285806605
    ],
    "steering": [
        5.17892775115568,
        11.046265388583324
    ],
    "features": [
        0.19333333333333333,
        0.0,
        0.0,
        9.516106454704984,
        2.744628794091399,
        0.14666666666666667,
        0.056666666666666664,
        0.03666666666666667,
        0.04666666666666667
    ],
    "feasible": true
}