{
    "env_name": "IntersectAggressive-TruncateOnly-v0",
    "reward_parameters": [
        10.0,
        0.0,
        0.0,
        0.20485998874150838,
        -0.325277791355454,
        0.0,
        0.0,
        0.0,
        0.0
    ],
    "constraint_parameters": [
        [
            0,
            0,
            0,
            0,
            0,
            1,
            0,
            0,
            0
        ],
        [
            0,
            0,
            0,
            0,
            0,
            0,
            1,
            0,
            0
        ],
        [
            0,
            0,
            0,
            0,
            0,
            0,
            0,
            1,
            0
        ],
        [
            0,
            0,
            0,
            0,
            0,
            0,
            0,
            0,
            1
        ]
    ],
    "constraint_thresholds": [
        0.2,
        0.2,
        0.05,
        0.1
    ],
    "goal": [
        1.0,
        0.0,
        0.0
    ],
    "acceleration": [
        0.06803939036524127,
        0.5557586197630109,
        1.1569996903036
    ],
    "steering": [
        5.201219147123429,
        11.257762567590861
    ],
    "features": [
        0.23666666666666666,
        0.0,
        0.0,
        10.598929983819268,
        2.968643081032825,
        0.19333333333333333,
        0.0033333333333333335,
        0.05,
        0.05
    ],
    "feasible": true
}