{
    "env_name": "IntersectDefensive-TruncateOnly-v0",
    "reward_parameters": [
        10.0,
        0.0,
        0.0,
        -0.03944901703015541,
        -0.06305699729474562,
        0.0,
        0.0,
        0.0,
        0.0
    ],
    "constraint_parameters": [
        [
            0,
            0,
            0,
            0,
            0,
            1,
            0,
            0,
            0
        ],
        [
            0,
            0,
            0,
            0,
            0,
            0,
            1,
            0,
            0
        ],
        [
            0,
            0,
            0,
            0,
            0,
            0,
            0,
            1,
            0
        ],
        [
            0,
            0,
            0,
            0,
            0,
            0,
            0,
            0,
            1
        ]
    ],
    "constraint_thresholds": [
        0.2,
        0.2,
        0.05,
        0.1
    ],
    "goal": [
        1.0,
        0.0,
        0.0
    ],
    "acceleration": [
        0.02904053124526958,
        -0.042221232526776065,
        5.721878845099088
    ],
    "steering": [
        4.693370280090033,
        8.743381340658175
    ],
    "features": [
        0.20333333333333334,
        0.0,
        0.0,
        9.485671912971885,
        3.003437960898188,
        0.023333333333333334,
        0.02,
        0.04666666666666667,
        0.08
    ],
    "feasible": true
}