{
    "env_name": "IntersectDefensive-TruncateOnly-v0",
    "reward_parameters": [
        0.0,
        0.0,
        10.0,
        0.10367704254655416,
        -0.2474985414874074,
        0.0,
        0.0,
        0.0,
        0.0
    ],
    "constraint_parameters": [
        [
            0,
            0,
            0,
            0,
            0,
            1,
            0,
            0,
            0
        ],
        [
            0,
            0,
            0,
            0,
            0,
            0,
            1,
            0,
            0
        ],
        [
            0,
            0,
            0,
            0,
            0,
            0,
            0,
            1,
            0
        ],
        [
            0,
            0,
            0,
            0,
            0,
            0,
            0,
            0,
            1
        ]
    ],
    "constraint_thresholds": [
        0.2,
        0.2,
        0.05,
        0.1
    ],
    "goal": [
        0.0,
        0.0,
        1.0
    ],
    "acceleration": [
        0.029869136933695493,
        0.5364122916710838,
        5.759993353928853
    ],
    "steering": [
        5.572764391017361,
        15.280736140797462
    ],
    "features": [
        0.0,
        0.0,
        0.33,
        11.378153547743759,
        0.31816113909377924,
        0.013333333333333334,
        0.0033333333333333335,
        0.0,
        0.023333333333333334
    ],
    "feasible": true
}