{
    "env_name": "IntersectAggressive-TruncateOnly-v0",
    "reward_parameters": [
        10.0,
        0.0,
        0.0,
        -0.010229227589157008,
        -0.26908866264548054,
        0.0,
        0.0,
        0.0,
        0.0
    ],
    "constraint_parameters": [
        [
            0,
            0,
            0,
            0,
            0,
            1,
            0,
            0,
            0
        ],
        [
            0,
            0,
            0,
            0,
            0,
            0,
            1,
            0,
            0
        ],
        [
            0,
            0,
            0,
            0,
            0,
            0,
            0,
            1,
            0
        ],
        [
            0,
            0,
            0,
            0,
            0,
            0,
            0,
            0,
            1
        ]
    ],
    "constraint_thresholds": [
        0.2,
        0.2,
        0.05,
        0.1
    ],
    "goal": [
        1.0,
        0.0,
        0.0
    ],
    "acceleration": [
        0.04813265050681731,
        -0.012912270872090348,
        2.012637400654774
    ],
    "steering": [
        5.619569050425111,
        14.040491484439706
    ],
    "features": [
        0.25666666666666665,
        0.0,
        0.0,
        10.342849050377124,
        2.8667333631110994,
        0.13,
        0.03,
        0.04666666666666667,
        0.08
    ],
    "feasible": true
}