{
    "env_name": "IntersectDefensive-TruncateOnly-v0",
    "reward_parameters": [
        0.0,
        10.0,
        0.0,
        0.18284857930971485,
        -0.11821052380253773,
        0.0,
        0.0,
        0.0,
        0.0
    ],
    "constraint_parameters": [
        [
            0,
            0,
            0,
            0,
            0,
            1,
            0,
            0,
            0
        ],
        [
            0,
            0,
            0,
            0,
            0,
            0,
            1,
            0,
            0
        ],
        [
            0,
            0,
            0,
            0,
            0,
            0,
            0,
            1,
            0
        ],
        [
            0,
            0,
            0,
            0,
            0,
            0,
            0,
            0,
            1
        ]
    ],
    "constraint_thresholds": [
        0.2,
        0.2,
        0.05,
        0.1
    ],
    "goal": [
        0.0,
        1.0,
        0.0
    ],
    "acceleration": [
        0.04504636103033458,
        0.26051291354535167,
        3.58550894279584
    ],
    "steering": [
        4.716877771947363,
        18.47187698396023
    ],
    "features": [
        0.0,
        0.25,
        0.0,
        11.046979343805624,
        0.4498871133140054,
        0.14333333333333334,
        0.0033333333333333335,
        0.03333333333333333,
        0.03333333333333333
    ],
    "feasible": true
}