{
    "reward_parameters": [
        0.0,
        0.0,
        10.0,
        0.2251655729968457,
        -0.27853673936625406,
        0.0,
        0.0,
        0.0,
        0.0
    ],
    "constraint_parameters": [
        [
            0,
            0,
            0,
            0,
            0,
            1,
            0,
            0,
            0
        ],
        [
            0,
            0,
            0,
            0,
            0,
            0,
            1,
            0,
            0
        ],
        [
            0,
            0,
            0,
            0,
            0,
            0,
            0,
            1,
            0
        ],
        [
            0,
            0,
            0,
            0,
            0,
            0,
            0,
            0,
            1
        ]
    ],
    "constraint_thresholds": [
        0.2,
        0.2,
        0.05,
        0.1
    ],
    "goal": [
        0.0,
        0.0,
        1.0
    ],
    "acceleration": [
        0.034119766911774305,
        0.2810847811747117,
        3.8848749513401524
    ],
    "steering": [
        5.4307293378884935,
        10.507979260995935
    ],
    "features": [
        0.0,
        0.0,
        0.33666666666666667,
        11.971734723617853,
        0.28824255305721586,
        0.04666666666666667,
        0.0,
        0.0,
        0.03333333333333333
    ],
    "feasible": true,
    "env_name": "Intersect-TruncateOnly-v0"
}