{
    "env_name": "IntersectAggressive-TruncateOnly-v0",
    "reward_parameters": [
        10.0,
        0.0,
        0.0,
        0.020182305707267784,
        -0.19762823303075747,
        0.0,
        0.0,
        0.0,
        0.0
    ],
    "constraint_parameters": [
        [
            0,
            0,
            0,
            0,
            0,
            1,
            0,
            0,
            0
        ],
        [
            0,
            0,
            0,
            0,
            0,
            0,
            1,
            0,
            0
        ],
        [
            0,
            0,
            0,
            0,
            0,
            0,
            0,
            1,
            0
        ],
        [
            0,
            0,
            0,
            0,
            0,
            0,
            0,
            0,
            1
        ]
    ],
    "constraint_thresholds": [
        0.2,
        0.2,
        0.05,
        0.1
    ],
    "goal": [
        1.0,
        0.0,
        0.0
    ],
    "acceleration": [
        0.05971452504049557,
        1.348312785870882,
        3.6811162166992593
    ],
    "steering": [
        4.979646150781001,
        18.442656391335266
    ],
    "features": [
        0.17333333333333334,
        0.0,
        0.0,
        9.926216374043268,
        1.7501670213102856,
        0.2,
        0.05,
        0.05,
        0.09
    ],
    "feasible": true
}