{
    "env_name": "IntersectAggressive-TruncateOnly-v0",
    "reward_parameters": [
        10.0,
        0.0,
        0.0,
        0.04762762694455283,
        -0.14363389051505315,
        0.0,
        0.0,
        0.0,
        0.0
    ],
    "constraint_parameters": [
        [
            0,
            0,
            0,
            0,
            0,
            1,
            0,
            0,
            0
        ],
        [
            0,
            0,
            0,
            0,
            0,
            0,
            1,
            0,
            0
        ],
        [
            0,
            0,
            0,
            0,
            0,
            0,
            0,
            1,
            0
        ],
        [
            0,
            0,
            0,
            0,
            0,
            0,
            0,
            0,
            1
        ]
    ],
    "constraint_thresholds": [
        0.2,
        0.2,
        0.05,
        0.1
    ],
    "goal": [
        1.0,
        0.0,
        0.0
    ],
    "acceleration": [
        0.07597552217624642,
        0.8475154134252919,
        5.413230386971643
    ],
    "steering": [
        4.5761956793377125,
        3.9999242773299493
    ],
    "features": [
        0.2,
        0.0,
        0.0,
        10.28570516813998,
        1.2501644004286698,
        0.16666666666666666,
        0.016666666666666666,
        0.043333333333333335,
        0.06333333333333334
    ],
    "feasible": true
}