{
    "reward_parameters": [
        10.0,
        0.0,
        0.0,
        0.12427066080119582,
        -0.1940659555468291,
        0.0,
        0.0,
        0.0,
        0.0
    ],
    "constraint_parameters": [
        [
            0,
            0,
            0,
            0,
            0,
            1,
            0,
            0,
            0
        ],
        [
            0,
            0,
            0,
            0,
            0,
            0,
            1,
            0,
            0
        ],
        [
            0,
            0,
            0,
            0,
            0,
            0,
            0,
            1,
            0
        ],
        [
            0,
            0,
            0,
            0,
            0,
            0,
            0,
            0,
            1
        ]
    ],
    "constraint_thresholds": [
        0.2,
        0.2,
        0.05,
        0.1
    ],
    "goal": [
        1.0,
        0.0,
        0.0
    ],
    "acceleration": [
        0.052531817483320066,
        -0.2564806139769996,
        4.542677698299453
    ],
    "steering": [
        5.463175142952622,
        13.73148730193037
    ],
    "features": [
        0.24,
        0.0,
        0.0,
        10.667000637048769,
        3.010389159648191,
        0.17666666666666667,
        0.006666666666666667,
        0.03666666666666667,
        0.06
    ],
    "feasible": true,
    "env_name": "Intersect-TruncateOnly-v0"
}