{
    "reward_parameters": [
        0.0,
        10.0,
        0.0,
        0.008518596593195399,
        -0.12332669629578082,
        0.0,
        0.0,
        0.0,
        0.0
    ],
    "constraint_parameters": [
        [
            0,
            0,
            0,
            0,
            0,
            1,
            0,
            0,
            0
        ],
        [
            0,
            0,
            0,
            0,
            0,
            0,
            1,
            0,
            0
        ],
        [
            0,
            0,
            0,
            0,
            0,
            0,
            0,
            1,
            0
        ],
        [
            0,
            0,
            0,
            0,
            0,
            0,
            0,
            0,
            1
        ]
    ],
    "constraint_thresholds": [
        0.2,
        0.2,
        0.05,
        0.1
    ],
    "goal": [
        0.0,
        1.0,
        0.0
    ],
    "acceleration": [
        0.03920928737224148,
        1.1320315310372286,
        7.087294933579168
    ],
    "steering": [
        5.259893254266379,
        8.747742951943778
    ],
    "features": [
        0.0,
        0.24,
        0.0,
        10.328488485107014,
        0.21106033119776743,
        0.11333333333333333,
        0.013333333333333334,
        0.03666666666666667,
        0.04666666666666667
    ],
    "feasible": true,
    "env_name": "Intersect-TruncateOnly-v0"
}