{
    "env_name": "IntersectAggressive-TruncateOnly-v0",
    "reward_parameters": [
        0.0,
        10.0,
        0.0,
        0.02089024970374445,
        -0.13814464185514724,
        0.0,
        0.0,
        0.0,
        0.0
    ],
    "constraint_parameters": [
        [
            0,
            0,
            0,
            0,
            0,
            1,
            0,
            0,
            0
        ],
        [
            0,
            0,
            0,
            0,
            0,
            0,
            1,
            0,
            0
        ],
        [
            0,
            0,
            0,
            0,
            0,
            0,
            0,
            1,
            0
        ],
        [
            0,
            0,
            0,
            0,
            0,
            0,
            0,
            0,
            1
        ]
    ],
    "constraint_thresholds": [
        0.2,
        0.2,
        0.05,
        0.1
    ],
    "goal": [
        0.0,
        1.0,
        0.0
    ],
    "acceleration": [
        0.04997430217576156,
        0.37830296743506486,
        3.311716849853146
    ],
    "steering": [
        5.076348578887621,
        9.213644322756371
    ],
    "features": [
        0.0,
        0.23666666666666666,
        0.0,
        10.572995790941375,
        0.18414033697700014,
        0.14,
        0.01,
        0.0,
        0.02666666666666667
    ],
    "feasible": true
}