{
    "reward_parameters": [
        0.0,
        10.0,
        0.0,
        0.18946068242965086,
        -0.2286100797562115,
        0.0,
        0.0,
        0.0,
        0.0
    ],
    "constraint_parameters": [
        [
            0,
            0,
            0,
            0,
            0,
            1,
            0,
            0,
            0
        ],
        [
            0,
            0,
            0,
            0,
            0,
            0,
            1,
            0,
            0
        ],
        [
            0,
            0,
            0,
            0,
            0,
            0,
            0,
            1,
            0
        ],
        [
            0,
            0,
            0,
            0,
            0,
            0,
            0,
            0,
            1
        ]
    ],
    "constraint_thresholds": [
        0.2,
        0.2,
        0.05,
        0.1
    ],
    "goal": [
        0.0,
        1.0,
        0.0
    ],
    "acceleration": [
        0.045265433952468,
        0.34370691755058824,
        8.52100617348652
    ],
    "steering": [
        4.890304736336807,
        16.48180508120054
    ],
    "features": [
        0.0,
        0.25666666666666665,
        0.0,
        11.229582186900801,
        0.31648287736654834,
        0.16666666666666666,
        0.01,
        0.04,
        0.04
    ],
    "feasible": true,
    "env_name": "Intersect-TruncateOnly-v0"
}