{
    "env_name": "IntersectDefensive-TruncateOnly-v0",
    "reward_parameters": [
        0.0,
        10.0,
        0.0,
        0.10325689589343943,
        -0.1518910421864432,
        0.0,
        0.0,
        0.0,
        0.0
    ],
    "constraint_parameters": [
        [
            0,
            0,
            0,
            0,
            0,
            1,
            0,
            0,
            0
        ],
        [
            0,
            0,
            0,
            0,
            0,
            0,
            1,
            0,
            0
        ],
        [
            0,
            0,
            0,
            0,
            0,
            0,
            0,
            1,
            0
        ],
        [
            0,
            0,
            0,
            0,
            0,
            0,
            0,
            0,
            1
        ]
    ],
    "constraint_thresholds": [
        0.2,
        0.2,
        0.05,
        0.1
    ],
    "goal": [
        0.0,
        1.0,
        0.0
    ],
    "acceleration": [
        0.03833482495411723,
        0.16393501631934249,
        3.2448754467227303
    ],
    "steering": [
        5.108659954200387,
        5.566482160263551
    ],
    "features": [
        0.0,
        0.24666666666666667,
        0.0,
        10.75478515047126,
        0.19024265386251155,
        0.06,
        0.0,
        0.03666666666666667,
        0.06333333333333334
    ],
    "feasible": true
}