{
    "reward_parameters": [
        0.0,
        0.0,
        10.0,
        0.1805487946968058,
        -0.17335864065922807,
        0.0,
        0.0,
        0.0,
        0.0
    ],
    "constraint_parameters": [
        [
            0,
            0,
            0,
            0,
            0,
            1,
            0,
            0,
            0
        ],
        [
            0,
            0,
            0,
            0,
            0,
            0,
            1,
            0,
            0
        ],
        [
            0,
            0,
            0,
            0,
            0,
            0,
            0,
            1,
            0
        ],
        [
            0,
            0,
            0,
            0,
            0,
            0,
            0,
            0,
            1
        ]
    ],
    "constraint_thresholds": [
        0.2,
        0.2,
        0.05,
        0.1
    ],
    "goal": [
        0.0,
        0.0,
        1.0
    ],
    "acceleration": [
        0.06243376265782575,
        1.033819630108929,
        5.29797376446772
    ],
    "steering": [
        5.082669704902507,
        2.107934777058789
    ],
    "features": [
        0.0,
        0.0,
        0.34,
        11.616570717070106,
        0.21039005909619088,
        0.19666666666666666,
        0.006666666666666667,
        0.0,
        0.07666666666666666
    ],
    "feasible": true,
    "env_name": "Intersect-TruncateOnly-v0"
}