{
    "reward_parameters": [
        0.0,
        0.0,
        10.0,
        0.010617088430239008,
        -0.3132445805772901,
        0.0,
        0.0,
        0.0,
        0.0
    ],
    "constraint_parameters": [
        [
            0,
            0,
            0,
            0,
            0,
            1,
            0,
            0,
            0
        ],
        [
            0,
            0,
            0,
            0,
            0,
            0,
            1,
            0,
            0
        ],
        [
            0,
            0,
            0,
            0,
            0,
            0,
            0,
            1,
            0
        ],
        [
            0,
            0,
            0,
            0,
            0,
            0,
            0,
            0,
            1
        ]
    ],
    "constraint_thresholds": [
        0.2,
        0.2,
        0.05,
        0.1
    ],
    "goal": [
        0.0,
        0.0,
        1.0
    ],
    "acceleration": [
        0.033088991281416465,
        0.569650469837516,
        4.079930631553691
    ],
    "steering": [
        4.732135447736483,
        8.124068630993307
    ],
    "features": [
        0.0,
        0.0,
        0.36666666666666664,
        12.167452865857346,
        0.2508764076397227,
        0.05,
        0.0,
        0.0,
        0.02
    ],
    "feasible": true,
    "env_name": "Intersect-TruncateOnly-v0"
}