{
    "env_name": "IntersectDefensive-TruncateOnly-v0",
    "reward_parameters": [
        10.0,
        0.0,
        0.0,
        0.02966416110780172,
        -0.11642322938599839,
        0.0,
        0.0,
        0.0,
        0.0
    ],
    "constraint_parameters": [
        [
            0,
            0,
            0,
            0,
            0,
            1,
            0,
            0,
            0
        ],
        [
            0,
            0,
            0,
            0,
            0,
            0,
            1,
            0,
            0
        ],
        [
            0,
            0,
            0,
            0,
            0,
            0,
            0,
            1,
            0
        ],
        [
            0,
            0,
            0,
            0,
            0,
            0,
            0,
            0,
            1
        ]
    ],
    "constraint_thresholds": [
        0.2,
        0.2,
        0.05,
        0.1
    ],
    "goal": [
        1.0,
        0.0,
        0.0
    ],
    "acceleration": [
        0.04802006104744881,
        0.9258150780211875,
        6.697723676710199
    ],
    "steering": [
        4.826801467961336,
        6.690442209699932
    ],
    "features": [
        0.25333333333333335,
        0.0,
        0.0,
        10.616084607344392,
        2.4807558248281336,
        0.15,
        0.006666666666666667,
        0.03666666666666667,
        0.06
    ],
    "feasible": true
}