{
    "env_name": "IntersectDefensive-TruncateOnly-v0",
    "reward_parameters": [
        10.0,
        0.0,
        0.0,
        0.15960401438005928,
        0.020706368927391333,
        0.0,
        0.0,
        0.0,
        0.0
    ],
    "constraint_parameters": [
        [
            0,
            0,
            0,
            0,
            0,
            1,
            0,
            0,
            0
        ],
        [
            0,
            0,
            0,
            0,
            0,
            0,
            1,
            0,
            0
        ],
        [
            0,
            0,
            0,
            0,
            0,
            0,
            0,
            1,
            0
        ],
        [
            0,
            0,
            0,
            0,
            0,
            0,
            0,
            0,
            1
        ]
    ],
    "constraint_thresholds": [
        0.2,
        0.2,
        0.05,
        0.1
    ],
    "goal": [
        1.0,
        0.0,
        0.0
    ],
    "acceleration": [
        0.06618505606766284,
        1.0486827668975591,
        3.5876079792788844
    ],
    "steering": [
        5.198119762423358,
        14.871580902822485
    ],
    "features": [
        0.24,
        0.0,
        0.0,
        10.816565742922412,
        2.074942990439014,
        0.19333333333333333,
        0.01,
        0.023333333333333334,
        0.043333333333333335
    ],
    "feasible": true
}