{
    "env_name": "IntersectAggressive-TruncateOnly-v0",
    "reward_parameters": [
        0.0,
        10.0,
        0.0,
        0.07215372915432813,
        -0.33166696300270204,
        0.0,
        0.0,
        0.0,
        0.0
    ],
    "constraint_parameters": [
        [
            0,
            0,
            0,
            0,
            0,
            1,
            0,
            0,
            0
        ],
        [
            0,
            0,
            0,
            0,
            0,
            0,
            1,
            0,
            0
        ],
        [
            0,
            0,
            0,
            0,
            0,
            0,
            0,
            1,
            0
        ],
        [
            0,
            0,
            0,
            0,
            0,
            0,
            0,
            0,
            1
        ]
    ],
    "constraint_thresholds": [
        0.2,
        0.2,
        0.05,
        0.1
    ],
    "goal": [
        0.0,
        1.0,
        0.0
    ],
    "acceleration": [
        0.045206067818279336,
        0.600839649230512,
        4.665829800416391
    ],
    "steering": [
        5.130700213995756,
        11.018074635437799
    ],
    "features": [
        0.0,
        0.22333333333333333,
        0.0,
        10.056144034306591,
        0.13158429866766927,
        0.17333333333333334,
        0.016666666666666666,
        0.04666666666666667,
        0.016666666666666666
    ],
    "feasible": true
}