{
    "env_name": "IntersectAggressive-TruncateOnly-v0",
    "reward_parameters": [
        10.0,
        0.0,
        0.0,
        0.07221705368349168,
        -0.007127363542871079,
        0.0,
        0.0,
        0.0,
        0.0
    ],
    "constraint_parameters": [
        [
            0,
            0,
            0,
            0,
            0,
            1,
            0,
            0,
            0
        ],
        [
            0,
            0,
            0,
            0,
            0,
            0,
            1,
            0,
            0
        ],
        [
            0,
            0,
            0,
            0,
            0,
            0,
            0,
            1,
            0
        ],
        [
            0,
            0,
            0,
            0,
            0,
            0,
            0,
            0,
            1
        ]
    ],
    "constraint_thresholds": [
        0.2,
        0.2,
        0.05,
        0.1
    ],
    "goal": [
        1.0,
        0.0,
        0.0
    ],
    "acceleration": [
        0.04049257008926471,
        -0.2106624876328786,
        7.8895171203018375
    ],
    "steering": [
        5.20994279893385,
        5.622813831476845
    ],
    "features": [
        0.23666666666666666,
        0.0,
        0.0,
        9.956502250564746,
        3.465005599328131,
        0.07333333333333333,
        0.016666666666666666,
        0.04,
        0.07333333333333333
    ],
    "feasible": true
}