{
    "env_name": "IntersectDefensive-TruncateOnly-v0",
    "reward_parameters": [
        10.0,
        0.0,
        0.0,
        -0.04837730193878059,
        -0.16002037742433106,
        0.0,
        0.0,
        0.0,
        0.0
    ],
    "constraint_parameters": [
        [
            0,
            0,
            0,
            0,
            0,
            1,
            0,
            0,
            0
        ],
        [
            0,
            0,
            0,
            0,
            0,
            0,
            1,
            0,
            0
        ],
        [
            0,
            0,
            0,
            0,
            0,
            0,
            0,
            1,
            0
        ],
        [
            0,
            0,
            0,
            0,
            0,
            0,
            0,
            0,
            1
        ]
    ],
    "constraint_thresholds": [
        0.2,
        0.2,
        0.05,
        0.1
    ],
    "goal": [
        1.0,
        0.0,
        0.0
    ],
    "acceleration": [
        0.0626839041380466,
        0.18059698651857045,
        4.618018813548065
    ],
    "steering": [
        5.75827932706315,
        14.399754339631178
    ],
    "features": [
        0.25333333333333335,
        0.0,
        0.0,
        10.57055753980972,
        2.824348273819315,
        0.18666666666666668,
        0.023333333333333334,
        0.04,
        0.08666666666666667
    ],
    "feasible": true
}