{
    "env_name": "IntersectAggressive-TruncateOnly-v0",
    "reward_parameters": [
        0.0,
        0.0,
        10.0,
        0.21216770580122132,
        -0.1388308716317959,
        0.0,
        0.0,
        0.0,
        0.0
    ],
    "constraint_parameters": [
        [
            0,
            0,
            0,
            0,
            0,
            1,
            0,
            0,
            0
        ],
        [
            0,
            0,
            0,
            0,
            0,
            0,
            1,
            0,
            0
        ],
        [
            0,
            0,
            0,
            0,
            0,
            0,
            0,
            1,
            0
        ],
        [
            0,
            0,
            0,
            0,
            0,
            0,
            0,
            0,
            1
        ]
    ],
    "constraint_thresholds": [
        0.2,
        0.2,
        0.05,
        0.1
    ],
    "goal": [
        0.0,
        0.0,
        1.0
    ],
    "acceleration": [
        0.04838918190453072,
        -0.12098469020395236,
        5.273880772446986
    ],
    "steering": [
        4.8806518014272715,
        7.4395346110333085
    ],
    "features": [
        0.0,
        0.0,
        0.3233333333333333,
        12.478825840250467,
        0.20205896176624522,
        0.15,
        0.0033333333333333335,
        0.0,
        0.05
    ],
    "feasible": true
}