{
    "reward_parameters": [
        0.0,
        0.0,
        10.0,
        0.045543751116340174,
        -0.2125850960313736,
        0.0,
        0.0,
        0.0,
        0.0
    ],
    "constraint_parameters": [
        [
            0,
            0,
            0,
            0,
            0,
            1,
            0,
            0,
            0
        ],
        [
            0,
            0,
            0,
            0,
            0,
            0,
            1,
            0,
            0
        ],
        [
            0,
            0,
            0,
            0,
            0,
            0,
            0,
            1,
            0
        ],
        [
            0,
            0,
            0,
            0,
            0,
            0,
            0,
            0,
            1
        ]
    ],
    "constraint_thresholds": [
        0.2,
        0.2,
        0.05,
        0.1
    ],
    "goal": [
        0.0,
        0.0,
        1.0
    ],
    "acceleration": [
        0.0457016229580634,
        0.49510862096094443,
        4.928331627546664
    ],
    "steering": [
        4.943376635409256,
        13.314886672129967
    ],
    "features": [
        0.0,
        0.0,
        0.3466666666666667,
        12.095216142098973,
        0.32925055962287064,
        0.17333333333333334,
        0.0,
        0.0,
        0.04
    ],
    "feasible": true,
    "env_name": "Intersect-TruncateOnly-v0"
}