{
    "env_name": "IntersectDefensive-TruncateOnly-v0",
    "reward_parameters": [
        0.0,
        0.0,
        10.0,
        0.23374390255238456,
        0.00825654527522407,
        0.0,
        0.0,
        0.0,
        0.0
    ],
    "constraint_parameters": [
        [
            0,
            0,
            0,
            0,
            0,
            1,
            0,
            0,
            0
        ],
        [
            0,
            0,
            0,
            0,
            0,
            0,
            1,
            0,
            0
        ],
        [
            0,
            0,
            0,
            0,
            0,
            0,
            0,
            1,
            0
        ],
        [
            0,
            0,
            0,
            0,
            0,
            0,
            0,
            0,
            1
        ]
    ],
    "constraint_thresholds": [
        0.2,
        0.2,
        0.05,
        0.1
    ],
    "goal": [
        0.0,
        0.0,
        1.0
    ],
    "acceleration": [
        0.057485978502354367,
        0.5883119850436866,
        2.9737878194434044
    ],
    "steering": [
        4.58792424050137,
        8.800631209293645
    ],
    "features": [
        0.0,
        0.0,
        0.3433333333333333,
        11.673103810111025,
        0.3380330710158278,
        0.17,
        0.0,
        0.0,
        0.05
    ],
    "feasible": true
}