{
    "env_name": "IntersectAggressive-TruncateOnly-v0",
    "reward_parameters": [
        0.0,
        10.0,
        0.0,
        -0.1547024761166124,
        -0.25099620997526945,
        0.0,
        0.0,
        0.0,
        0.0
    ],
    "constraint_parameters": [
        [
            0,
            0,
            0,
            0,
            0,
            1,
            0,
            0,
            0
        ],
        [
            0,
            0,
            0,
            0,
            0,
            0,
            1,
            0,
            0
        ],
        [
            0,
            0,
            0,
            0,
            0,
            0,
            0,
            1,
            0
        ],
        [
            0,
            0,
            0,
            0,
            0,
            0,
            0,
            0,
            1
        ]
    ],
    "constraint_thresholds": [
        0.2,
        0.2,
        0.05,
        0.1
    ],
    "goal": [
        0.0,
        1.0,
        0.0
    ],
    "acceleration": [
        0.04830018771396876,
        0.38828005219130235,
        3.939667714645371
    ],
    "steering": [
        4.98624550508541,
        6.791397358565025
    ],
    "features": [
        0.0,
        0.24,
        0.0,
        10.65949900670767,
        0.23758230750878198,
        0.16666666666666666,
        0.02666666666666667,
        0.04666666666666667,
        0.04
    ],
    "feasible": true
}