{
    "env_name": "IntersectAggressive-TruncateOnly-v0",
    "reward_parameters": [
        0.0,
        0.0,
        10.0,
        0.03179659601203487,
        -0.09457028684203933,
        0.0,
        0.0,
        0.0,
        0.0
    ],
    "constraint_parameters": [
        [
            0,
            0,
            0,
            0,
            0,
            1,
            0,
            0,
            0
        ],
        [
            0,
            0,
            0,
            0,
            0,
            0,
            1,
            0,
            0
        ],
        [
            0,
            0,
            0,
            0,
            0,
            0,
            0,
            1,
            0
        ],
        [
            0,
            0,
            0,
            0,
            0,
            0,
            0,
            0,
            1
        ]
    ],
    "constraint_thresholds": [
        0.2,
        0.2,
        0.05,
        0.1
    ],
    "goal": [
        0.0,
        0.0,
        1.0
    ],
    "acceleration": [
        0.03512516288416416,
        0.7284696586730848,
        5.0543134160702134
    ],
    "steering": [
        5.179230890228747,
        11.129792983285114
    ],
    "features": [
        0.0,
        0.0,
        0.35,
        11.48194836369436,
        0.3032047147061028,
        0.02,
        0.0,
        0.0,
        0.02666666666666667
    ],
    "feasible": true
}