{
    "env_name": "IntersectDefensive-TruncateOnly-v0",
    "reward_parameters": [
        0.0,
        10.0,
        0.0,
        0.03114332998734251,
        -0.1428366745510533,
        0.0,
        0.0,
        0.0,
        0.0
    ],
    "constraint_parameters": [
        [
            0,
            0,
            0,
            0,
            0,
            1,
            0,
            0,
            0
        ],
        [
            0,
            0,
            0,
            0,
            0,
            0,
            1,
            0,
            0
        ],
        [
            0,
            0,
            0,
            0,
            0,
            0,
            0,
            1,
            0
        ],
        [
            0,
            0,
            0,
            0,
            0,
            0,
            0,
            0,
            1
        ]
    ],
    "constraint_thresholds": [
        0.2,
        0.2,
        0.05,
        0.1
    ],
    "goal": [
        0.0,
        1.0,
        0.0
    ],
    "acceleration": [
        0.04257195679984971,
        0.552165872841385,
        6.108816388204115
    ],
    "steering": [
        5.3638755745665545,
        15.527256383796189
    ],
    "features": [
        0.0,
        0.23333333333333334,
        0.0,
        10.490694729935342,
        0.24846982091126818,
        0.08333333333333333,
        0.016666666666666666,
        0.03666666666666667,
        0.023333333333333334
    ],
    "feasible": true
}