{
    "env_name": "IntersectAggressive-TruncateOnly-v0",
    "reward_parameters": [
        0.0,
        0.0,
        10.0,
        0.08014237818187644,
        -0.13843449386784767,
        0.0,
        0.0,
        0.0,
        0.0
    ],
    "constraint_parameters": [
        [
            0,
            0,
            0,
            0,
            0,
            1,
            0,
            0,
            0
        ],
        [
            0,
            0,
            0,
            0,
            0,
            0,
            1,
            0,
            0
        ],
        [
            0,
            0,
            0,
            0,
            0,
            0,
            0,
            1,
            0
        ],
        [
            0,
            0,
            0,
            0,
            0,
            0,
            0,
            0,
            1
        ]
    ],
    "constraint_thresholds": [
        0.2,
        0.2,
        0.05,
        0.1
    ],
    "goal": [
        0.0,
        0.0,
        1.0
    ],
    "acceleration": [
        0.03269137289145811,
        0.23576420348512422,
        4.582964223316655
    ],
    "steering": [
        5.181352545287815,
        6.61460699323025
    ],
    "features": [
        0.0,
        0.0,
        0.33666666666666667,
        11.582917173090845,
        0.2609752594523287,
        0.02,
        0.0,
        0.0,
        0.04
    ],
    "feasible": true
}