{
    "env_name": "IntersectDefensive-TruncateOnly-v0",
    "reward_parameters": [
        0.0,
        0.0,
        10.0,
        0.16609439058313524,
        -0.13207341285920404,
        0.0,
        0.0,
        0.0,
        0.0
    ],
    "constraint_parameters": [
        [
            0,
            0,
            0,
            0,
            0,
            1,
            0,
            0,
            0
        ],
        [
            0,
            0,
            0,
            0,
            0,
            0,
            1,
            0,
            0
        ],
        [
            0,
            0,
            0,
            0,
            0,
            0,
            0,
            1,
            0
        ],
        [
            0,
            0,
            0,
            0,
            0,
            0,
            0,
            0,
            1
        ]
    ],
    "constraint_thresholds": [
        0.2,
        0.2,
        0.05,
        0.1
    ],
    "goal": [
        0.0,
        0.0,
        1.0
    ],
    "acceleration": [
        0.03367024620906921,
        1.1133171773154715,
        7.373040891609543
    ],
    "steering": [
        5.134728214914849,
        8.543077900870026
    ],
    "features": [
        0.0,
        0.0,
        0.35333333333333333,
        11.307402445385057,
        0.27192183762261835,
        0.0,
        0.0,
        0.0,
        0.03333333333333333
    ],
    "feasible": true
}