{
    "reward_parameters": [
        0.0,
        10.0,
        0.0,
        -0.05104977575621214,
        -0.16434111359427872,
        0.0,
        0.0,
        0.0,
        0.0
    ],
    "constraint_parameters": [
        [
            0,
            0,
            0,
            0,
            0,
            1,
            0,
            0,
            0
        ],
        [
            0,
            0,
            0,
            0,
            0,
            0,
            1,
            0,
            0
        ],
        [
            0,
            0,
            0,
            0,
            0,
            0,
            0,
            1,
            0
        ],
        [
            0,
            0,
            0,
            0,
            0,
            0,
            0,
            0,
            1
        ]
    ],
    "constraint_thresholds": [
        0.2,
        0.2,
        0.05,
        0.1
    ],
    "goal": [
        0.0,
        1.0,
        0.0
    ],
    "acceleration": [
        0.041375356210809976,
        0.07113875531425484,
        4.565480812197457
    ],
    "steering": [
        4.8825009649312925,
        6.633816317583814
    ],
    "features": [
        0.0,
        0.21333333333333335,
        0.0,
        10.752773978799867,
        0.11944595688393744,
        0.08333333333333333,
        0.006666666666666667,
        0.0,
        0.03
    ],
    "feasible": true,
    "env_name": "Intersect-TruncateOnly-v0"
}