{
    "env_name": "IntersectAggressive-TruncateOnly-v0",
    "reward_parameters": [
        0.0,
        10.0,
        0.0,
        0.03484707922212597,
        -0.37659776575275283,
        0.0,
        0.0,
        0.0,
        0.0
    ],
    "constraint_parameters": [
        [
            0,
            0,
            0,
            0,
            0,
            1,
            0,
            0,
            0
        ],
        [
            0,
            0,
            0,
            0,
            0,
            0,
            1,
            0,
            0
        ],
        [
            0,
            0,
            0,
            0,
            0,
            0,
            0,
            1,
            0
        ],
        [
            0,
            0,
            0,
            0,
            0,
            0,
            0,
            0,
            1
        ]
    ],
    "constraint_thresholds": [
        0.2,
        0.2,
        0.05,
        0.1
    ],
    "goal": [
        0.0,
        1.0,
        0.0
    ],
    "acceleration": [
        0.0411933447796039,
        1.0213971104917445,
        5.528401923839806
    ],
    "steering": [
        4.94168596657234,
        9.637644608287381
    ],
    "features": [
        0.0,
        0.21666666666666667,
        0.0,
        9.846853253745131,
        0.11516122419011704,
        0.10666666666666667,
        0.016666666666666666,
        0.04,
        0.02666666666666667
    ],
    "feasible": true
}