{
    "reward_parameters": [
        0.0,
        0.0,
        10.0,
        0.012229822383851771,
        -0.25288677684853933,
        0.0,
        0.0,
        0.0,
        0.0
    ],
    "constraint_parameters": [
        [
            0,
            0,
            0,
            0,
            0,
            1,
            0,
            0,
            0
        ],
        [
            0,
            0,
            0,
            0,
            0,
            0,
            1,
            0,
            0
        ],
        [
            0,
            0,
            0,
            0,
            0,
            0,
            0,
            1,
            0
        ],
        [
            0,
            0,
            0,
            0,
            0,
            0,
            0,
            0,
            1
        ]
    ],
    "constraint_thresholds": [
        0.2,
        0.2,
        0.05,
        0.1
    ],
    "goal": [
        0.0,
        0.0,
        1.0
    ],
    "acceleration": [
        0.04151163486146536,
        0.6611070717530301,
        5.621736360144849
    ],
    "steering": [
        5.202169574325024,
        12.594339009055101
    ],
    "features": [
        0.0,
        0.0,
        0.3566666666666667,
        12.161354920657558,
        0.307207558540983,
        0.12,
        0.0,
        0.0,
        0.06
    ],
    "feasible": true,
    "env_name": "Intersect-TruncateOnly-v0"
}