{
    "env_name": "IntersectDefensive-TruncateOnly-v0",
    "reward_parameters": [
        10.0,
        0.0,
        0.0,
        0.004203512708948545,
        0.017939489816059778,
        0.0,
        0.0,
        0.0,
        0.0
    ],
    "constraint_parameters": [
        [
            0,
            0,
            0,
            0,
            0,
            1,
            0,
            0,
            0
        ],
        [
            0,
            0,
            0,
            0,
            0,
            0,
            1,
            0,
            0
        ],
        [
            0,
            0,
            0,
            0,
            0,
            0,
            0,
            1,
            0
        ],
        [
            0,
            0,
            0,
            0,
            0,
            0,
            0,
            0,
            1
        ]
    ],
    "constraint_thresholds": [
        0.2,
        0.2,
        0.05,
        0.1
    ],
    "goal": [
        1.0,
        0.0,
        0.0
    ],
    "acceleration": [
        0.05988543263391977,
        0.06202377119139424,
        6.338404561673322
    ],
    "steering": [
        4.7185634474969635,
        13.975376350237841
    ],
    "features": [
        0.26666666666666666,
        0.0,
        0.0,
        10.47523177475704,
        2.083098045729395,
        0.15333333333333332,
        0.006666666666666667,
        0.03,
        0.06
    ],
    "feasible": true
}