{
    "env_name": "IntersectDefensive-TruncateOnly-v0",
    "reward_parameters": [
        10.0,
        0.0,
        0.0,
        0.08943806517640501,
        -0.07713645645240393,
        0.0,
        0.0,
        0.0,
        0.0
    ],
    "constraint_parameters": [
        [
            0,
            0,
            0,
            0,
            0,
            1,
            0,
            0,
            0
        ],
        [
            0,
            0,
            0,
            0,
            0,
            0,
            1,
            0,
            0
        ],
        [
            0,
            0,
            0,
            0,
            0,
            0,
            0,
            1,
            0
        ],
        [
            0,
            0,
            0,
            0,
            0,
            0,
            0,
            0,
            1
        ]
    ],
    "constraint_thresholds": [
        0.2,
        0.2,
        0.05,
        0.1
    ],
    "goal": [
        1.0,
        0.0,
        0.0
    ],
    "acceleration": [
        0.0626491092641211,
        0.5647541755864827,
        5.99062262735213
    ],
    "steering": [
        5.137383569132243,
        14.568367066238627
    ],
    "features": [
        0.24,
        0.0,
        0.0,
        10.979620771763487,
        2.623087416430008,
        0.2,
        0.0033333333333333335,
        0.03333333333333333,
        0.05333333333333334
    ],
    "feasible": true
}