{
    "reward_parameters": [
        0.0,
        10.0,
        0.0,
        0.23439033945932847,
        -0.18652775554566886,
        0.0,
        0.0,
        0.0,
        0.0
    ],
    "constraint_parameters": [
        [
            0,
            0,
            0,
            0,
            0,
            1,
            0,
            0,
            0
        ],
        [
            0,
            0,
            0,
            0,
            0,
            0,
            1,
            0,
            0
        ],
        [
            0,
            0,
            0,
            0,
            0,
            0,
            0,
            1,
            0
        ],
        [
            0,
            0,
            0,
            0,
            0,
            0,
            0,
            0,
            1
        ]
    ],
    "constraint_thresholds": [
        0.2,
        0.2,
        0.05,
        0.1
    ],
    "goal": [
        0.0,
        1.0,
        0.0
    ],
    "acceleration": [
        0.0444896458306756,
        0.6859500820429385,
        0.3079969527041633
    ],
    "steering": [
        5.282197401138794,
        12.762707752844285
    ],
    "features": [
        0.0,
        0.26666666666666666,
        0.0,
        11.048488735782671,
        0.29891883501459693,
        0.12,
        0.006666666666666667,
        0.03,
        0.023333333333333334
    ],
    "feasible": true,
    "env_name": "Intersect-TruncateOnly-v0"
}