{
    "reward_parameters": [
        0.0,
        10.0,
        0.0,
        -0.07583263250053565,
        -0.2759200048686684,
        0.0,
        0.0,
        0.0,
        0.0
    ],
    "constraint_parameters": [
        [
            0,
            0,
            0,
            0,
            0,
            1,
            0,
            0,
            0
        ],
        [
            0,
            0,
            0,
            0,
            0,
            0,
            1,
            0,
            0
        ],
        [
            0,
            0,
            0,
            0,
            0,
            0,
            0,
            1,
            0
        ],
        [
            0,
            0,
            0,
            0,
            0,
            0,
            0,
            0,
            1
        ]
    ],
    "constraint_thresholds": [
        0.2,
        0.2,
        0.05,
        0.1
    ],
    "goal": [
        0.0,
        1.0,
        0.0
    ],
    "acceleration": [
        0.05928539346065034,
        0.599791572448096,
        4.631136071685989
    ],
    "steering": [
        4.922196469303368,
        9.438216548653756
    ],
    "features": [
        0.0,
        0.23333333333333334,
        0.0,
        10.798533004984247,
        0.09308366441069421,
        0.18333333333333332,
        0.04,
        0.03666666666666667,
        0.02666666666666667
    ],
    "feasible": true,
    "env_name": "Intersect-TruncateOnly-v0"
}