{
    "reward_parameters": [
        10.0,
        0.0,
        0.0,
        0.02703632918834195,
        -0.32505936473275443,
        0.0,
        0.0,
        0.0,
        0.0
    ],
    "constraint_parameters": [
        [
            0,
            0,
            0,
            0,
            0,
            1,
            0,
            0,
            0
        ],
        [
            0,
            0,
            0,
            0,
            0,
            0,
            1,
            0,
            0
        ],
        [
            0,
            0,
            0,
            0,
            0,
            0,
            0,
            1,
            0
        ],
        [
            0,
            0,
            0,
            0,
            0,
            0,
            0,
            0,
            1
        ]
    ],
    "constraint_thresholds": [
        0.2,
        0.2,
        0.05,
        0.1
    ],
    "goal": [
        1.0,
        0.0,
        0.0
    ],
    "acceleration": [
        0.06329609929793101,
        0.04945036032404815,
        4.662615515773763
    ],
    "steering": [
        5.353309551914305,
        12.519999864470275
    ],
    "features": [
        0.21666666666666667,
        0.0,
        0.0,
        9.776186393272372,
        2.9306579305736116,
        0.14666666666666667,
        0.03,
        0.03666666666666667,
        0.06333333333333334
    ],
    "feasible": true,
    "env_name": "Intersect-TruncateOnly-v0"
}