{
    "env_name": "IntersectDefensive-TruncateOnly-v0",
    "reward_parameters": [
        0.0,
        10.0,
        0.0,
        0.1445448141076544,
        -0.4165291949909633,
        0.0,
        0.0,
        0.0,
        0.0
    ],
    "constraint_parameters": [
        [
            0,
            0,
            0,
            0,
            0,
            1,
            0,
            0,
            0
        ],
        [
            0,
            0,
            0,
            0,
            0,
            0,
            1,
            0,
            0
        ],
        [
            0,
            0,
            0,
            0,
            0,
            0,
            0,
            1,
            0
        ],
        [
            0,
            0,
            0,
            0,
            0,
            0,
            0,
            0,
            1
        ]
    ],
    "constraint_thresholds": [
        0.2,
        0.2,
        0.05,
        0.1
    ],
    "goal": [
        0.0,
        1.0,
        0.0
    ],
    "acceleration": [
        0.05205008401742079,
        0.5689397039092414,
        3.6120854495780943
    ],
    "steering": [
        4.815291493258601,
        4.871045398806985
    ],
    "features": [
        0.0,
        0.23333333333333334,
        0.0,
        11.178116553173144,
        0.13040732523489906,
        0.17,
        0.01,
        0.04,
        0.043333333333333335
    ],
    "feasible": true
}