{
    "reward_parameters": [
        0.0,
        0.0,
        10.0,
        0.1453983109251362,
        -0.21774846693290895,
        0.0,
        0.0,
        0.0,
        0.0
    ],
    "constraint_parameters": [
        [
            0,
            0,
            0,
            0,
            0,
            1,
            0,
            0,
            0
        ],
        [
            0,
            0,
            0,
            0,
            0,
            0,
            1,
            0,
            0
        ],
        [
            0,
            0,
            0,
            0,
            0,
            0,
            0,
            1,
            0
        ],
        [
            0,
            0,
            0,
            0,
            0,
            0,
            0,
            0,
            1
        ]
    ],
    "constraint_thresholds": [
        0.2,
        0.2,
        0.05,
        0.1
    ],
    "goal": [
        0.0,
        0.0,
        1.0
    ],
    "acceleration": [
        0.026435922209275934,
        0.3076282930270062,
        6.1206068183413045
    ],
    "steering": [
        4.761564688196984,
        10.384875715493017
    ],
    "features": [
        0.0,
        0.0,
        0.33,
        11.369895384161403,
        0.2329049974247763,
        0.0,
        0.0,
        0.0,
        0.04666666666666667
    ],
    "feasible": true,
    "env_name": "Intersect-TruncateOnly-v0"
}