{
    "reward_parameters": [
        0.0,
        10.0,
        0.0,
        -0.004369725730392224,
        -0.3872262853080306,
        0.0,
        0.0,
        0.0,
        0.0
    ],
    "constraint_parameters": [
        [
            0,
            0,
            0,
            0,
            0,
            1,
            0,
            0,
            0
        ],
        [
            0,
            0,
            0,
            0,
            0,
            0,
            1,
            0,
            0
        ],
        [
            0,
            0,
            0,
            0,
            0,
            0,
            0,
            1,
            0
        ],
        [
            0,
            0,
            0,
            0,
            0,
            0,
            0,
            0,
            1
        ]
    ],
    "constraint_thresholds": [
        0.2,
        0.2,
        0.05,
        0.1
    ],
    "goal": [
        0.0,
        1.0,
        0.0
    ],
    "acceleration": [
        0.04425882002894005,
        0.7878040453653081,
        3.4173562616757223
    ],
    "steering": [
        4.990915322914541,
        15.35254319245023
    ],
    "features": [
        0.0,
        0.24333333333333335,
        0.0,
        10.902867393881483,
        0.2901051764529649,
        0.13666666666666666,
        0.013333333333333334,
        0.013333333333333334,
        0.03666666666666667
    ],
    "feasible": true,
    "env_name": "Intersect-TruncateOnly-v0"
}