{
    "reward_parameters": [
        0.0,
        10.0,
        0.0,
        0.19955133991985866,
        -0.10560322967134184,
        0.0,
        0.0,
        0.0,
        0.0
    ],
    "constraint_parameters": [
        [
            0,
            0,
            0,
            0,
            0,
            1,
            0,
            0,
            0
        ],
        [
            0,
            0,
            0,
            0,
            0,
            0,
            1,
            0,
            0
        ],
        [
            0,
            0,
            0,
            0,
            0,
            0,
            0,
            1,
            0
        ],
        [
            0,
            0,
            0,
            0,
            0,
            0,
            0,
            0,
            1
        ]
    ],
    "constraint_thresholds": [
        0.2,
        0.2,
        0.05,
        0.1
    ],
    "goal": [
        0.0,
        1.0,
        0.0
    ],
    "acceleration": [
        0.0463784619759017,
        0.5204078358191773,
        5.414861908012134
    ],
    "steering": [
        4.916779335285883,
        16.784627707241953
    ],
    "features": [
        0.0,
        0.25666666666666665,
        0.0,
        11.403027831438644,
        0.2865196698705983,
        0.18,
        0.03,
        0.0,
        0.03666666666666667
    ],
    "feasible": true,
    "env_name": "Intersect-TruncateOnly-v0"
}