{
    "env_name": "IntersectDefensive-TruncateOnly-v0",
    "reward_parameters": [
        0.0,
        10.0,
        0.0,
        0.03702622412955371,
        -0.145302385096525,
        0.0,
        0.0,
        0.0,
        0.0
    ],
    "constraint_parameters": [
        [
            0,
            0,
            0,
            0,
            0,
            1,
            0,
            0,
            0
        ],
        [
            0,
            0,
            0,
            0,
            0,
            0,
            1,
            0,
            0
        ],
        [
            0,
            0,
            0,
            0,
            0,
            0,
            0,
            1,
            0
        ],
        [
            0,
            0,
            0,
            0,
            0,
            0,
            0,
            0,
            1
        ]
    ],
    "constraint_thresholds": [
        0.2,
        0.2,
        0.05,
        0.1
    ],
    "goal": [
        0.0,
        1.0,
        0.0
    ],
    "acceleration": [
        0.03240812952109897,
        0.19568399409753043,
        3.3067489863872996
    ],
    "steering": [
        4.764924224657413,
        15.202569191882695
    ],
    "features": [
        0.0,
        0.24333333333333335,
        0.0,
        10.721254927964477,
        0.20220834068125798,
        0.013333333333333334,
        0.0033333333333333335,
        0.043333333333333335,
        0.02666666666666667
    ],
    "feasible": true
}