{
    "env_name": "IntersectAggressive-TruncateOnly-v0",
    "reward_parameters": [
        0.0,
        0.0,
        10.0,
        0.1312561486910923,
        -0.04280064583829074,
        0.0,
        0.0,
        0.0,
        0.0
    ],
    "constraint_parameters": [
        [
            0,
            0,
            0,
            0,
            0,
            1,
            0,
            0,
            0
        ],
        [
            0,
            0,
            0,
            0,
            0,
            0,
            1,
            0,
            0
        ],
        [
            0,
            0,
            0,
            0,
            0,
            0,
            0,
            1,
            0
        ],
        [
            0,
            0,
            0,
            0,
            0,
            0,
            0,
            0,
            1
        ]
    ],
    "constraint_thresholds": [
        0.2,
        0.2,
        0.05,
        0.1
    ],
    "goal": [
        0.0,
        0.0,
        1.0
    ],
    "acceleration": [
        0.0573870808038932,
        3.194630873611884,
        3.2937631518833927
    ],
    "steering": [
        4.915828502858788,
        5.344326094266989
    ],
    "features": [
        0.0,
        0.0,
        0.3433333333333333,
        11.559615806262663,
        0.32147581320627994,
        0.18,
        0.01,
        0.0,
        0.043333333333333335
    ],
    "feasible": true
}