{
    "env_name": "IntersectDefensive-TruncateOnly-v0",
    "reward_parameters": [
        0.0,
        0.0,
        10.0,
        0.07808341010408139,
        -0.2318621682584132,
        0.0,
        0.0,
        0.0,
        0.0
    ],
    "constraint_parameters": [
        [
            0,
            0,
            0,
            0,
            0,
            1,
            0,
            0,
            0
        ],
        [
            0,
            0,
            0,
            0,
            0,
            0,
            1,
            0,
            0
        ],
        [
            0,
            0,
            0,
            0,
            0,
            0,
            0,
            1,
            0
        ],
        [
            0,
            0,
            0,
            0,
            0,
            0,
            0,
            0,
            1
        ]
    ],
    "constraint_thresholds": [
        0.2,
        0.2,
        0.05,
        0.1
    ],
    "goal": [
        0.0,
        0.0,
        1.0
    ],
    "acceleration": [
        0.03425523284483252,
        0.6733231655971157,
        6.353754066200569
    ],
    "steering": [
        5.52760170756727,
        10.802224806846933
    ],
    "features": [
        0.0,
        0.0,
        0.3333333333333333,
        11.549096644186804,
        0.26187501953517833,
        0.043333333333333335,
        0.0,
        0.0,
        0.02666666666666667
    ],
    "feasible": true
}