{
    "env_name": "IntersectAggressive-TruncateOnly-v0",
    "reward_parameters": [
        10.0,
        0.0,
        0.0,
        0.04569644823395172,
        -0.22712984729385957,
        0.0,
        0.0,
        0.0,
        0.0
    ],
    "constraint_parameters": [
        [
            0,
            0,
            0,
            0,
            0,
            1,
            0,
            0,
            0
        ],
        [
            0,
            0,
            0,
            0,
            0,
            0,
            1,
            0,
            0
        ],
        [
            0,
            0,
            0,
            0,
            0,
            0,
            0,
            1,
            0
        ],
        [
            0,
            0,
            0,
            0,
            0,
            0,
            0,
            0,
            1
        ]
    ],
    "constraint_thresholds": [
        0.2,
        0.2,
        0.05,
        0.1
    ],
    "goal": [
        1.0,
        0.0,
        0.0
    ],
    "acceleration": [
        0.06848734461659794,
        0.6905289552927499,
        3.853770477413684
    ],
    "steering": [
        4.874487926749539,
        11.19021758056141
    ],
    "features": [
        0.22666666666666666,
        0.0,
        0.0,
        10.053320914124088,
        1.9718284736006448,
        0.19333333333333333,
        0.04,
        0.03,
        0.03333333333333333
    ],
    "feasible": true
}