{
    "env_name": "IntersectDefensive-TruncateOnly-v0",
    "reward_parameters": [
        0.0,
        0.0,
        10.0,
        0.08533809226916851,
        -0.2723416091558697,
        0.0,
        0.0,
        0.0,
        0.0
    ],
    "constraint_parameters": [
        [
            0,
            0,
            0,
            0,
            0,
            1,
            0,
            0,
            0
        ],
        [
            0,
            0,
            0,
            0,
            0,
            0,
            1,
            0,
            0
        ],
        [
            0,
            0,
            0,
            0,
            0,
            0,
            0,
            1,
            0
        ],
        [
            0,
            0,
            0,
            0,
            0,
            0,
            0,
            0,
            1
        ]
    ],
    "constraint_thresholds": [
        0.2,
        0.2,
        0.05,
        0.1
    ],
    "goal": [
        0.0,
        0.0,
        1.0
    ],
    "acceleration": [
        0.04337990777579837,
        0.7371899868879752,
        6.247774614080566
    ],
    "steering": [
        4.906310877627783,
        2.209353505039253
    ],
    "features": [
        0.0,
        0.0,
        0.3333333333333333,
        12.003526277862719,
        0.28490893658625804,
        0.12333333333333334,
        0.0,
        0.0,
        0.08
    ],
    "feasible": true
}