{
    "reward_parameters": [
        10.0,
        0.0,
        0.0,
        0.1498303014535347,
        -0.11846998642154993,
        0.0,
        0.0,
        0.0,
        0.0
    ],
    "constraint_parameters": [
        [
            0,
            0,
            0,
            0,
            0,
            1,
            0,
            0,
            0
        ],
        [
            0,
            0,
            0,
            0,
            0,
            0,
            1,
            0,
            0
        ],
        [
            0,
            0,
            0,
            0,
            0,
            0,
            0,
            1,
            0
        ],
        [
            0,
            0,
            0,
            0,
            0,
            0,
            0,
            0,
            1
        ]
    ],
    "constraint_thresholds": [
        0.2,
        0.2,
        0.05,
        0.1
    ],
    "goal": [
        1.0,
        0.0,
        0.0
    ],
    "acceleration": [
        0.07130938235613622,
        0.5959710848730894,
        4.747736442174737
    ],
    "steering": [
        5.354965529577386,
        10.734694311526832
    ],
    "features": [
        0.24,
        0.0,
        0.0,
        10.15684062231238,
        3.09090664168594,
        0.15,
        0.02666666666666667,
        0.0,
        0.04666666666666667
    ],
    "feasible": true,
    "env_name": "Intersect-TruncateOnly-v0"
}