{
    "env_name": "IntersectDefensive-TruncateOnly-v0",
    "reward_parameters": [
        0.0,
        0.0,
        10.0,
        0.16623719654523345,
        -0.283239235013598,
        0.0,
        0.0,
        0.0,
        0.0
    ],
    "constraint_parameters": [
        [
            0,
            0,
            0,
            0,
            0,
            1,
            0,
            0,
            0
        ],
        [
            0,
            0,
            0,
            0,
            0,
            0,
            1,
            0,
            0
        ],
        [
            0,
            0,
            0,
            0,
            0,
            0,
            0,
            1,
            0
        ],
        [
            0,
            0,
            0,
            0,
            0,
            0,
            0,
            0,
            1
        ]
    ],
    "constraint_thresholds": [
        0.2,
        0.2,
        0.05,
        0.1
    ],
    "goal": [
        0.0,
        0.0,
        1.0
    ],
    "acceleration": [
        0.034544071412034576,
        0.28825777386117674,
        7.746720273989111
    ],
    "steering": [
        5.154588470320748,
        8.379430235570995
    ],
    "features": [
        0.0,
        0.0,
        0.33666666666666667,
        11.346608827158612,
        0.3449799149449002,
        0.02,
        0.0033333333333333335,
        0.0,
        0.04
    ],
    "feasible": true
}