{
    "env_name": "IntersectAggressive-TruncateOnly-v0",
    "reward_parameters": [
        10.0,
        0.0,
        0.0,
        0.0685575169452988,
        -0.18659119203402896,
        0.0,
        0.0,
        0.0,
        0.0
    ],
    "constraint_parameters": [
        [
            0,
            0,
            0,
            0,
            0,
            1,
            0,
            0,
            0
        ],
        [
            0,
            0,
            0,
            0,
            0,
            0,
            1,
            0,
            0
        ],
        [
            0,
            0,
            0,
            0,
            0,
            0,
            0,
            1,
            0
        ],
        [
            0,
            0,
            0,
            0,
            0,
            0,
            0,
            0,
            1
        ]
    ],
    "constraint_thresholds": [
        0.2,
        0.2,
        0.05,
        0.1
    ],
    "goal": [
        1.0,
        0.0,
        0.0
    ],
    "acceleration": [
        0.05377169429899984,
        0.39915491834974093,
        3.9103448148188202
    ],
    "steering": [
        4.925694889573304,
        13.788621000522085
    ],
    "features": [
        0.25,
        0.0,
        0.0,
        11.343601180562523,
        2.386423571342783,
        0.17333333333333334,
        0.013333333333333334,
        0.04,
        0.05
    ],
    "feasible": true
}