{
    "env_name": "IntersectDefensive-TruncateOnly-v0",
    "reward_parameters": [
        10.0,
        0.0,
        0.0,
        0.12980976820696222,
        -0.22569049049175816,
        0.0,
        0.0,
        0.0,
        0.0
    ],
    "constraint_parameters": [
        [
            0,
            0,
            0,
            0,
            0,
            1,
            0,
            0,
            0
        ],
        [
            0,
            0,
            0,
            0,
            0,
            0,
            1,
            0,
            0
        ],
        [
            0,
            0,
            0,
            0,
            0,
            0,
            0,
            1,
            0
        ],
        [
            0,
            0,
            0,
            0,
            0,
            0,
            0,
            0,
            1
        ]
    ],
    "constraint_thresholds": [
        0.2,
        0.2,
        0.05,
        0.1
    ],
    "goal": [
        1.0,
        0.0,
        0.0
    ],
    "acceleration": [
        0.06395933747636348,
        -0.9624627724038327,
        7.38086537264483
    ],
    "steering": [
        4.97819089937937,
        10.707854847858108
    ],
    "features": [
        0.19666666666666666,
        0.0,
        0.0,
        10.18167850212889,
        2.7747051767172093,
        0.17,
        0.03666666666666667,
        0.03666666666666667,
        0.03
    ],
    "feasible": true
}