{
    "env_name": "IntersectDefensive-TruncateOnly-v0",
    "reward_parameters": [
        10.0,
        0.0,
        0.0,
        0.0765314444732674,
        -0.10698059877765964,
        0.0,
        0.0,
        0.0,
        0.0
    ],
    "constraint_parameters": [
        [
            0,
            0,
            0,
            0,
            0,
            1,
            0,
            0,
            0
        ],
        [
            0,
            0,
            0,
            0,
            0,
            0,
            1,
            0,
            0
        ],
        [
            0,
            0,
            0,
            0,
            0,
            0,
            0,
            1,
            0
        ],
        [
            0,
            0,
            0,
            0,
            0,
            0,
            0,
            0,
            1
        ]
    ],
    "constraint_thresholds": [
        0.2,
        0.2,
        0.05,
        0.1
    ],
    "goal": [
        1.0,
        0.0,
        0.0
    ],
    "acceleration": [
        0.038426617311899114,
        0.2511755421093211,
        0.289271909254027
    ],
    "steering": [
        4.8644722673832455,
        9.527699890179587
    ],
    "features": [
        0.23666666666666666,
        0.0,
        0.0,
        9.923946817832876,
        3.584273942630506,
        0.05333333333333334,
        0.01,
        0.03333333333333333,
        0.056666666666666664
    ],
    "feasible": true
}