{
    "env_name": "IntersectDefensive-TruncateOnly-v0",
    "reward_parameters": [
        0.0,
        0.0,
        10.0,
        0.20046123122640544,
        -0.1782677594646838,
        0.0,
        0.0,
        0.0,
        0.0
    ],
    "constraint_parameters": [
        [
            0,
            0,
            0,
            0,
            0,
            1,
            0,
            0,
            0
        ],
        [
            0,
            0,
            0,
            0,
            0,
            0,
            1,
            0,
            0
        ],
        [
            0,
            0,
            0,
            0,
            0,
            0,
            0,
            1,
            0
        ],
        [
            0,
            0,
            0,
            0,
            0,
            0,
            0,
            0,
            1
        ]
    ],
    "constraint_thresholds": [
        0.2,
        0.2,
        0.05,
        0.1
    ],
    "goal": [
        0.0,
        0.0,
        1.0
    ],
    "acceleration": [
        0.039055066603793015,
        1.1870022704166645,
        3.5963879007259747
    ],
    "steering": [
        4.934685697932195,
        10.168063457153144
    ],
    "features": [
        0.0,
        0.0,
        0.3466666666666667,
        11.351648834484408,
        0.27530445428521216,
        0.05,
        0.0,
        0.0,
        0.03666666666666667
    ],
    "feasible": true
}