{
    "env_name": "IntersectDefensive-TruncateOnly-v0",
    "reward_parameters": [
        0.0,
        0.0,
        10.0,
        0.21382043578977938,
        -0.17142671837233675,
        0.0,
        0.0,
        0.0,
        0.0
    ],
    "constraint_parameters": [
        [
            0,
            0,
            0,
            0,
            0,
            1,
            0,
            0,
            0
        ],
        [
            0,
            0,
            0,
            0,
            0,
            0,
            1,
            0,
            0
        ],
        [
            0,
            0,
            0,
            0,
            0,
            0,
            0,
            1,
            0
        ],
        [
            0,
            0,
            0,
            0,
            0,
            0,
            0,
            0,
            1
        ]
    ],
    "constraint_thresholds": [
        0.2,
        0.2,
        0.05,
        0.1
    ],
    "goal": [
        0.0,
        0.0,
        1.0
    ],
    "acceleration": [
        0.029950956642469433,
        0.31916691362703775,
        7.663320208433474
    ],
    "steering": [
        5.323419389336198,
        7.1434810515328575
    ],
    "features": [
        0.0,
        0.0,
        0.33,
        11.41888101508487,
        0.23144873063908658,
        0.013333333333333334,
        0.0,
        0.0,
        0.03666666666666667
    ],
    "feasible": true
}