{
    "env_name": "IntersectDefensive-TruncateOnly-v0",
    "reward_parameters": [
        0.0,
        0.0,
        10.0,
        0.25605756589282447,
        -0.26927952190986704,
        0.0,
        0.0,
        0.0,
        0.0
    ],
    "constraint_parameters": [
        [
            0,
            0,
            0,
            0,
            0,
            1,
            0,
            0,
            0
        ],
        [
            0,
            0,
            0,
            0,
            0,
            0,
            1,
            0,
            0
        ],
        [
            0,
            0,
            0,
            0,
            0,
            0,
            0,
            1,
            0
        ],
        [
            0,
            0,
            0,
            0,
            0,
            0,
            0,
            0,
            1
        ]
    ],
    "constraint_thresholds": [
        0.2,
        0.2,
        0.05,
        0.1
    ],
    "goal": [
        0.0,
        0.0,
        1.0
    ],
    "acceleration": [
        0.03834065839197283,
        0.4685376166112871,
        5.060719487946955
    ],
    "steering": [
        4.736318099822472,
        6.971088967219073
    ],
    "features": [
        0.0,
        0.0,
        0.3333333333333333,
        11.988670764618568,
        0.1858380589937786,
        0.08,
        0.0,
        0.0,
        0.043333333333333335
    ],
    "feasible": true
}