{
    "reward_parameters": [
        0.0,
        0.0,
        10.0,
        -0.13384554560186968,
        -0.22289145925090972,
        0.0,
        0.0,
        0.0,
        0.0
    ],
    "constraint_parameters": [
        [
            0,
            0,
            0,
            0,
            0,
            1,
            0,
            0,
            0
        ],
        [
            0,
            0,
            0,
            0,
            0,
            0,
            1,
            0,
            0
        ],
        [
            0,
            0,
            0,
            0,
            0,
            0,
            0,
            1,
            0
        ],
        [
            0,
            0,
            0,
            0,
            0,
            0,
            0,
            0,
            1
        ]
    ],
    "constraint_thresholds": [
        0.2,
        0.2,
        0.05,
        0.1
    ],
    "goal": [
        0.0,
        0.0,
        1.0
    ],
    "acceleration": [
        0.037025799267661474,
        0.5571146129619169,
        8.320970344108158
    ],
    "steering": [
        5.008016150209133,
        9.748714190488492
    ],
    "features": [
        0.0,
        0.0,
        0.33,
        10.98783588236527,
        0.29300012182791285,
        0.04666666666666667,
        0.05,
        0.04,
        0.04
    ],
    "feasible": true,
    "env_name": "Intersect-TruncateOnly-v0"
}