{
    "env_name": "IntersectAggressive-TruncateOnly-v0",
    "reward_parameters": [
        0.0,
        10.0,
        0.0,
        0.11790427760693978,
        -0.3077196583420985,
        0.0,
        0.0,
        0.0,
        0.0
    ],
    "constraint_parameters": [
        [
            0,
            0,
            0,
            0,
            0,
            1,
            0,
            0,
            0
        ],
        [
            0,
            0,
            0,
            0,
            0,
            0,
            1,
            0,
            0
        ],
        [
            0,
            0,
            0,
            0,
            0,
            0,
            0,
            1,
            0
        ],
        [
            0,
            0,
            0,
            0,
            0,
            0,
            0,
            0,
            1
        ]
    ],
    "constraint_thresholds": [
        0.2,
        0.2,
        0.05,
        0.1
    ],
    "goal": [
        0.0,
        1.0,
        0.0
    ],
    "acceleration": [
        0.03933983817615053,
        0.22932686968874946,
        1.7048995352088983
    ],
    "steering": [
        5.159002784756812,
        18.137610396544435
    ],
    "features": [
        0.0,
        0.21333333333333335,
        0.0,
        10.739491520458248,
        0.1574830135659231,
        0.056666666666666664,
        0.0033333333333333335,
        0.03333333333333333,
        0.023333333333333334
    ],
    "feasible": true
}