{
    "env_name": "IntersectDefensive-TruncateOnly-v0",
    "reward_parameters": [
        10.0,
        0.0,
        0.0,
        -0.008932865416552846,
        -0.33259229455114514,
        0.0,
        0.0,
        0.0,
        0.0
    ],
    "constraint_parameters": [
        [
            0,
            0,
            0,
            0,
            0,
            1,
            0,
            0,
            0
        ],
        [
            0,
            0,
            0,
            0,
            0,
            0,
            1,
            0,
            0
        ],
        [
            0,
            0,
            0,
            0,
            0,
            0,
            0,
            1,
            0
        ],
        [
            0,
            0,
            0,
            0,
            0,
            0,
            0,
            0,
            1
        ]
    ],
    "constraint_thresholds": [
        0.2,
        0.2,
        0.05,
        0.1
    ],
    "goal": [
        1.0,
        0.0,
        0.0
    ],
    "acceleration": [
        0.06202479001774696,
        1.5072613987360457,
        3.737368055604552
    ],
    "steering": [
        5.015434991900454,
        10.830597959825356
    ],
    "features": [
        0.19333333333333333,
        0.0,
        0.0,
        10.046624523626544,
        1.903709034791957,
        0.19333333333333333,
        0.023333333333333334,
        0.04666666666666667,
        0.09333333333333334
    ],
    "feasible": true
}