{
    "reward_parameters": [
        10.0,
        0.0,
        0.0,
        -0.11004188099050874,
        -0.06717033531327044,
        0.0,
        0.0,
        0.0,
        0.0
    ],
    "constraint_parameters": [
        [
            0,
            0,
            0,
            0,
            0,
            1,
            0,
            0,
            0
        ],
        [
            0,
            0,
            0,
            0,
            0,
            0,
            1,
            0,
            0
        ],
        [
            0,
            0,
            0,
            0,
            0,
            0,
            0,
            1,
            0
        ],
        [
            0,
            0,
            0,
            0,
            0,
            0,
            0,
            0,
            1
        ]
    ],
    "constraint_thresholds": [
        0.2,
        0.2,
        0.05,
        0.1
    ],
    "goal": [
        1.0,
        0.0,
        0.0
    ],
    "acceleration": [
        0.06831819157309085,
        1.711869710160269,
        3.1101994783311326
    ],
    "steering": [
        4.662105114979493,
        17.84728827137104
    ],
    "features": [
        0.25333333333333335,
        0.0,
        0.0,
        10.118741503470208,
        1.992900704033281,
        0.18333333333333332,
        0.02,
        0.03666666666666667,
        0.09333333333333334
    ],
    "feasible": true,
    "env_name": "Intersect-TruncateOnly-v0"
}