{
    "env_name": "IntersectAggressive-TruncateOnly-v0",
    "reward_parameters": [
        0.0,
        0.0,
        10.0,
        0.045279204315630386,
        -0.3492842201859866,
        0.0,
        0.0,
        0.0,
        0.0
    ],
    "constraint_parameters": [
        [
            0,
            0,
            0,
            0,
            0,
            1,
            0,
            0,
            0
        ],
        [
            0,
            0,
            0,
            0,
            0,
            0,
            1,
            0,
            0
        ],
        [
            0,
            0,
            0,
            0,
            0,
            0,
            0,
            1,
            0
        ],
        [
            0,
            0,
            0,
            0,
            0,
            0,
            0,
            0,
            1
        ]
    ],
    "constraint_thresholds": [
        0.2,
        0.2,
        0.05,
        0.1
    ],
    "goal": [
        0.0,
        0.0,
        1.0
    ],
    "acceleration": [
        0.04650503100149076,
        0.47572313302424585,
        3.4372058353441393
    ],
    "steering": [
        4.522191962633669,
        15.047766237349059
    ],
    "features": [
        0.0,
        0.0,
        0.3566666666666667,
        11.323635530285182,
        0.9012602099389155,
        0.18,
        0.05,
        0.05,
        0.06
    ],
    "feasible": true
}