{
    "reward_parameters": [
        10.0,
        0.0,
        0.0,
        0.0604351140029079,
        -0.22859509084173424,
        0.0,
        0.0,
        0.0,
        0.0
    ],
    "constraint_parameters": [
        [
            0,
            0,
            0,
            0,
            0,
            1,
            0,
            0,
            0
        ],
        [
            0,
            0,
            0,
            0,
            0,
            0,
            1,
            0,
            0
        ],
        [
            0,
            0,
            0,
            0,
            0,
            0,
            0,
            1,
            0
        ],
        [
            0,
            0,
            0,
            0,
            0,
            0,
            0,
            0,
            1
        ]
    ],
    "constraint_thresholds": [
        0.2,
        0.2,
        0.05,
        0.1
    ],
    "goal": [
        1.0,
        0.0,
        0.0
    ],
    "acceleration": [
        0.03634976464665979,
        0.5226651353024774,
        5.003562573059291
    ],
    "steering": [
        5.082067791199817,
        9.829024496417919
    ],
    "features": [
        0.25333333333333335,
        0.0,
        0.0,
        9.807139033798988,
        3.3398481556522857,
        0.02666666666666667,
        0.01,
        0.04,
        0.08
    ],
    "feasible": true,
    "env_name": "Intersect-TruncateOnly-v0"
}