{
    "env_name": "IntersectDefensive-TruncateOnly-v0",
    "reward_parameters": [
        0.0,
        10.0,
        0.0,
        0.18354135573570285,
        0.02585058753019584,
        0.0,
        0.0,
        0.0,
        0.0
    ],
    "constraint_parameters": [
        [
            0,
            0,
            0,
            0,
            0,
            1,
            0,
            0,
            0
        ],
        [
            0,
            0,
            0,
            0,
            0,
            0,
            1,
            0,
            0
        ],
        [
            0,
            0,
            0,
            0,
            0,
            0,
            0,
            1,
            0
        ],
        [
            0,
            0,
            0,
            0,
            0,
            0,
            0,
            0,
            1
        ]
    ],
    "constraint_thresholds": [
        0.2,
        0.2,
        0.05,
        0.1
    ],
    "goal": [
        0.0,
        1.0,
        0.0
    ],
    "acceleration": [
        0.04812988447195952,
        0.8783598039941015,
        3.153990737857201
    ],
    "steering": [
        5.168678885727863,
        18.071653328090605
    ],
    "features": [
        0.0,
        0.28,
        0.0,
        10.980571288725736,
        0.4086997846838764,
        0.14666666666666667,
        0.01,
        0.03666666666666667,
        0.03666666666666667
    ],
    "feasible": true
}