{
    "env_name": "IntersectDefensive-TruncateOnly-v0",
    "reward_parameters": [
        0.0,
        0.0,
        10.0,
        0.07182140332298274,
        -0.03857339101652707,
        0.0,
        0.0,
        0.0,
        0.0
    ],
    "constraint_parameters": [
        [
            0,
            0,
            0,
            0,
            0,
            1,
            0,
            0,
            0
        ],
        [
            0,
            0,
            0,
            0,
            0,
            0,
            1,
            0,
            0
        ],
        [
            0,
            0,
            0,
            0,
            0,
            0,
            0,
            1,
            0
        ],
        [
            0,
            0,
            0,
            0,
            0,
            0,
            0,
            0,
            1
        ]
    ],
    "constraint_thresholds": [
        0.2,
        0.2,
        0.05,
        0.1
    ],
    "goal": [
        0.0,
        0.0,
        1.0
    ],
    "acceleration": [
        0.03342084500967571,
        0.18518156618448378,
        1.8151908680147575
    ],
    "steering": [
        4.92438856200212,
        16.494617332248545
    ],
    "features": [
        0.0,
        0.0,
        0.3333333333333333,
        11.944889782543447,
        0.3572998366626372,
        0.03,
        0.0,
        0.0,
        0.043333333333333335
    ],
    "feasible": true
}