{
    "env_name": "IntersectAggressive-TruncateOnly-v0",
    "reward_parameters": [
        0.0,
        10.0,
        0.0,
        0.29999711880841856,
        -0.1612505950729018,
        0.0,
        0.0,
        0.0,
        0.0
    ],
    "constraint_parameters": [
        [
            0,
            0,
            0,
            0,
            0,
            1,
            0,
            0,
            0
        ],
        [
            0,
            0,
            0,
            0,
            0,
            0,
            1,
            0,
            0
        ],
        [
            0,
            0,
            0,
            0,
            0,
            0,
            0,
            1,
            0
        ],
        [
            0,
            0,
            0,
            0,
            0,
            0,
            0,
            0,
            1
        ]
    ],
    "constraint_thresholds": [
        0.2,
        0.2,
        0.05,
        0.1
    ],
    "goal": [
        0.0,
        1.0,
        0.0
    ],
    "acceleration": [
        0.04589578214960248,
        0.2318226585399934,
        3.336390058213868
    ],
    "steering": [
        4.726265500777065,
        11.376242019353514
    ],
    "features": [
        0.0,
        0.24333333333333335,
        0.0,
        11.078122583596363,
        0.2633523631639571,
        0.18666666666666668,
        0.03666666666666667,
        0.03,
        0.013333333333333334
    ],
    "feasible": true
}