{
    "env_name": "IntersectDefensive-TruncateOnly-v0",
    "reward_parameters": [
        0.0,
        10.0,
        0.0,
        0.2279746337230471,
        -0.08337703186979845,
        0.0,
        0.0,
        0.0,
        0.0
    ],
    "constraint_parameters": [
        [
            0,
            0,
            0,
            0,
            0,
            1,
            0,
            0,
            0
        ],
        [
            0,
            0,
            0,
            0,
            0,
            0,
            1,
            0,
            0
        ],
        [
            0,
            0,
            0,
            0,
            0,
            0,
            0,
            1,
            0
        ],
        [
            0,
            0,
            0,
            0,
            0,
            0,
            0,
            0,
            1
        ]
    ],
    "constraint_thresholds": [
        0.2,
        0.2,
        0.05,
        0.1
    ],
    "goal": [
        0.0,
        1.0,
        0.0
    ],
    "acceleration": [
        0.04628041192685119,
        0.9548526060789466,
        5.256429281078867
    ],
    "steering": [
        5.117782267155225,
        11.757041563188764
    ],
    "features": [
        0.0,
        0.25333333333333335,
        0.0,
        10.754144088398403,
        0.2074888799678755,
        0.18333333333333332,
        0.01,
        0.03,
        0.023333333333333334
    ],
    "feasible": true
}