{
    "env_name": "IntersectAggressive-TruncateOnly-v0",
    "reward_parameters": [
        0.0,
        0.0,
        10.0,
        0.09424163590561539,
        -0.10675907798662909,
        0.0,
        0.0,
        0.0,
        0.0
    ],
    "constraint_parameters": [
        [
            0,
            0,
            0,
            0,
            0,
            1,
            0,
            0,
            0
        ],
        [
            0,
            0,
            0,
            0,
            0,
            0,
            1,
            0,
            0
        ],
        [
            0,
            0,
            0,
            0,
            0,
            0,
            0,
            1,
            0
        ],
        [
            0,
            0,
            0,
            0,
            0,
            0,
            0,
            0,
            1
        ]
    ],
    "constraint_thresholds": [
        0.2,
        0.2,
        0.05,
        0.1
    ],
    "goal": [
        0.0,
        0.0,
        1.0
    ],
    "acceleration": [
        0.03823032466776951,
        0.9305685757061692,
        5.782514090700948
    ],
    "steering": [
        4.930474852488172,
        8.012735747137786
    ],
    "features": [
        0.0,
        0.0,
        0.32666666666666666,
        11.320604583619566,
        0.2756058647692097,
        0.06,
        0.0,
        0.0,
        0.04666666666666667
    ],
    "feasible": true
}