{
    "reward_parameters": [
        10.0,
        0.0,
        0.0,
        0.09535100422201385,
        -0.14658377470183442,
        0.0,
        0.0,
        0.0,
        0.0
    ],
    "constraint_parameters": [
        [
            0,
            0,
            0,
            0,
            0,
            1,
            0,
            0,
            0
        ],
        [
            0,
            0,
            0,
            0,
            0,
            0,
            1,
            0,
            0
        ],
        [
            0,
            0,
            0,
            0,
            0,
            0,
            0,
            1,
            0
        ],
        [
            0,
            0,
            0,
            0,
            0,
            0,
            0,
            0,
            1
        ]
    ],
    "constraint_thresholds": [
        0.2,
        0.2,
        0.05,
        0.1
    ],
    "goal": [
        1.0,
        0.0,
        0.0
    ],
    "acceleration": [
        0.05032161416789975,
        0.4380571898797487,
        6.025884441904441
    ],
    "steering": [
        4.9019072562631045,
        4.215444018403042
    ],
    "features": [
        0.23666666666666666,
        0.0,
        0.0,
        10.019019566947485,
        2.3692176914142817,
        0.12,
        0.04,
        0.03666666666666667,
        0.06666666666666667
    ],
    "feasible": true,
    "env_name": "Intersect-TruncateOnly-v0"
}