{
    "env_name": "IntersectAggressive-TruncateOnly-v0",
    "reward_parameters": [
        0.0,
        10.0,
        0.0,
        0.06426087437928688,
        -0.366307444653038,
        0.0,
        0.0,
        0.0,
        0.0
    ],
    "constraint_parameters": [
        [
            0,
            0,
            0,
            0,
            0,
            1,
            0,
            0,
            0
        ],
        [
            0,
            0,
            0,
            0,
            0,
            0,
            1,
            0,
            0
        ],
        [
            0,
            0,
            0,
            0,
            0,
            0,
            0,
            1,
            0
        ],
        [
            0,
            0,
            0,
            0,
            0,
            0,
            0,
            0,
            1
        ]
    ],
    "constraint_thresholds": [
        0.2,
        0.2,
        0.05,
        0.1
    ],
    "goal": [
        0.0,
        1.0,
        0.0
    ],
    "acceleration": [
        0.035341387967896404,
        0.3513795365054396,
        4.807790852814597
    ],
    "steering": [
        5.731893519466076,
        10.674444410749935
    ],
    "features": [
        0.0,
        0.22333333333333333,
        0.0,
        10.418267865993544,
        0.18425529197279814,
        0.04,
        0.06,
        0.04,
        0.02
    ],
    "feasible": true
}