{
    "reward_parameters": [
        0.0,
        0.0,
        10.0,
        -0.013106762617724144,
        -0.07660412513807582,
        0.0,
        0.0,
        0.0,
        0.0
    ],
    "constraint_parameters": [
        [
            0,
            0,
            0,
            0,
            0,
            1,
            0,
            0,
            0
        ],
        [
            0,
            0,
            0,
            0,
            0,
            0,
            1,
            0,
            0
        ],
        [
            0,
            0,
            0,
            0,
            0,
            0,
            0,
            1,
            0
        ],
        [
            0,
            0,
            0,
            0,
            0,
            0,
            0,
            0,
            1
        ]
    ],
    "constraint_thresholds": [
        0.2,
        0.2,
        0.05,
        0.1
    ],
    "goal": [
        0.0,
        0.0,
        1.0
    ],
    "acceleration": [
        0.03404481682806175,
        1.57564937995405,
        7.4447925953824985
    ],
    "steering": [
        5.18317110764047,
        5.924721708757081
    ],
    "features": [
        0.0,
        0.0,
        0.3333333333333333,
        11.200121295420095,
        0.23055489628257736,
        0.023333333333333334,
        0.0,
        0.0,
        0.02
    ],
    "feasible": true,
    "env_name": "Intersect-TruncateOnly-v0"
}