{
    "env_name": "IntersectAggressive-TruncateOnly-v0",
    "reward_parameters": [
        10.0,
        0.0,
        0.0,
        0.01595078343221909,
        -0.24585859565219317,
        0.0,
        0.0,
        0.0,
        0.0
    ],
    "constraint_parameters": [
        [
            0,
            0,
            0,
            0,
            0,
            1,
            0,
            0,
            0
        ],
        [
            0,
            0,
            0,
            0,
            0,
            0,
            1,
            0,
            0
        ],
        [
            0,
            0,
            0,
            0,
            0,
            0,
            0,
            1,
            0
        ],
        [
            0,
            0,
            0,
            0,
            0,
            0,
            0,
            0,
            1
        ]
    ],
    "constraint_thresholds": [
        0.2,
        0.2,
        0.05,
        0.1
    ],
    "goal": [
        1.0,
        0.0,
        0.0
    ],
    "acceleration": [
        0.05553767660431398,
        0.7152591886168993,
        5.276507940263762
    ],
    "steering": [
        4.630179217162751,
        9.924655678180775
    ],
    "features": [
        0.22333333333333333,
        0.0,
        0.0,
        10.163544132488818,
        2.0785200609978483,
        0.12666666666666668,
        0.013333333333333334,
        0.043333333333333335,
        0.05
    ],
    "feasible": true
}