{
    "env_name": "IntersectAggressive-TruncateOnly-v0",
    "reward_parameters": [
        0.0,
        0.0,
        10.0,
        0.07677646952187636,
        -0.07725681053362643,
        0.0,
        0.0,
        0.0,
        0.0
    ],
    "constraint_parameters": [
        [
            0,
            0,
            0,
            0,
            0,
            1,
            0,
            0,
            0
        ],
        [
            0,
            0,
            0,
            0,
            0,
            0,
            1,
            0,
            0
        ],
        [
            0,
            0,
            0,
            0,
            0,
            0,
            0,
            1,
            0
        ],
        [
            0,
            0,
            0,
            0,
            0,
            0,
            0,
            0,
            1
        ]
    ],
    "constraint_thresholds": [
        0.2,
        0.2,
        0.05,
        0.1
    ],
    "goal": [
        0.0,
        0.0,
        1.0
    ],
    "acceleration": [
        0.025868282429732246,
        0.33838850274344157,
        6.381574987032193
    ],
    "steering": [
        4.741711590640148,
        14.072673947476664
    ],
    "features": [
        0.0,
        0.0,
        0.32666666666666666,
        11.702045095641589,
        0.35213239216343156,
        0.0,
        0.0,
        0.0,
        0.04666666666666667
    ],
    "feasible": true
}