{
    "reward_parameters": [
        0.0,
        0.0,
        10.0,
        -0.01861773122885972,
        -0.2581981824125412,
        0.0,
        0.0,
        0.0,
        0.0
    ],
    "constraint_parameters": [
        [
            0,
            0,
            0,
            0,
            0,
            1,
            0,
            0,
            0
        ],
        [
            0,
            0,
            0,
            0,
            0,
            0,
            1,
            0,
            0
        ],
        [
            0,
            0,
            0,
            0,
            0,
            0,
            0,
            1,
            0
        ],
        [
            0,
            0,
            0,
            0,
            0,
            0,
            0,
            0,
            1
        ]
    ],
    "constraint_thresholds": [
        0.2,
        0.2,
        0.05,
        0.1
    ],
    "goal": [
        0.0,
        0.0,
        1.0
    ],
    "acceleration": [
        0.05632408018741894,
        0.295212124754311,
        4.645808210797357
    ],
    "steering": [
        5.005027692666281,
        14.162709805693225
    ],
    "features": [
        0.0,
        0.0,
        0.33,
        12.0131518257314,
        0.2684015520671458,
        0.17,
        0.0033333333333333335,
        0.0,
        0.03666666666666667
    ],
    "feasible": true,
    "env_name": "Intersect-TruncateOnly-v0"
}