{
    "env_name": "IntersectAggressive-TruncateOnly-v0",
    "reward_parameters": [
        0.0,
        10.0,
        0.0,
        0.21418033060835476,
        -0.2515923110435129,
        0.0,
        0.0,
        0.0,
        0.0
    ],
    "constraint_parameters": [
        [
            0,
            0,
            0,
            0,
            0,
            1,
            0,
            0,
            0
        ],
        [
            0,
            0,
            0,
            0,
            0,
            0,
            1,
            0,
            0
        ],
        [
            0,
            0,
            0,
            0,
            0,
            0,
            0,
            1,
            0
        ],
        [
            0,
            0,
            0,
            0,
            0,
            0,
            0,
            0,
            1
        ]
    ],
    "constraint_thresholds": [
        0.2,
        0.2,
        0.05,
        0.1
    ],
    "goal": [
        0.0,
        1.0,
        0.0
    ],
    "acceleration": [
        0.03505390911824705,
        1.6224540743098088,
        2.401177687417606
    ],
    "steering": [
        4.865918987503005,
        10.835419139527263
    ],
    "features": [
        0.0,
        0.23666666666666666,
        0.0,
        10.501475765129213,
        0.1998529181034022,
        0.06666666666666667,
        0.0033333333333333335,
        0.03333333333333333,
        0.023333333333333334
    ],
    "feasible": true
}