{
    "reward_parameters": [
        0.0,
        0.0,
        10.0,
        0.2474798515271363,
        -0.15175894892924474,
        0.0,
        0.0,
        0.0,
        0.0
    ],
    "constraint_parameters": [
        [
            0,
            0,
            0,
            0,
            0,
            1,
            0,
            0,
            0
        ],
        [
            0,
            0,
            0,
            0,
            0,
            0,
            1,
            0,
            0
        ],
        [
            0,
            0,
            0,
            0,
            0,
            0,
            0,
            1,
            0
        ],
        [
            0,
            0,
            0,
            0,
            0,
            0,
            0,
            0,
            1
        ]
    ],
    "constraint_thresholds": [
        0.2,
        0.2,
        0.05,
        0.1
    ],
    "goal": [
        0.0,
        0.0,
        1.0
    ],
    "acceleration": [
        0.03836532824132897,
        0.23471017767763025,
        5.3700562146487885
    ],
    "steering": [
        5.114210126861424,
        3.5958376981566467
    ],
    "features": [
        0.0,
        0.0,
        0.3333333333333333,
        12.269014339259776,
        0.22878648586046946,
        0.10666666666666667,
        0.0033333333333333335,
        0.0,
        0.05333333333333334
    ],
    "feasible": true,
    "env_name": "Intersect-TruncateOnly-v0"
}