{
    "reward_parameters": [
        0.0,
        0.0,
        10.0,
        0.1924557552035424,
        -0.15370690591654115,
        0.0,
        0.0,
        0.0,
        0.0
    ],
    "constraint_parameters": [
        [
            0,
            0,
            0,
            0,
            0,
            1,
            0,
            0,
            0
        ],
        [
            0,
            0,
            0,
            0,
            0,
            0,
            1,
            0,
            0
        ],
        [
            0,
            0,
            0,
            0,
            0,
            0,
            0,
            1,
            0
        ],
        [
            0,
            0,
            0,
            0,
            0,
            0,
            0,
            0,
            1
        ]
    ],
    "constraint_thresholds": [
        0.2,
        0.2,
        0.05,
        0.1
    ],
    "goal": [
        0.0,
        0.0,
        1.0
    ],
    "acceleration": [
        0.05369911472628304,
        0.9495164767738844,
        5.133543564339304
    ],
    "steering": [
        4.8521605050488255,
        12.626923242040252
    ],
    "features": [
        0.0,
        0.0,
        0.36333333333333334,
        11.803246332933124,
        0.22733211971158127,
        0.18333333333333332,
        0.0,
        0.0,
        0.03
    ],
    "feasible": true,
    "env_name": "Intersect-TruncateOnly-v0"
}