{
    "reward_parameters": [
        10.0,
        0.0,
        0.0,
        0.02847782155358254,
        -0.09246549065543708,
        0.0,
        0.0,
        0.0,
        0.0
    ],
    "constraint_parameters": [
        [
            0,
            0,
            0,
            0,
            0,
            1,
            0,
            0,
            0
        ],
        [
            0,
            0,
            0,
            0,
            0,
            0,
            1,
            0,
            0
        ],
        [
            0,
            0,
            0,
            0,
            0,
            0,
            0,
            1,
            0
        ],
        [
            0,
            0,
            0,
            0,
            0,
            0,
            0,
            0,
            1
        ]
    ],
    "constraint_thresholds": [
        0.2,
        0.2,
        0.05,
        0.1
    ],
    "goal": [
        1.0,
        0.0,
        0.0
    ],
    "acceleration": [
        0.06930098676870525,
        0.3426551820289139,
        3.616486103109341
    ],
    "steering": [
        5.2209027020160805,
        8.950218489379997
    ],
    "features": [
        0.23666666666666666,
        0.0,
        0.0,
        10.500628875001496,
        2.6618886885593875,
        0.18666666666666668,
        0.04666666666666667,
        0.03666666666666667,
        0.056666666666666664
    ],
    "feasible": true,
    "env_name": "Intersect-TruncateOnly-v0"
}