{
    "env_name": "IntersectDefensive-TruncateOnly-v0",
    "reward_parameters": [
        10.0,
        0.0,
        0.0,
        0.18284857930971485,
        -0.11821052380253773,
        0.0,
        0.0,
        0.0,
        0.0
    ],
    "constraint_parameters": [
        [
            0,
            0,
            0,
            0,
            0,
            1,
            0,
            0,
            0
        ],
        [
            0,
            0,
            0,
            0,
            0,
            0,
            1,
            0,
            0
        ],
        [
            0,
            0,
            0,
            0,
            0,
            0,
            0,
            1,
            0
        ],
        [
            0,
            0,
            0,
            0,
            0,
            0,
            0,
            0,
            1
        ]
    ],
    "constraint_thresholds": [
        0.2,
        0.2,
        0.05,
        0.1
    ],
    "goal": [
        1.0,
        0.0,
        0.0
    ],
    "acceleration": [
        0.044654151599489954,
        0.2653140717320898,
        3.241685526485352
    ],
    "steering": [
        4.915696107120928,
        12.373074019528158
    ],
    "features": [
        0.25666666666666665,
        0.0,
        0.0,
        11.307349800536585,
        2.0935778025320744,
        0.11333333333333333,
        0.01,
        0.04,
        0.04
    ],
    "feasible": true
}