{
    "reward_parameters": [
        0.0,
        0.0,
        10.0,
        0.08261403866032477,
        -0.22170803539249392,
        0.0,
        0.0,
        0.0,
        0.0
    ],
    "constraint_parameters": [
        [
            0,
            0,
            0,
            0,
            0,
            1,
            0,
            0,
            0
        ],
        [
            0,
            0,
            0,
            0,
            0,
            0,
            1,
            0,
            0
        ],
        [
            0,
            0,
            0,
            0,
            0,
            0,
            0,
            1,
            0
        ],
        [
            0,
            0,
            0,
            0,
            0,
            0,
            0,
            0,
            1
        ]
    ],
    "constraint_thresholds": [
        0.2,
        0.2,
        0.05,
        0.1
    ],
    "goal": [
        0.0,
        0.0,
        1.0
    ],
    "acceleration": [
        0.04709048611660241,
        0.3076719680760902,
        6.5180485162870685
    ],
    "steering": [
        5.8473733802300085,
        12.04354875248397
    ],
    "features": [
        0.0,
        0.0,
        0.34,
        12.198542649208168,
        0.27602563890398885,
        0.13666666666666666,
        0.0033333333333333335,
        0.0,
        0.043333333333333335
    ],
    "feasible": true,
    "env_name": "Intersect-TruncateOnly-v0"
}