{
    "reward_parameters": [
        10.0,
        0.0,
        0.0,
        0.09214762206794049,
        -0.3057717714980648,
        0.0,
        0.0,
        0.0,
        0.0
    ],
    "constraint_parameters": [
        [
            0,
            0,
            0,
            0,
            0,
            1,
            0,
            0,
            0
        ],
        [
            0,
            0,
            0,
            0,
            0,
            0,
            1,
            0,
            0
        ],
        [
            0,
            0,
            0,
            0,
            0,
            0,
            0,
            1,
            0
        ],
        [
            0,
            0,
            0,
            0,
            0,
            0,
            0,
            0,
            1
        ]
    ],
    "constraint_thresholds": [
        0.2,
        0.2,
        0.05,
        0.1
    ],
    "goal": [
        1.0,
        0.0,
        0.0
    ],
    "acceleration": [
        0.052364267917312066,
        1.1443179589737729,
        4.130392576511571
    ],
    "steering": [
        4.927041304837129,
        10.567371530556523
    ],
    "features": [
        0.18666666666666668,
        0.0,
        0.0,
        9.575764209743774,
        1.5464482030926496,
        0.17,
        0.06,
        0.04,
        0.02666666666666667
    ],
    "feasible": true,
    "env_name": "Intersect-TruncateOnly-v0"
}