{
    "env_name": "IntersectDefensive-TruncateOnly-v0",
    "reward_parameters": [
        10.0,
        0.0,
        0.0,
        0.06664139863537503,
        -0.239534587179416,
        0.0,
        0.0,
        0.0,
        0.0
    ],
    "constraint_parameters": [
        [
            0,
            0,
            0,
            0,
            0,
            1,
            0,
            0,
            0
        ],
        [
            0,
            0,
            0,
            0,
            0,
            0,
            1,
            0,
            0
        ],
        [
            0,
            0,
            0,
            0,
            0,
            0,
            0,
            1,
            0
        ],
        [
            0,
            0,
            0,
            0,
            0,
            0,
            0,
            0,
            1
        ]
    ],
    "constraint_thresholds": [
        0.2,
        0.2,
        0.05,
        0.1
    ],
    "goal": [
        1.0,
        0.0,
        0.0
    ],
    "acceleration": [
        0.06290781433199402,
        0.5632962529471193,
        3.534157260814864
    ],
    "steering": [
        5.394353954770836,
        12.838115309957514
    ],
    "features": [
        0.20333333333333334,
        0.0,
        0.0,
        9.541618377192453,
        2.721805108272944,
        0.16666666666666666,
        0.01,
        0.03333333333333333,
        0.03666666666666667
    ],
    "feasible": true
}