{
    "env_name": "IntersectDefensive-TruncateOnly-v0",
    "reward_parameters": [
        0.0,
        10.0,
        0.0,
        -0.012018339439185066,
        -0.17043434995297757,
        0.0,
        0.0,
        0.0,
        0.0
    ],
    "constraint_parameters": [
        [
            0,
            0,
            0,
            0,
            0,
            1,
            0,
            0,
            0
        ],
        [
            0,
            0,
            0,
            0,
            0,
            0,
            1,
            0,
            0
        ],
        [
            0,
            0,
            0,
            0,
            0,
            0,
            0,
            1,
            0
        ],
        [
            0,
            0,
            0,
            0,
            0,
            0,
            0,
            0,
            1
        ]
    ],
    "constraint_thresholds": [
        0.2,
        0.2,
        0.05,
        0.1
    ],
    "goal": [
        0.0,
        1.0,
        0.0
    ],
    "acceleration": [
        0.03927100897786796,
        1.7048311863235557,
        4.103533756469827
    ],
    "steering": [
        5.098185424915274,
        11.725508452067025
    ],
    "features": [
        0.0,
        0.25,
        0.0,
        10.073766610831322,
        0.1998743995828353,
        0.07666666666666666,
        0.06333333333333334,
        0.04666666666666667,
        0.03
    ],
    "feasible": true
}