{
    "env_name": "IntersectDefensive-TruncateOnly-v0",
    "reward_parameters": [
        0.0,
        0.0,
        10.0,
        0.1770024237883211,
        -0.0930188926157891,
        0.0,
        0.0,
        0.0,
        0.0
    ],
    "constraint_parameters": [
        [
            0,
            0,
            0,
            0,
            0,
            1,
            0,
            0,
            0
        ],
        [
            0,
            0,
            0,
            0,
            0,
            0,
            1,
            0,
            0
        ],
        [
            0,
            0,
            0,
            0,
            0,
            0,
            0,
            1,
            0
        ],
        [
            0,
            0,
            0,
            0,
            0,
            0,
            0,
            0,
            1
        ]
    ],
    "constraint_thresholds": [
        0.2,
        0.2,
        0.05,
        0.1
    ],
    "goal": [
        0.0,
        0.0,
        1.0
    ],
    "acceleration": [
        0.0321676988231095,
        0.7474052255790432,
        -0.21757100228849513
    ],
    "steering": [
        4.703475285961803,
        10.721564445500253
    ],
    "features": [
        0.0,
        0.0,
        0.33666666666666667,
        12.247114180874954,
        0.3893793544446486,
        0.056666666666666664,
        0.043333333333333335,
        0.03666666666666667,
        0.02666666666666667
    ],
    "feasible": true
}