{
    "reward_parameters": [
        0.0,
        10.0,
        0.0,
        0.07815167023957101,
        -0.2626631032154893,
        0.0,
        0.0,
        0.0,
        0.0
    ],
    "constraint_parameters": [
        [
            0,
            0,
            0,
            0,
            0,
            1,
            0,
            0,
            0
        ],
        [
            0,
            0,
            0,
            0,
            0,
            0,
            1,
            0,
            0
        ],
        [
            0,
            0,
            0,
            0,
            0,
            0,
            0,
            1,
            0
        ],
        [
            0,
            0,
            0,
            0,
            0,
            0,
            0,
            0,
            1
        ]
    ],
    "constraint_thresholds": [
        0.2,
        0.2,
        0.05,
        0.1
    ],
    "goal": [
        0.0,
        1.0,
        0.0
    ],
    "acceleration": [
        0.0262138392040002,
        0.3828171642887775,
        4.422243215214367
    ],
    "steering": [
        5.168712631430344,
        3.9628343173937397
    ],
    "features": [
        0.0,
        0.25,
        0.0,
        10.310302610608368,
        0.18050298990767252,
        0.0,
        0.03666666666666667,
        0.043333333333333335,
        0.04666666666666667
    ],
    "feasible": true,
    "env_name": "Intersect-TruncateOnly-v0"
}