{
    "env_name": "IntersectDefensive-TruncateOnly-v0",
    "reward_parameters": [
        0.0,
        10.0,
        0.0,
        0.10224247070231282,
        -0.1228062040154768,
        0.0,
        0.0,
        0.0,
        0.0
    ],
    "constraint_parameters": [
        [
            0,
            0,
            0,
            0,
            0,
            1,
            0,
            0,
            0
        ],
        [
            0,
            0,
            0,
            0,
            0,
            0,
            1,
            0,
            0
        ],
        [
            0,
            0,
            0,
            0,
            0,
            0,
            0,
            1,
            0
        ],
        [
            0,
            0,
            0,
            0,
            0,
            0,
            0,
            0,
            1
        ]
    ],
    "constraint_thresholds": [
        0.2,
        0.2,
        0.05,
        0.1
    ],
    "goal": [
        0.0,
        1.0,
        0.0
    ],
    "acceleration": [
        0.04086920185110298,
        -0.1758320217648514,
        3.775001813550896
    ],
    "steering": [
        5.145512855299256,
        10.7800937218139
    ],
    "features": [
        0.0,
        0.22333333333333333,
        0.0,
        10.709925702953516,
        0.1952592583558676,
        0.15,
        0.056666666666666664,
        0.04666666666666667,
        0.03
    ],
    "feasible": true
}