{
    "env_name": "IntersectDefensive-TruncateOnly-v0",
    "reward_parameters": [
        10.0,
        0.0,
        0.0,
        0.201845708337129,
        -0.19192289418864697,
        0.0,
        0.0,
        0.0,
        0.0
    ],
    "constraint_parameters": [
        [
            0,
            0,
            0,
            0,
            0,
            1,
            0,
            0,
            0
        ],
        [
            0,
            0,
            0,
            0,
            0,
            0,
            1,
            0,
            0
        ],
        [
            0,
            0,
            0,
            0,
            0,
            0,
            0,
            1,
            0
        ],
        [
            0,
            0,
            0,
            0,
            0,
            0,
            0,
            0,
            1
        ]
    ],
    "constraint_thresholds": [
        0.2,
        0.2,
        0.05,
        0.1
    ],
    "goal": [
        1.0,
        0.0,
        0.0
    ],
    "acceleration": [
        0.04369229469555638,
        0.43586841151102323,
        2.6830938455085147
    ],
    "steering": [
        4.465429624699931,
        13.63362887748378
    ],
    "features": [
        0.19,
        0.0,
        0.0,
        8.988584129655015,
        1.7428302302224452,
        0.043333333333333335,
        0.02,
        0.03666666666666667,
        0.04666666666666667
    ],
    "feasible": true
}