{
    "reward_parameters": [
        0.0,
        10.0,
        0.0,
        0.18181628326046792,
        -0.047542014168263175,
        0.0,
        0.0,
        0.0,
        0.0
    ],
    "constraint_parameters": [
        [
            0,
            0,
            0,
            0,
            0,
            1,
            0,
            0,
            0
        ],
        [
            0,
            0,
            0,
            0,
            0,
            0,
            1,
            0,
            0
        ],
        [
            0,
            0,
            0,
            0,
            0,
            0,
            0,
            1,
            0
        ],
        [
            0,
            0,
            0,
            0,
            0,
            0,
            0,
            0,
            1
        ]
    ],
    "constraint_thresholds": [
        0.2,
        0.2,
        0.05,
        0.1
    ],
    "goal": [
        0.0,
        1.0,
        0.0
    ],
    "acceleration": [
        0.06057607826427318,
        0.1473747444100164,
        2.6051893434139632
    ],
    "steering": [
        4.813760596992858,
        5.902694959636561
    ],
    "features": [
        0.0,
        0.23666666666666666,
        0.0,
        10.75872701566918,
        0.1409285903026669,
        0.18666666666666668,
        0.016666666666666666,
        0.04666666666666667,
        0.03
    ],
    "feasible": true,
    "env_name": "Intersect-TruncateOnly-v0"
}