{
    "reward_parameters": [
        10.0,
        0.0,
        0.0,
        0.11414462299718836,
        -0.12785139081705038,
        0.0,
        0.0,
        0.0,
        0.0
    ],
    "constraint_parameters": [
        [
            0,
            0,
            0,
            0,
            0,
            1,
            0,
            0,
            0
        ],
        [
            0,
            0,
            0,
            0,
            0,
            0,
            1,
            0,
            0
        ],
        [
            0,
            0,
            0,
            0,
            0,
            0,
            0,
            1,
            0
        ],
        [
            0,
            0,
            0,
            0,
            0,
            0,
            0,
            0,
            1
        ]
    ],
    "constraint_thresholds": [
        0.2,
        0.2,
        0.05,
        0.1
    ],
    "goal": [
        1.0,
        0.0,
        0.0
    ],
    "acceleration": [
        0.06540750663346956,
        1.56795550944888,
        1.4830573817576278
    ],
    "steering": [
        4.819204453769221,
        13.819595285799599
    ],
    "features": [
        0.22,
        0.0,
        0.0,
        9.884370774092138,
        1.759073575582779,
        0.15333333333333332,
        0.043333333333333335,
        0.03666666666666667,
        0.04
    ],
    "feasible": true,
    "env_name": "Intersect-TruncateOnly-v0"
}