{
    "reward_parameters": [
        10.0,
        0.0,
        0.0,
        0.20566744376160792,
        -0.2869719785294323,
        0.0,
        0.0,
        0.0,
        0.0
    ],
    "constraint_parameters": [
        [
            0,
            0,
            0,
            0,
            0,
            1,
            0,
            0,
            0
        ],
        [
            0,
            0,
            0,
            0,
            0,
            0,
            1,
            0,
            0
        ],
        [
            0,
            0,
            0,
            0,
            0,
            0,
            0,
            1,
            0
        ],
        [
            0,
            0,
            0,
            0,
            0,
            0,
            0,
            0,
            1
        ]
    ],
    "constraint_thresholds": [
        0.2,
        0.2,
        0.05,
        0.1
    ],
    "goal": [
        1.0,
        0.0,
        0.0
    ],
    "acceleration": [
        0.059622092349164116,
        0.31712527458093914,
        3.886414635200672
    ],
    "steering": [
        4.867540689737096,
        18.55070026160155
    ],
    "features": [
        0.24,
        0.0,
        0.0,
        10.656508775390234,
        1.9194724532338967,
        0.19333333333333333,
        0.04,
        0.03666666666666667,
        0.06
    ],
    "feasible": true,
    "env_name": "Intersect-TruncateOnly-v0"
}