{
    "env_name": "IntersectAggressive-TruncateOnly-v0",
    "reward_parameters": [
        0.0,
        0.0,
        10.0,
        0.18149940286398653,
        -0.4132578964642838,
        0.0,
        0.0,
        0.0,
        0.0
    ],
    "constraint_parameters": [
        [
            0,
            0,
            0,
            0,
            0,
            1,
            0,
            0,
            0
        ],
        [
            0,
            0,
            0,
            0,
            0,
            0,
            1,
            0,
            0
        ],
        [
            0,
            0,
            0,
            0,
            0,
            0,
            0,
            1,
            0
        ],
        [
            0,
            0,
            0,
            0,
            0,
            0,
            0,
            0,
            1
        ]
    ],
    "constraint_thresholds": [
        0.2,
        0.2,
        0.05,
        0.1
    ],
    "goal": [
        0.0,
        0.0,
        1.0
    ],
    "acceleration": [
        0.033062006430322664,
        0.1686613618094086,
        8.329799923568189
    ],
    "steering": [
        4.9379607396421505,
        13.685832410114791
    ],
    "features": [
        0.0,
        0.0,
        0.33,
        11.979654342501899,
        0.4235925027266132,
        0.04,
        0.006666666666666667,
        0.0,
        0.06
    ],
    "feasible": true
}