{
    "env_name": "IntersectDefensive-TruncateOnly-v0",
    "reward_parameters": [
        10.0,
        0.0,
        0.0,
        -0.011948050379693903,
        -0.2588782643371098,
        0.0,
        0.0,
        0.0,
        0.0
    ],
    "constraint_parameters": [
        [
            0,
            0,
            0,
            0,
            0,
            1,
            0,
            0,
            0
        ],
        [
            0,
            0,
            0,
            0,
            0,
            0,
            1,
            0,
            0
        ],
        [
            0,
            0,
            0,
            0,
            0,
            0,
            0,
            1,
            0
        ],
        [
            0,
            0,
            0,
            0,
            0,
            0,
            0,
            0,
            1
        ]
    ],
    "constraint_thresholds": [
        0.2,
        0.2,
        0.05,
        0.1
    ],
    "goal": [
        1.0,
        0.0,
        0.0
    ],
    "acceleration": [
        0.07968147144233731,
        1.2676465530093752,
        3.094862092119313
    ],
    "steering": [
        4.93459210311622,
        12.954518819955254
    ],
    "features": [
        0.23,
        0.0,
        0.0,
        10.01103940755491,
        1.896371595373217,
        0.16333333333333333,
        0.05,
        0.03333333333333333,
        0.06333333333333334
    ],
    "feasible": true
}