{
    "env_name": "IntersectAggressive-TruncateOnly-v0",
    "reward_parameters": [
        0.0,
        0.0,
        10.0,
        0.17446588286029738,
        -0.36756451883595886,
        0.0,
        0.0,
        0.0,
        0.0
    ],
    "constraint_parameters": [
        [
            0,
            0,
            0,
            0,
            0,
            1,
            0,
            0,
            0
        ],
        [
            0,
            0,
            0,
            0,
            0,
            0,
            1,
            0,
            0
        ],
        [
            0,
            0,
            0,
            0,
            0,
            0,
            0,
            1,
            0
        ],
        [
            0,
            0,
            0,
            0,
            0,
            0,
            0,
            0,
            1
        ]
    ],
    "constraint_thresholds": [
        0.2,
        0.2,
        0.05,
        0.1
    ],
    "goal": [
        0.0,
        0.0,
        1.0
    ],
    "acceleration": [
        0.04253240012517713,
        0.98839328992384,
        5.451706839336756
    ],
    "steering": [
        4.835455227916768,
        13.927434801937366
    ],
    "features": [
        0.0,
        0.0,
        0.3466666666666667,
        12.112257838823517,
        0.3644280123569394,
        0.13666666666666666,
        0.0,
        0.0,
        0.04666666666666667
    ],
    "feasible": true
}