{
    "env_name": "IntersectDefensive-TruncateOnly-v0",
    "reward_parameters": [
        0.0,
        10.0,
        0.0,
        0.10981645594563476,
        -0.14315464147929288,
        0.0,
        0.0,
        0.0,
        0.0
    ],
    "constraint_parameters": [
        [
            0,
            0,
            0,
            0,
            0,
            1,
            0,
            0,
            0
        ],
        [
            0,
            0,
            0,
            0,
            0,
            0,
            1,
            0,
            0
        ],
        [
            0,
            0,
            0,
            0,
            0,
            0,
            0,
            1,
            0
        ],
        [
            0,
            0,
            0,
            0,
            0,
            0,
            0,
            0,
            1
        ]
    ],
    "constraint_thresholds": [
        0.2,
        0.2,
        0.05,
        0.1
    ],
    "goal": [
        0.0,
        1.0,
        0.0
    ],
    "acceleration": [
        0.05716048562470395,
        1.1700488781556828,
        5.748508426725313
    ],
    "steering": [
        5.091418051199879,
        3.945472047477189
    ],
    "features": [
        0.0,
        0.21666666666666667,
        0.0,
        10.602657275043674,
        0.17396135193155304,
        0.14,
        0.04,
        0.03666666666666667,
        0.02666666666666667
    ],
    "feasible": true
}