{
    "env_name": "IntersectDefensive-TruncateOnly-v0",
    "reward_parameters": [
        10.0,
        0.0,
        0.0,
        0.0225356525574526,
        -0.0962143559778901,
        0.0,
        0.0,
        0.0,
        0.0
    ],
    "constraint_parameters": [
        [
            0,
            0,
            0,
            0,
            0,
            1,
            0,
            0,
            0
        ],
        [
            0,
            0,
            0,
            0,
            0,
            0,
            1,
            0,
            0
        ],
        [
            0,
            0,
            0,
            0,
            0,
            0,
            0,
            1,
            0
        ],
        [
            0,
            0,
            0,
            0,
            0,
            0,
            0,
            0,
            1
        ]
    ],
    "constraint_thresholds": [
        0.2,
        0.2,
        0.05,
        0.1
    ],
    "goal": [
        1.0,
        0.0,
        0.0
    ],
    "acceleration": [
        0.05355545024012185,
        0.4914778559966989,
        4.378670432150013
    ],
    "steering": [
        5.152594687175355,
        10.908607453182997
    ],
    "features": [
        0.22333333333333333,
        0.0,
        0.0,
        9.875165547719307,
        2.858245077531858,
        0.14333333333333334,
        0.03666666666666667,
        0.043333333333333335,
        0.04666666666666667
    ],
    "feasible": true
}