{
    "reward_parameters": [
        0.0,
        0.0,
        10.0,
        0.026901905144384744,
        -0.29480027140620235,
        0.0,
        0.0,
        0.0,
        0.0
    ],
    "constraint_parameters": [
        [
            0,
            0,
            0,
            0,
            0,
            1,
            0,
            0,
            0
        ],
        [
            0,
            0,
            0,
            0,
            0,
            0,
            1,
            0,
            0
        ],
        [
            0,
            0,
            0,
            0,
            0,
            0,
            0,
            1,
            0
        ],
        [
            0,
            0,
            0,
            0,
            0,
            0,
            0,
            0,
            1
        ]
    ],
    "constraint_thresholds": [
        0.2,
        0.2,
        0.05,
        0.1
    ],
    "goal": [
        0.0,
        0.0,
        1.0
    ],
    "acceleration": [
        0.02774058806015345,
        0.1164538798537379,
        4.772112675369049
    ],
    "steering": [
        4.975749784164449,
        11.722152138517334
    ],
    "features": [
        0.0,
        0.0,
        0.3433333333333333,
        11.885620606705645,
        0.2881983970000322,
        0.013333333333333334,
        0.0,
        0.0,
        0.04
    ],
    "feasible": true,
    "env_name": "Intersect-TruncateOnly-v0"
}