{
    "env_name": "IntersectAggressive-TruncateOnly-v0",
    "reward_parameters": [
        10.0,
        0.0,
        0.0,
        0.1312561486910923,
        -0.04280064583829074,
        0.0,
        0.0,
        0.0,
        0.0
    ],
    "constraint_parameters": [
        [
            0,
            0,
            0,
            0,
            0,
            1,
            0,
            0,
            0
        ],
        [
            0,
            0,
            0,
            0,
            0,
            0,
            1,
            0,
            0
        ],
        [
            0,
            0,
            0,
            0,
            0,
            0,
            0,
            1,
            0
        ],
        [
            0,
            0,
            0,
            0,
            0,
            0,
            0,
            0,
            1
        ]
    ],
    "constraint_thresholds": [
        0.2,
        0.2,
        0.05,
        0.1
    ],
    "goal": [
        1.0,
        0.0,
        0.0
    ],
    "acceleration": [
        0.06938727716236735,
        0.6402390043440022,
        6.28736715704269
    ],
    "steering": [
        4.923489012236137,
        12.81223482272211
    ],
    "features": [
        0.21,
        0.0,
        0.0,
        10.223818931131545,
        2.0315101966869484,
        0.18666666666666668,
        0.013333333333333334,
        0.03666666666666667,
        0.02666666666666667
    ],
    "feasible": true
}