{
    "env_name": "IntersectAggressive-TruncateOnly-v0",
    "reward_parameters": [
        0.0,
        0.0,
        10.0,
        0.06594446357759377,
        -0.21184899193782403,
        0.0,
        0.0,
        0.0,
        0.0
    ],
    "constraint_parameters": [
        [
            0,
            0,
            0,
            0,
            0,
            1,
            0,
            0,
            0
        ],
        [
            0,
            0,
            0,
            0,
            0,
            0,
            1,
            0,
            0
        ],
        [
            0,
            0,
            0,
            0,
            0,
            0,
            0,
            1,
            0
        ],
        [
            0,
            0,
            0,
            0,
            0,
            0,
            0,
            0,
            1
        ]
    ],
    "constraint_thresholds": [
        0.2,
        0.2,
        0.05,
        0.1
    ],
    "goal": [
        0.0,
        0.0,
        1.0
    ],
    "acceleration": [
        0.03895516803522199,
        -0.21386663117264026,
        3.610702527459205
    ],
    "steering": [
        5.203285506203447,
        10.093447478219337
    ],
    "features": [
        0.0,
        0.0,
        0.3566666666666667,
        12.299688633519658,
        0.2788814076099041,
        0.09666666666666666,
        0.0033333333333333335,
        0.0,
        0.03666666666666667
    ],
    "feasible": true
}