{
    "env_name": "IntersectDefensive-TruncateOnly-v0",
    "reward_parameters": [
        10.0,
        0.0,
        0.0,
        0.04475250705702765,
        -0.15444974471085832,
        0.0,
        0.0,
        0.0,
        0.0
    ],
    "constraint_parameters": [
        [
            0,
            0,
            0,
            0,
            0,
            1,
            0,
            0,
            0
        ],
        [
            0,
            0,
            0,
            0,
            0,
            0,
            1,
            0,
            0
        ],
        [
            0,
            0,
            0,
            0,
            0,
            0,
            0,
            1,
            0
        ],
        [
            0,
            0,
            0,
            0,
            0,
            0,
            0,
            0,
            1
        ]
    ],
    "constraint_thresholds": [
        0.2,
        0.2,
        0.05,
        0.1
    ],
    "goal": [
        1.0,
        0.0,
        0.0
    ],
    "acceleration": [
        0.040144147951689566,
        0.5076560618688334,
        4.520164037478476
    ],
    "steering": [
        5.139003718017063,
        2.8157192996305316
    ],
    "features": [
        0.19666666666666666,
        0.0,
        0.0,
        8.898325390895822,
        3.4268033010156667,
        0.03,
        0.01,
        0.03666666666666667,
        0.07
    ],
    "feasible": true
}