{
    "reward_parameters": [
        0.0,
        0.0,
        10.0,
        0.06579302120450263,
        -0.23603058381315387,
        0.0,
        0.0,
        0.0,
        0.0
    ],
    "constraint_parameters": [
        [
            0,
            0,
            0,
            0,
            0,
            1,
            0,
            0,
            0
        ],
        [
            0,
            0,
            0,
            0,
            0,
            0,
            1,
            0,
            0
        ],
        [
            0,
            0,
            0,
            0,
            0,
            0,
            0,
            1,
            0
        ],
        [
            0,
            0,
            0,
            0,
            0,
            0,
            0,
            0,
            1
        ]
    ],
    "constraint_thresholds": [
        0.2,
        0.2,
        0.05,
        0.1
    ],
    "goal": [
        0.0,
        0.0,
        1.0
    ],
    "acceleration": [
        0.03357275601545494,
        0.8387190816018282,
        3.7445108789338013
    ],
    "steering": [
        5.464589105283009,
        11.533115908246327
    ],
    "features": [
        0.0,
        0.0,
        0.35333333333333333,
        11.496632461062049,
        0.2952760172260445,
        0.0033333333333333335,
        0.0,
        0.0,
        0.03
    ],
    "feasible": true,
    "env_name": "Intersect-TruncateOnly-v0"
}