{
    "env_name": "IntersectDefensive-TruncateOnly-v0",
    "reward_parameters": [
        10.0,
        0.0,
        0.0,
        0.06139379384240581,
        -0.35978447374138306,
        0.0,
        0.0,
        0.0,
        0.0
    ],
    "constraint_parameters": [
        [
            0,
            0,
            0,
            0,
            0,
            1,
            0,
            0,
            0
        ],
        [
            0,
            0,
            0,
            0,
            0,
            0,
            1,
            0,
            0
        ],
        [
            0,
            0,
            0,
            0,
            0,
            0,
            0,
            1,
            0
        ],
        [
            0,
            0,
            0,
            0,
            0,
            0,
            0,
            0,
            1
        ]
    ],
    "constraint_thresholds": [
        0.2,
        0.2,
        0.05,
        0.1
    ],
    "goal": [
        1.0,
        0.0,
        0.0
    ],
    "acceleration": [
        0.033558403263515585,
        0.7710980900290498,
        2.9919787328924077
    ],
    "steering": [
        4.63128780573505,
        8.646233611105227
    ],
    "features": [
        0.26,
        0.0,
        0.0,
        10.529870107205902,
        2.507743724661165,
        0.01,
        0.043333333333333335,
        0.03333333333333333,
        0.07
    ],
    "feasible": true
}