{
    "reward_parameters": [
        0.0,
        0.0,
        10.0,
        -0.016088549110547065,
        -0.05451867754368836,
        0.0,
        0.0,
        0.0,
        0.0
    ],
    "constraint_parameters": [
        [
            0,
            0,
            0,
            0,
            0,
            1,
            0,
            0,
            0
        ],
        [
            0,
            0,
            0,
            0,
            0,
            0,
            1,
            0,
            0
        ],
        [
            0,
            0,
            0,
            0,
            0,
            0,
            0,
            1,
            0
        ],
        [
            0,
            0,
            0,
            0,
            0,
            0,
            0,
            0,
            1
        ]
    ],
    "constraint_thresholds": [
        0.2,
        0.2,
        0.05,
        0.1
    ],
    "goal": [
        0.0,
        0.0,
        1.0
    ],
    "acceleration": [
        0.05018657477323635,
        0.19140508160635566,
        2.1538358601370837
    ],
    "steering": [
        4.718037631429102,
        6.172044226294517
    ],
    "features": [
        0.0,
        0.0,
        0.3333333333333333,
        11.995563699007182,
        0.2701042320270031,
        0.16,
        0.0,
        0.0,
        0.04666666666666667
    ],
    "feasible": true,
    "env_name": "Intersect-TruncateOnly-v0"
}