{
    "env_name": "IntersectDefensive-TruncateOnly-v0",
    "reward_parameters": [
        10.0,
        0.0,
        0.0,
        0.2240287514710189,
        -0.1683492497995459,
        0.0,
        0.0,
        0.0,
        0.0
    ],
    "constraint_parameters": [
        [
            0,
            0,
            0,
            0,
            0,
            1,
            0,
            0,
            0
        ],
        [
            0,
            0,
            0,
            0,
            0,
            0,
            1,
            0,
            0
        ],
        [
            0,
            0,
            0,
            0,
            0,
            0,
            0,
            1,
            0
        ],
        [
            0,
            0,
            0,
            0,
            0,
            0,
            0,
            0,
            1
        ]
    ],
    "constraint_thresholds": [
        0.2,
        0.2,
        0.05,
        0.1
    ],
    "goal": [
        1.0,
        0.0,
        0.0
    ],
    "acceleration": [
        0.035343869755975796,
        1.3062791422370659,
        4.113668517805708
    ],
    "steering": [
        5.141011782464684,
        9.59496505997507
    ],
    "features": [
        0.21666666666666667,
        0.0,
        0.0,
        9.590800234471269,
        3.31196583968135,
        0.03,
        0.006666666666666667,
        0.03666666666666667,
        0.043333333333333335
    ],
    "feasible": true
}