{
    "env_name": "IntersectDefensive-TruncateOnly-v0",
    "reward_parameters": [
        0.0,
        0.0,
        10.0,
        0.002804608778587722,
        -0.31191633999803087,
        0.0,
        0.0,
        0.0,
        0.0
    ],
    "constraint_parameters": [
        [
            0,
            0,
            0,
            0,
            0,
            1,
            0,
            0,
            0
        ],
        [
            0,
            0,
            0,
            0,
            0,
            0,
            1,
            0,
            0
        ],
        [
            0,
            0,
            0,
            0,
            0,
            0,
            0,
            1,
            0
        ],
        [
            0,
            0,
            0,
            0,
            0,
            0,
            0,
            0,
            1
        ]
    ],
    "constraint_thresholds": [
        0.2,
        0.2,
        0.05,
        0.1
    ],
    "goal": [
        0.0,
        0.0,
        1.0
    ],
    "acceleration": [
        0.033420438569288384,
        0.7755068935712548,
        2.8532268602085686
    ],
    "steering": [
        5.050877547635812,
        15.17251414155039
    ],
    "features": [
        0.0,
        0.0,
        0.3333333333333333,
        11.572325182553703,
        0.3453796491111057,
        0.023333333333333334,
        0.0,
        0.0,
        0.03333333333333333
    ],
    "feasible": true
}