{
    "reward_parameters": [
        10.0,
        0.0,
        0.0,
        0.02800676015533564,
        -0.19992863819884793,
        0.0,
        0.0,
        0.0,
        0.0
    ],
    "constraint_parameters": [
        [
            0,
            0,
            0,
            0,
            0,
            1,
            0,
            0,
            0
        ],
        [
            0,
            0,
            0,
            0,
            0,
            0,
            1,
            0,
            0
        ],
        [
            0,
            0,
            0,
            0,
            0,
            0,
            0,
            1,
            0
        ],
        [
            0,
            0,
            0,
            0,
            0,
            0,
            0,
            0,
            1
        ]
    ],
    "constraint_thresholds": [
        0.2,
        0.2,
        0.05,
        0.1
    ],
    "goal": [
        1.0,
        0.0,
        0.0
    ],
    "acceleration": [
        0.05810355629243374,
        1.6241563513460235,
        4.50590171917625
    ],
    "steering": [
        4.91192226408253,
        12.231010938499649
    ],
    "features": [
        0.23333333333333334,
        0.0,
        0.0,
        10.1762270742702,
        2.269537930789487,
        0.19,
        0.02,
        0.04,
        0.06333333333333334
    ],
    "feasible": true,
    "env_name": "Intersect-TruncateOnly-v0"
}