{
    "env_name": "IntersectAggressive-TruncateOnly-v0",
    "reward_parameters": [
        0.0,
        10.0,
        0.0,
        0.2501984994443988,
        -0.09106158034099941,
        0.0,
        0.0,
        0.0,
        0.0
    ],
    "constraint_parameters": [
        [
            0,
            0,
            0,
            0,
            0,
            1,
            0,
            0,
            0
        ],
        [
            0,
            0,
            0,
            0,
            0,
            0,
            1,
            0,
            0
        ],
        [
            0,
            0,
            0,
            0,
            0,
            0,
            0,
            1,
            0
        ],
        [
            0,
            0,
            0,
            0,
            0,
            0,
            0,
            0,
            1
        ]
    ],
    "constraint_thresholds": [
        0.2,
        0.2,
        0.05,
        0.1
    ],
    "goal": [
        0.0,
        1.0,
        0.0
    ],
    "acceleration": [
        0.04488772330968971,
        0.8292790392121536,
        7.249823600013206
    ],
    "steering": [
        4.733372388147905,
        13.084092203186053
    ],
    "features": [
        0.0,
        0.23333333333333334,
        0.0,
        10.756791245215402,
        0.28108426974108625,
        0.14666666666666667,
        0.016666666666666666,
        0.03666666666666667,
        0.03666666666666667
    ],
    "feasible": true
}