{
    "env_name": "IntersectDefensive-TruncateOnly-v0",
    "reward_parameters": [
        0.0,
        10.0,
        0.0,
        0.26023338676631536,
        -0.08644692347273464,
        0.0,
        0.0,
        0.0,
        0.0
    ],
    "constraint_parameters": [
        [
            0,
            0,
            0,
            0,
            0,
            1,
            0,
            0,
            0
        ],
        [
            0,
            0,
            0,
            0,
            0,
            0,
            1,
            0,
            0
        ],
        [
            0,
            0,
            0,
            0,
            0,
            0,
            0,
            1,
            0
        ],
        [
            0,
            0,
            0,
            0,
            0,
            0,
            0,
            0,
            1
        ]
    ],
    "constraint_thresholds": [
        0.2,
        0.2,
        0.05,
        0.1
    ],
    "goal": [
        0.0,
        1.0,
        0.0
    ],
    "acceleration": [
        0.055046908272192524,
        1.1679798415771425,
        5.394078022513291
    ],
    "steering": [
        5.289570755233205,
        10.098949061220507
    ],
    "features": [
        0.0,
        0.24,
        0.0,
        10.622850890644557,
        0.12445002586294104,
        0.16,
        0.0033333333333333335,
        0.03333333333333333,
        0.02666666666666667
    ],
    "feasible": true
}