{
    "env_name": "IntersectDefensive-TruncateOnly-v0",
    "reward_parameters": [
        10.0,
        0.0,
        0.0,
        0.044344402922438714,
        -0.04220533488216155,
        0.0,
        0.0,
        0.0,
        0.0
    ],
    "constraint_parameters": [
        [
            0,
            0,
            0,
            0,
            0,
            1,
            0,
            0,
            0
        ],
        [
            0,
            0,
            0,
            0,
            0,
            0,
            1,
            0,
            0
        ],
        [
            0,
            0,
            0,
            0,
            0,
            0,
            0,
            1,
            0
        ],
        [
            0,
            0,
            0,
            0,
            0,
            0,
            0,
            0,
            1
        ]
    ],
    "constraint_thresholds": [
        0.2,
        0.2,
        0.05,
        0.1
    ],
    "goal": [
        1.0,
        0.0,
        0.0
    ],
    "acceleration": [
        0.05353971323656268,
        -0.3139471900923131,
        4.2530672010442
    ],
    "steering": [
        5.521353745349216,
        8.164957776847599
    ],
    "features": [
        0.23666666666666666,
        0.0,
        0.0,
        10.074987987745251,
        3.215063657239037,
        0.14,
        0.03666666666666667,
        0.05,
        0.05333333333333334
    ],
    "feasible": true
}