{
    "reward_parameters": [
        10.0,
        0.0,
        0.0,
        0.1360570431729936,
        -0.15352251358476743,
        0.0,
        0.0,
        0.0,
        0.0
    ],
    "constraint_parameters": [
        [
            0,
            0,
            0,
            0,
            0,
            1,
            0,
            0,
            0
        ],
        [
            0,
            0,
            0,
            0,
            0,
            0,
            1,
            0,
            0
        ],
        [
            0,
            0,
            0,
            0,
            0,
            0,
            0,
            1,
            0
        ],
        [
            0,
            0,
            0,
            0,
            0,
            0,
            0,
            0,
            1
        ]
    ],
    "constraint_thresholds": [
        0.2,
        0.2,
        0.05,
        0.1
    ],
    "goal": [
        1.0,
        0.0,
        0.0
    ],
    "acceleration": [
        0.07822398416083273,
        0.5124177728234599,
        3.703359494789992
    ],
    "steering": [
        4.8816112890053365,
        4.331930730655028
    ],
    "features": [
        0.20333333333333334,
        0.0,
        0.0,
        10.626106118298823,
        2.112347295602284,
        0.18,
        0.03333333333333333,
        0.03333333333333333,
        0.043333333333333335
    ],
    "feasible": true,
    "env_name": "Intersect-TruncateOnly-v0"
}