{
    "env_name": "IntersectDefensive-TruncateOnly-v0",
    "reward_parameters": [
        0.0,
        0.0,
        10.0,
        0.18291724573062346,
        -0.18920491003372703,
        0.0,
        0.0,
        0.0,
        0.0
    ],
    "constraint_parameters": [
        [
            0,
            0,
            0,
            0,
            0,
            1,
            0,
            0,
            0
        ],
        [
            0,
            0,
            0,
            0,
            0,
            0,
            1,
            0,
            0
        ],
        [
            0,
            0,
            0,
            0,
            0,
            0,
            0,
            1,
            0
        ],
        [
            0,
            0,
            0,
            0,
            0,
            0,
            0,
            0,
            1
        ]
    ],
    "constraint_thresholds": [
        0.2,
        0.2,
        0.05,
        0.1
    ],
    "goal": [
        0.0,
        0.0,
        1.0
    ],
    "acceleration": [
        0.031427603421490646,
        0.6220326030952747,
        4.8388763293807955
    ],
    "steering": [
        4.87767025175667,
        4.844683965808387
    ],
    "features": [
        0.0,
        0.0,
        0.34,
        11.706824494276756,
        0.3115393210050368,
        0.02,
        0.0,
        0.0,
        0.043333333333333335
    ],
    "feasible": true
}