{
    "env_name": "IntersectDefensive-TruncateOnly-v0",
    "reward_parameters": [
        10.0,
        0.0,
        0.0,
        0.12674711417159765,
        -0.1795347604947281,
        0.0,
        0.0,
        0.0,
        0.0
    ],
    "constraint_parameters": [
        [
            0,
            0,
            0,
            0,
            0,
            1,
            0,
            0,
            0
        ],
        [
            0,
            0,
            0,
            0,
            0,
            0,
            1,
            0,
            0
        ],
        [
            0,
            0,
            0,
            0,
            0,
            0,
            0,
            1,
            0
        ],
        [
            0,
            0,
            0,
            0,
            0,
            0,
            0,
            0,
            1
        ]
    ],
    "constraint_thresholds": [
        0.2,
        0.2,
        0.05,
        0.1
    ],
    "goal": [
        1.0,
        0.0,
        0.0
    ],
    "acceleration": [
        0.05757018265917488,
        -0.21548903887191795,
        2.9307654915165338
    ],
    "steering": [
        4.431727321402802,
        12.809360892701694
    ],
    "features": [
        0.23333333333333334,
        0.0,
        0.0,
        10.646767513510136,
        1.9781012861516205,
        0.16333333333333333,
        0.02,
        0.04666666666666667,
        0.05333333333333334
    ],
    "feasible": true
}