{
    "reward_parameters": [
        0.0,
        0.0,
        10.0,
        0.15598533975963266,
        -0.1926280528025334,
        0.0,
        0.0,
        0.0,
        0.0
    ],
    "constraint_parameters": [
        [
            0,
            0,
            0,
            0,
            0,
            1,
            0,
            0,
            0
        ],
        [
            0,
            0,
            0,
            0,
            0,
            0,
            1,
            0,
            0
        ],
        [
            0,
            0,
            0,
            0,
            0,
            0,
            0,
            1,
            0
        ],
        [
            0,
            0,
            0,
            0,
            0,
            0,
            0,
            0,
            1
        ]
    ],
    "constraint_thresholds": [
        0.2,
        0.2,
        0.05,
        0.1
    ],
    "goal": [
        0.0,
        0.0,
        1.0
    ],
    "acceleration": [
        0.04696475059872223,
        0.7313815940368854,
        5.7488901578941825
    ],
    "steering": [
        4.888112456636826,
        4.017007311296009
    ],
    "features": [
        0.0,
        0.0,
        0.33,
        12.101144761420729,
        0.22971171109601102,
        0.17,
        0.0,
        0.03666666666666667,
        0.1
    ],
    "feasible": true,
    "env_name": "Intersect-TruncateOnly-v0"
}