{
    "env_name": "IntersectAggressive-TruncateOnly-v0",
    "reward_parameters": [
        0.0,
        0.0,
        10.0,
        -0.028573280800007816,
        -0.24815584811269464,
        0.0,
        0.0,
        0.0,
        0.0
    ],
    "constraint_parameters": [
        [
            0,
            0,
            0,
            0,
            0,
            1,
            0,
            0,
            0
        ],
        [
            0,
            0,
            0,
            0,
            0,
            0,
            1,
            0,
            0
        ],
        [
            0,
            0,
            0,
            0,
            0,
            0,
            0,
            1,
            0
        ],
        [
            0,
            0,
            0,
            0,
            0,
            0,
            0,
            0,
            1
        ]
    ],
    "constraint_thresholds": [
        0.2,
        0.2,
        0.05,
        0.1
    ],
    "goal": [
        0.0,
        0.0,
        1.0
    ],
    "acceleration": [
        0.04183047553807631,
        1.1472496289211878,
        3.2372724728736304
    ],
    "steering": [
        5.200112391678023,
        4.534802012645033
    ],
    "features": [
        0.0,
        0.0,
        0.33666666666666667,
        11.37121848943815,
        0.3447111394041859,
        0.10333333333333333,
        0.0,
        0.04,
        0.05
    ],
    "feasible": true
}