{
    "reward_parameters": [
        0.0,
        0.0,
        10.0,
        -0.0498236376305016,
        -0.12185656707552585,
        0.0,
        0.0,
        0.0,
        0.0
    ],
    "constraint_parameters": [
        [
            0,
            0,
            0,
            0,
            0,
            1,
            0,
            0,
            0
        ],
        [
            0,
            0,
            0,
            0,
            0,
            0,
            1,
            0,
            0
        ],
        [
            0,
            0,
            0,
            0,
            0,
            0,
            0,
            1,
            0
        ],
        [
            0,
            0,
            0,
            0,
            0,
            0,
            0,
            0,
            1
        ]
    ],
    "constraint_thresholds": [
        0.2,
        0.2,
        0.05,
        0.1
    ],
    "goal": [
        0.0,
        0.0,
        1.0
    ],
    "acceleration": [
        0.048469869859107576,
        0.7050058605086028,
        4.916516610927851
    ],
    "steering": [
        5.043383947207771,
        14.605427022047685
    ],
    "features": [
        0.0,
        0.0,
        0.35,
        12.42265805084395,
        0.36511464663907955,
        0.18666666666666668,
        0.0,
        0.0,
        0.02666666666666667
    ],
    "feasible": true,
    "env_name": "Intersect-TruncateOnly-v0"
}