{
    "env_name": "IntersectDefensive-TruncateOnly-v0",
    "reward_parameters": [
        0.0,
        10.0,
        0.0,
        0.1543727717450398,
        -0.11959202100250949,
        0.0,
        0.0,
        0.0,
        0.0
    ],
    "constraint_parameters": [
        [
            0,
            0,
            0,
            0,
            0,
            1,
            0,
            0,
            0
        ],
        [
            0,
            0,
            0,
            0,
            0,
            0,
            1,
            0,
            0
        ],
        [
            0,
            0,
            0,
            0,
            0,
            0,
            0,
            1,
            0
        ],
        [
            0,
            0,
            0,
            0,
            0,
            0,
            0,
            0,
            1
        ]
    ],
    "constraint_thresholds": [
        0.2,
        0.2,
        0.05,
        0.1
    ],
    "goal": [
        0.0,
        1.0,
        0.0
    ],
    "acceleration": [
        0.06207753428739467,
        1.161766072468136,
        2.6298961072315516
    ],
    "steering": [
        4.92694599903236,
        8.360196958250476
    ],
    "features": [
        0.0,
        0.24666666666666667,
        0.0,
        10.632803271855849,
        0.12148554215551044,
        0.19666666666666666,
        0.006666666666666667,
        0.0,
        0.03
    ],
    "feasible": true
}