{
    "reward_parameters": [
        0.0,
        0.0,
        10.0,
        0.09535100422201385,
        -0.14658377470183442,
        0.0,
        0.0,
        0.0,
        0.0
    ],
    "constraint_parameters": [
        [
            0,
            0,
            0,
            0,
            0,
            1,
            0,
            0,
            0
        ],
        [
            0,
            0,
            0,
            0,
            0,
            0,
            1,
            0,
            0
        ],
        [
            0,
            0,
            0,
            0,
            0,
            0,
            0,
            1,
            0
        ],
        [
            0,
            0,
            0,
            0,
            0,
            0,
            0,
            0,
            1
        ]
    ],
    "constraint_thresholds": [
        0.2,
        0.2,
        0.05,
        0.1
    ],
    "goal": [
        0.0,
        0.0,
        1.0
    ],
    "acceleration": [
        0.02979128830366053,
        0.710312481181184,
        2.9422000034923337
    ],
    "steering": [
        5.174153971063752,
        7.731195049632128
    ],
    "features": [
        0.0,
        0.0,
        0.34,
        11.36952169134816,
        0.25924592574324956,
        0.0,
        0.0033333333333333335,
        0.0,
        0.043333333333333335
    ],
    "feasible": true,
    "env_name": "Intersect-TruncateOnly-v0"
}