{
    "env_name": "IntersectDefensive-TruncateOnly-v0",
    "reward_parameters": [
        0.0,
        0.0,
        10.0,
        0.20337790531620345,
        -0.3641140128002554,
        0.0,
        0.0,
        0.0,
        0.0
    ],
    "constraint_parameters": [
        [
            0,
            0,
            0,
            0,
            0,
            1,
            0,
            0,
            0
        ],
        [
            0,
            0,
            0,
            0,
            0,
            0,
            1,
            0,
            0
        ],
        [
            0,
            0,
            0,
            0,
            0,
            0,
            0,
            1,
            0
        ],
        [
            0,
            0,
            0,
            0,
            0,
            0,
            0,
            0,
            1
        ]
    ],
    "constraint_thresholds": [
        0.2,
        0.2,
        0.05,
        0.1
    ],
    "goal": [
        0.0,
        0.0,
        1.0
    ],
    "acceleration": [
        0.05499423555194267,
        0.5316518044091255,
        0.826466203422862
    ],
    "steering": [
        4.850327016775525,
        11.121173801150587
    ],
    "features": [
        0.0,
        0.0,
        0.32666666666666666,
        11.662598479453566,
        0.3465848358903329,
        0.19,
        0.0033333333333333335,
        0.0,
        0.04666666666666667
    ],
    "feasible": true
}