{
    "env_name": "IntersectAggressive-TruncateOnly-v0",
    "reward_parameters": [
        0.0,
        10.0,
        0.0,
        0.18950158902999897,
        -0.37924102124006054,
        0.0,
        0.0,
        0.0,
        0.0
    ],
    "constraint_parameters": [
        [
            0,
            0,
            0,
            0,
            0,
            1,
            0,
            0,
            0
        ],
        [
            0,
            0,
            0,
            0,
            0,
            0,
            1,
            0,
            0
        ],
        [
            0,
            0,
            0,
            0,
            0,
            0,
            0,
            1,
            0
        ],
        [
            0,
            0,
            0,
            0,
            0,
            0,
            0,
            0,
            1
        ]
    ],
    "constraint_thresholds": [
        0.2,
        0.2,
        0.05,
        0.1
    ],
    "goal": [
        0.0,
        1.0,
        0.0
    ],
    "acceleration": [
        0.054541443796542494,
        0.7390024840224227,
        1.0159078559084
    ],
    "steering": [
        5.338716407225676,
        7.686882671409762
    ],
    "features": [
        0.0,
        0.26,
        0.0,
        11.105220237888451,
        0.15861544810808814,
        0.19333333333333333,
        0.006666666666666667,
        0.0,
        0.03666666666666667
    ],
    "feasible": true
}