{
    "reward_parameters": [
        0.0,
        10.0,
        0.0,
        0.03156326073973473,
        -0.11166719480351732,
        0.0,
        0.0,
        0.0,
        0.0
    ],
    "constraint_parameters": [
        [
            0,
            0,
            0,
            0,
            0,
            1,
            0,
            0,
            0
        ],
        [
            0,
            0,
            0,
            0,
            0,
            0,
            1,
            0,
            0
        ],
        [
            0,
            0,
            0,
            0,
            0,
            0,
            0,
            1,
            0
        ],
        [
            0,
            0,
            0,
            0,
            0,
            0,
            0,
            0,
            1
        ]
    ],
    "constraint_thresholds": [
        0.2,
        0.2,
        0.05,
        0.1
    ],
    "goal": [
        0.0,
        1.0,
        0.0
    ],
    "acceleration": [
        0.043591347509720144,
        0.4028206781932764,
        5.7058018111730515
    ],
    "steering": [
        4.76637537450004,
        6.8492338477113766
    ],
    "features": [
        0.0,
        0.23,
        0.0,
        10.797494057489546,
        0.283767682802573,
        0.09666666666666666,
        0.01,
        0.03333333333333333,
        0.04
    ],
    "feasible": true,
    "env_name": "Intersect-TruncateOnly-v0"
}