{
    "env_name": "IntersectAggressive-TruncateOnly-v0",
    "reward_parameters": [
        0.0,
        10.0,
        0.0,
        0.1865689502839983,
        -0.22052019336510706,
        0.0,
        0.0,
        0.0,
        0.0
    ],
    "constraint_parameters": [
        [
            0,
            0,
            0,
            0,
            0,
            1,
            0,
            0,
            0
        ],
        [
            0,
            0,
            0,
            0,
            0,
            0,
            1,
            0,
            0
        ],
        [
            0,
            0,
            0,
            0,
            0,
            0,
            0,
            1,
            0
        ],
        [
            0,
            0,
            0,
            0,
            0,
            0,
            0,
            0,
            1
        ]
    ],
    "constraint_thresholds": [
        0.2,
        0.2,
        0.05,
        0.1
    ],
    "goal": [
        0.0,
        1.0,
        0.0
    ],
    "acceleration": [
        0.054179532754773364,
        0.7131272743664663,
        5.124813049948806
    ],
    "steering": [
        4.891172172194677,
        9.617635087194193
    ],
    "features": [
        0.0,
        0.24,
        0.0,
        10.673378038099099,
        0.15834767915289827,
        0.15,
        0.013333333333333334,
        0.03333333333333333,
        0.03666666666666667
    ],
    "feasible": true
}