{
    "env_name": "IntersectAggressive-TruncateOnly-v0",
    "reward_parameters": [
        10.0,
        0.0,
        0.0,
        -0.029642041984141554,
        -0.06463315381160303,
        0.0,
        0.0,
        0.0,
        0.0
    ],
    "constraint_parameters": [
        [
            0,
            0,
            0,
            0,
            0,
            1,
            0,
            0,
            0
        ],
        [
            0,
            0,
            0,
            0,
            0,
            0,
            1,
            0,
            0
        ],
        [
            0,
            0,
            0,
            0,
            0,
            0,
            0,
            1,
            0
        ],
        [
            0,
            0,
            0,
            0,
            0,
            0,
            0,
            0,
            1
        ]
    ],
    "constraint_thresholds": [
        0.2,
        0.2,
        0.05,
        0.1
    ],
    "goal": [
        1.0,
        0.0,
        0.0
    ],
    "acceleration": [
        0.05175248002537239,
        0.6276198564680854,
        3.814928384852056
    ],
    "steering": [
        5.099271385054351,
        15.622768316570902
    ],
    "features": [
        0.25,
        0.0,
        0.0,
        10.527021416639395,
        2.355912635784152,
        0.14333333333333334,
        0.01,
        0.03333333333333333,
        0.03333333333333333
    ],
    "feasible": true
}