{
    "env_name": "IntersectDefensive-TruncateOnly-v0",
    "reward_parameters": [
        10.0,
        0.0,
        0.0,
        0.014836136275777248,
        -0.04546566181849804,
        0.0,
        0.0,
        0.0,
        0.0
    ],
    "constraint_parameters": [
        [
            0,
            0,
            0,
            0,
            0,
            1,
            0,
            0,
            0
        ],
        [
            0,
            0,
            0,
            0,
            0,
            0,
            1,
            0,
            0
        ],
        [
            0,
            0,
            0,
            0,
            0,
            0,
            0,
            1,
            0
        ],
        [
            0,
            0,
            0,
            0,
            0,
            0,
            0,
            0,
            1
        ]
    ],
    "constraint_thresholds": [
        0.2,
        0.2,
        0.05,
        0.1
    ],
    "goal": [
        1.0,
        0.0,
        0.0
    ],
    "acceleration": [
        0.05941174532373271,
        0.7345020580447627,
        3.5451169903916777
    ],
    "steering": [
        4.354276383977078,
        9.311745958215436
    ],
    "features": [
        0.23333333333333334,
        0.0,
        0.0,
        10.412130153515719,
        1.6271032685848068,
        0.19666666666666666,
        0.03,
        0.006666666666666667,
        0.08666666666666667
    ],
    "feasible": true
}