{
    "reward_parameters": [
        0.0,
        0.0,
        10.0,
        0.046440031973490115,
        -0.27354606293431766,
        0.0,
        0.0,
        0.0,
        0.0
    ],
    "constraint_parameters": [
        [
            0,
            0,
            0,
            0,
            0,
            1,
            0,
            0,
            0
        ],
        [
            0,
            0,
            0,
            0,
            0,
            0,
            1,
            0,
            0
        ],
        [
            0,
            0,
            0,
            0,
            0,
            0,
            0,
            1,
            0
        ],
        [
            0,
            0,
            0,
            0,
            0,
            0,
            0,
            0,
            1
        ]
    ],
    "constraint_thresholds": [
        0.2,
        0.2,
        0.05,
        0.1
    ],
    "goal": [
        0.0,
        0.0,
        1.0
    ],
    "acceleration": [
        0.04920907754597445,
        0.6307017168506,
        6.622241626405025
    ],
    "steering": [
        4.728508397307959,
        15.638926262715145
    ],
    "features": [
        0.0,
        0.0,
        0.35333333333333333,
        12.167624352787275,
        0.4495079640775212,
        0.13333333333333333,
        0.0,
        0.0,
        0.04666666666666667
    ],
    "feasible": true,
    "env_name": "Intersect-TruncateOnly-v0"
}