{
    "reward_parameters": [
        10.0,
        0.0,
        0.0,
        0.1348862246295866,
        -0.28079904606268935,
        0.0,
        0.0,
        0.0,
        0.0
    ],
    "constraint_parameters": [
        [
            0,
            0,
            0,
            0,
            0,
            1,
            0,
            0,
            0
        ],
        [
            0,
            0,
            0,
            0,
            0,
            0,
            1,
            0,
            0
        ],
        [
            0,
            0,
            0,
            0,
            0,
            0,
            0,
            1,
            0
        ],
        [
            0,
            0,
            0,
            0,
            0,
            0,
            0,
            0,
            1
        ]
    ],
    "constraint_thresholds": [
        0.2,
        0.2,
        0.05,
        0.1
    ],
    "goal": [
        1.0,
        0.0,
        0.0
    ],
    "acceleration": [
        0.051892238762719756,
        0.7706347761015242,
        5.539213155602916
    ],
    "steering": [
        5.134962619458684,
        3.879302679710804
    ],
    "features": [
        0.23333333333333334,
        0.0,
        0.0,
        9.883050394743597,
        3.20969577070779,
        0.18333333333333332,
        0.04,
        0.03333333333333333,
        0.09333333333333334
    ],
    "feasible": true,
    "env_name": "Intersect-TruncateOnly-v0"
}