{
    "reward_parameters": [
        10.0,
        0.0,
        0.0,
        0.07548110615276607,
        -0.002997256352968186,
        0.0,
        0.0,
        0.0,
        0.0
    ],
    "constraint_parameters": [
        [
            0,
            0,
            0,
            0,
            0,
            1,
            0,
            0,
            0
        ],
        [
            0,
            0,
            0,
            0,
            0,
            0,
            1,
            0,
            0
        ],
        [
            0,
            0,
            0,
            0,
            0,
            0,
            0,
            1,
            0
        ],
        [
            0,
            0,
            0,
            0,
            0,
            0,
            0,
            0,
            1
        ]
    ],
    "constraint_thresholds": [
        0.2,
        0.2,
        0.05,
        0.1
    ],
    "goal": [
        1.0,
        0.0,
        0.0
    ],
    "acceleration": [
        0.04053042357027953,
        0.3518570995228814,
        6.353457796612868
    ],
    "steering": [
        4.56383050337579,
        6.707125580328356
    ],
    "features": [
        0.20666666666666667,
        0.0,
        0.0,
        9.102900215107677,
        2.550613103024252,
        0.07,
        0.02666666666666667,
        0.03666666666666667,
        0.09
    ],
    "feasible": true,
    "env_name": "Intersect-TruncateOnly-v0"
}