{
    "env_name": "IntersectAggressive-TruncateOnly-v0",
    "reward_parameters": [
        0.0,
        10.0,
        0.0,
        0.11507167065831594,
        -0.10455685632585769,
        0.0,
        0.0,
        0.0,
        0.0
    ],
    "constraint_parameters": [
        [
            0,
            0,
            0,
            0,
            0,
            1,
            0,
            0,
            0
        ],
        [
            0,
            0,
            0,
            0,
            0,
            0,
            1,
            0,
            0
        ],
        [
            0,
            0,
            0,
            0,
            0,
            0,
            0,
            1,
            0
        ],
        [
            0,
            0,
            0,
            0,
            0,
            0,
            0,
            0,
            1
        ]
    ],
    "constraint_thresholds": [
        0.2,
        0.2,
        0.05,
        0.1
    ],
    "goal": [
        0.0,
        1.0,
        0.0
    ],
    "acceleration": [
        0.06085848079231938,
        1.2074569602179335,
        5.100470752524283
    ],
    "steering": [
        4.193034419534745,
        10.16090828692397
    ],
    "features": [
        0.0,
        0.23,
        0.0,
        10.2557617080864,
        0.20150422380716135,
        0.19666666666666666,
        0.01,
        0.04666666666666667,
        0.02666666666666667
    ],
    "feasible": true
}