{
    "env_name": "IntersectDefensive-TruncateOnly-v0",
    "reward_parameters": [
        10.0,
        0.0,
        0.0,
        0.027543127908982237,
        -0.1557803992412457,
        0.0,
        0.0,
        0.0,
        0.0
    ],
    "constraint_parameters": [
        [
            0,
            0,
            0,
            0,
            0,
            1,
            0,
            0,
            0
        ],
        [
            0,
            0,
            0,
            0,
            0,
            0,
            1,
            0,
            0
        ],
        [
            0,
            0,
            0,
            0,
            0,
            0,
            0,
            1,
            0
        ],
        [
            0,
            0,
            0,
            0,
            0,
            0,
            0,
            0,
            1
        ]
    ],
    "constraint_thresholds": [
        0.2,
        0.2,
        0.05,
        0.1
    ],
    "goal": [
        1.0,
        0.0,
        0.0
    ],
    "acceleration": [
        0.06287422764415052,
        0.0988198835844224,
        2.723696504893514
    ],
    "steering": [
        5.038425056356133,
        11.132625530273067
    ],
    "features": [
        0.22,
        0.0,
        0.0,
        10.163505301797276,
        2.4337197188507536,
        0.19,
        0.016666666666666666,
        0.03666666666666667,
        0.08
    ],
    "feasible": true
}