{
    "env_name": "IntersectDefensive-TruncateOnly-v0",
    "reward_parameters": [
        0.0,
        0.0,
        10.0,
        -0.20638578759151502,
        -0.17383038469924725,
        0.0,
        0.0,
        0.0,
        0.0
    ],
    "constraint_parameters": [
        [
            0,
            0,
            0,
            0,
            0,
            1,
            0,
            0,
            0
        ],
        [
            0,
            0,
            0,
            0,
            0,
            0,
            1,
            0,
            0
        ],
        [
            0,
            0,
            0,
            0,
            0,
            0,
            0,
            1,
            0
        ],
        [
            0,
            0,
            0,
            0,
            0,
            0,
            0,
            0,
            1
        ]
    ],
    "constraint_thresholds": [
        0.2,
        0.2,
        0.05,
        0.1
    ],
    "goal": [
        0.0,
        0.0,
        1.0
    ],
    "acceleration": [
        0.056999516667433775,
        -0.13782816050397717,
        6.465251875106922
    ],
    "steering": [
        4.953702126050058,
        11.317768649474719
    ],
    "features": [
        0.0,
        0.0,
        0.30666666666666664,
        10.613750155172319,
        0.3320170331477002,
        0.16,
        0.0033333333333333335,
        0.0,
        0.056666666666666664
    ],
    "feasible": true
}