{
    "env_name": "IntersectAggressive-TruncateOnly-v0",
    "reward_parameters": [
        10.0,
        0.0,
        0.0,
        0.09815369758631685,
        -0.13078471032886715,
        0.0,
        0.0,
        0.0,
        0.0
    ],
    "constraint_parameters": [
        [
            0,
            0,
            0,
            0,
            0,
            1,
            0,
            0,
            0
        ],
        [
            0,
            0,
            0,
            0,
            0,
            0,
            1,
            0,
            0
        ],
        [
            0,
            0,
            0,
            0,
            0,
            0,
            0,
            1,
            0
        ],
        [
            0,
            0,
            0,
            0,
            0,
            0,
            0,
            0,
            1
        ]
    ],
    "constraint_thresholds": [
        0.2,
        0.2,
        0.05,
        0.1
    ],
    "goal": [
        1.0,
        0.0,
        0.0
    ],
    "acceleration": [
        0.05873130587967415,
        0.18892580289043334,
        6.081291624169204
    ],
    "steering": [
        5.211074376022631,
        16.391178614933068
    ],
    "features": [
        0.24,
        0.0,
        0.0,
        10.91563779681168,
        2.372320795792805,
        0.18333333333333332,
        0.0033333333333333335,
        0.03666666666666667,
        0.06333333333333334
    ],
    "feasible": true
}