{
    "env_name": "IntersectDefensive-TruncateOnly-v0",
    "reward_parameters": [
        0.0,
        10.0,
        0.0,
        0.16623719654523345,
        -0.283239235013598,
        0.0,
        0.0,
        0.0,
        0.0
    ],
    "constraint_parameters": [
        [
            0,
            0,
            0,
            0,
            0,
            1,
            0,
            0,
            0
        ],
        [
            0,
            0,
            0,
            0,
            0,
            0,
            1,
            0,
            0
        ],
        [
            0,
            0,
            0,
            0,
            0,
            0,
            0,
            1,
            0
        ],
        [
            0,
            0,
            0,
            0,
            0,
            0,
            0,
            0,
            1
        ]
    ],
    "constraint_thresholds": [
        0.2,
        0.2,
        0.05,
        0.1
    ],
    "goal": [
        0.0,
        1.0,
        0.0
    ],
    "acceleration": [
        0.04595223375022746,
        0.8667225743545895,
        4.619973758570446
    ],
    "steering": [
        4.747881092519978,
        11.751861150549006
    ],
    "features": [
        0.0,
        0.24333333333333335,
        0.0,
        10.190812807439187,
        0.11401483456039578,
        0.13666666666666666,
        0.016666666666666666,
        0.05,
        0.03666666666666667
    ],
    "feasible": true
}