{
    "reward_parameters": [
        0.0,
        0.0,
        10.0,
        0.01589404322758628,
        -0.09984030872036723,
        0.0,
        0.0,
        0.0,
        0.0
    ],
    "constraint_parameters": [
        [
            0,
            0,
            0,
            0,
            0,
            1,
            0,
            0,
            0
        ],
        [
            0,
            0,
            0,
            0,
            0,
            0,
            1,
            0,
            0
        ],
        [
            0,
            0,
            0,
            0,
            0,
            0,
            0,
            1,
            0
        ],
        [
            0,
            0,
            0,
            0,
            0,
            0,
            0,
            0,
            1
        ]
    ],
    "constraint_thresholds": [
        0.2,
        0.2,
        0.05,
        0.1
    ],
    "goal": [
        0.0,
        0.0,
        1.0
    ],
    "acceleration": [
        0.03433956918080703,
        0.2802961988986046,
        2.7022493330993886
    ],
    "steering": [
        5.099289177116795,
        13.015676487836508
    ],
    "features": [
        0.0,
        0.0,
        0.35333333333333333,
        11.756342836370631,
        0.2729724409801156,
        0.01,
        0.0,
        0.0,
        0.03
    ],
    "feasible": true,
    "env_name": "Intersect-TruncateOnly-v0"
}