{
    "reward_parameters": [
        0.0,
        0.0,
        10.0,
        0.2476625016076888,
        -0.1673836778536173,
        0.0,
        0.0,
        0.0,
        0.0
    ],
    "constraint_parameters": [
        [
            0,
            0,
            0,
            0,
            0,
            1,
            0,
            0,
            0
        ],
        [
            0,
            0,
            0,
            0,
            0,
            0,
            1,
            0,
            0
        ],
        [
            0,
            0,
            0,
            0,
            0,
            0,
            0,
            1,
            0
        ],
        [
            0,
            0,
            0,
            0,
            0,
            0,
            0,
            0,
            1
        ]
    ],
    "constraint_thresholds": [
        0.2,
        0.2,
        0.05,
        0.1
    ],
    "goal": [
        0.0,
        0.0,
        1.0
    ],
    "acceleration": [
        0.04193034347394882,
        0.6575558299163717,
        1.6752951202095185
    ],
    "steering": [
        5.152882122825422,
        8.4698603801445
    ],
    "features": [
        0.0,
        0.0,
        0.3433333333333333,
        11.85563206586906,
        0.2568096774436234,
        0.09333333333333334,
        0.0,
        0.0,
        0.043333333333333335
    ],
    "feasible": true,
    "env_name": "Intersect-TruncateOnly-v0"
}