{
    "env_name": "IntersectDefensive-TruncateOnly-v0",
    "reward_parameters": [
        0.0,
        0.0,
        10.0,
        0.03189443919071057,
        -0.17573673844836307,
        0.0,
        0.0,
        0.0,
        0.0
    ],
    "constraint_parameters": [
        [
            0,
            0,
            0,
            0,
            0,
            1,
            0,
            0,
            0
        ],
        [
            0,
            0,
            0,
            0,
            0,
            0,
            1,
            0,
            0
        ],
        [
            0,
            0,
            0,
            0,
            0,
            0,
            0,
            1,
            0
        ],
        [
            0,
            0,
            0,
            0,
            0,
            0,
            0,
            0,
            1
        ]
    ],
    "constraint_thresholds": [
        0.2,
        0.2,
        0.05,
        0.1
    ],
    "goal": [
        0.0,
        0.0,
        1.0
    ],
    "acceleration": [
        0.051469860381755134,
        1.145644363777877,
        3.2671443828071327
    ],
    "steering": [
        4.926063041426828,
        8.89654679186134
    ],
    "features": [
        0.0,
        0.0,
        0.3333333333333333,
        11.652058541803383,
        0.19993824071424846,
        0.19,
        0.0,
        0.0,
        0.04
    ],
    "feasible": true
}