{
    "reward_parameters": [
        0.0,
        10.0,
        0.0,
        0.25682320446502993,
        -0.246366986819971,
        0.0,
        0.0,
        0.0,
        0.0
    ],
    "constraint_parameters": [
        [
            0,
            0,
            0,
            0,
            0,
            1,
            0,
            0,
            0
        ],
        [
            0,
            0,
            0,
            0,
            0,
            0,
            1,
            0,
            0
        ],
        [
            0,
            0,
            0,
            0,
            0,
            0,
            0,
            1,
            0
        ],
        [
            0,
            0,
            0,
            0,
            0,
            0,
            0,
            0,
            1
        ]
    ],
    "constraint_thresholds": [
        0.2,
        0.2,
        0.05,
        0.1
    ],
    "goal": [
        0.0,
        1.0,
        0.0
    ],
    "acceleration": [
        0.05215908498860218,
        0.39001800004416065,
        7.198105745274742
    ],
    "steering": [
        5.148175769425106,
        9.370711167496928
    ],
    "features": [
        0.0,
        0.23333333333333334,
        0.0,
        10.601186902375446,
        0.3972869216610745,
        0.16,
        0.013333333333333334,
        0.04,
        0.02
    ],
    "feasible": true,
    "env_name": "Intersect-TruncateOnly-v0"
}