{
    "env_name": "IntersectDefensive-TruncateOnly-v0",
    "reward_parameters": [
        10.0,
        0.0,
        0.0,
        0.10741274343445024,
        -0.15494479924504984,
        0.0,
        0.0,
        0.0,
        0.0
    ],
    "constraint_parameters": [
        [
            0,
            0,
            0,
            0,
            0,
            1,
            0,
            0,
            0
        ],
        [
            0,
            0,
            0,
            0,
            0,
            0,
            1,
            0,
            0
        ],
        [
            0,
            0,
            0,
            0,
            0,
            0,
            0,
            1,
            0
        ],
        [
            0,
            0,
            0,
            0,
            0,
            0,
            0,
            0,
            1
        ]
    ],
    "constraint_thresholds": [
        0.2,
        0.2,
        0.05,
        0.1
    ],
    "goal": [
        1.0,
        0.0,
        0.0
    ],
    "acceleration": [
        0.06584969772537708,
        0.7991544736111642,
        4.555460115105262
    ],
    "steering": [
        5.1472349954324885,
        8.41023789886567
    ],
    "features": [
        0.25666666666666665,
        0.0,
        0.0,
        10.297355125503383,
        2.858946842060577,
        0.18333333333333332,
        0.023333333333333334,
        0.04,
        0.06333333333333334
    ],
    "feasible": true
}