{
    "reward_parameters": [
        0.0,
        10.0,
        0.0,
        0.02198748517512887,
        -0.18620024464603296,
        0.0,
        0.0,
        0.0,
        0.0
    ],
    "constraint_parameters": [
        [
            0,
            0,
            0,
            0,
            0,
            1,
            0,
            0,
            0
        ],
        [
            0,
            0,
            0,
            0,
            0,
            0,
            1,
            0,
            0
        ],
        [
            0,
            0,
            0,
            0,
            0,
            0,
            0,
            1,
            0
        ],
        [
            0,
            0,
            0,
            0,
            0,
            0,
            0,
            0,
            1
        ]
    ],
    "constraint_thresholds": [
        0.2,
        0.2,
        0.05,
        0.1
    ],
    "goal": [
        0.0,
        1.0,
        0.0
    ],
    "acceleration": [
        0.035242857322803085,
        0.6673059983859068,
        5.246289888913408
    ],
    "steering": [
        5.23573696777988,
        18.568109964285178
    ],
    "features": [
        0.0,
        0.21666666666666667,
        0.0,
        10.320541830738312,
        0.17062629944427188,
        0.02,
        0.013333333333333334,
        0.03666666666666667,
        0.06333333333333334
    ],
    "feasible": true,
    "env_name": "Intersect-TruncateOnly-v0"
}