{
    "env_name": "IntersectDefensive-TruncateOnly-v0",
    "reward_parameters": [
        0.0,
        0.0,
        10.0,
        0.09622554197215648,
        -0.23021839085574036,
        0.0,
        0.0,
        0.0,
        0.0
    ],
    "constraint_parameters": [
        [
            0,
            0,
            0,
            0,
            0,
            1,
            0,
            0,
            0
        ],
        [
            0,
            0,
            0,
            0,
            0,
            0,
            1,
            0,
            0
        ],
        [
            0,
            0,
            0,
            0,
            0,
            0,
            0,
            1,
            0
        ],
        [
            0,
            0,
            0,
            0,
            0,
            0,
            0,
            0,
            1
        ]
    ],
    "constraint_thresholds": [
        0.2,
        0.2,
        0.05,
        0.1
    ],
    "goal": [
        0.0,
        0.0,
        1.0
    ],
    "acceleration": [
        0.03988105548541881,
        0.6009821681458288,
        4.797607770666172
    ],
    "steering": [
        4.978570985054656,
        8.943900867769173
    ],
    "features": [
        0.0,
        0.0,
        0.3466666666666667,
        11.706551264765586,
        0.2984444164843305,
        0.08,
        0.0033333333333333335,
        0.0,
        0.023333333333333334
    ],
    "feasible": true
}