{
    "reward_parameters": [
        0.0,
        0.0,
        10.0,
        0.03918147511055142,
        -0.1866908793940524,
        0.0,
        0.0,
        0.0,
        0.0
    ],
    "constraint_parameters": [
        [
            0,
            0,
            0,
            0,
            0,
            1,
            0,
            0,
            0
        ],
        [
            0,
            0,
            0,
            0,
            0,
            0,
            1,
            0,
            0
        ],
        [
            0,
            0,
            0,
            0,
            0,
            0,
            0,
            1,
            0
        ],
        [
            0,
            0,
            0,
            0,
            0,
            0,
            0,
            0,
            1
        ]
    ],
    "constraint_thresholds": [
        0.2,
        0.2,
        0.05,
        0.1
    ],
    "goal": [
        0.0,
        0.0,
        1.0
    ],
    "acceleration": [
        0.043176804603171116,
        2.2758319553437647,
        1.0291312158281527
    ],
    "steering": [
        5.090918444291428,
        9.810103151898975
    ],
    "features": [
        0.0,
        0.0,
        0.35,
        11.76172168769526,
        0.2632001609251487,
        0.1,
        0.0,
        0.0,
        0.04
    ],
    "feasible": true,
    "env_name": "Intersect-TruncateOnly-v0"
}