{
    "env_name": "IntersectAggressive-TruncateOnly-v0",
    "reward_parameters": [
        0.0,
        10.0,
        0.0,
        0.19452402960646797,
        -0.1559246165931002,
        0.0,
        0.0,
        0.0,
        0.0
    ],
    "constraint_parameters": [
        [
            0,
            0,
            0,
            0,
            0,
            1,
            0,
            0,
            0
        ],
        [
            0,
            0,
            0,
            0,
            0,
            0,
            1,
            0,
            0
        ],
        [
            0,
            0,
            0,
            0,
            0,
            0,
            0,
            1,
            0
        ],
        [
            0,
            0,
            0,
            0,
            0,
            0,
            0,
            0,
            1
        ]
    ],
    "constraint_thresholds": [
        0.2,
        0.2,
        0.05,
        0.1
    ],
    "goal": [
        0.0,
        1.0,
        0.0
    ],
    "acceleration": [
        0.029690797221691545,
        1.0641677107579637,
        5.826358312270053
    ],
    "steering": [
        5.220686630673919,
        11.054953359882134
    ],
    "features": [
        0.0,
        0.26,
        0.0,
        11.131906388070414,
        0.28262250005745165,
        0.03333333333333333,
        0.006666666666666667,
        0.03666666666666667,
        0.043333333333333335
    ],
    "feasible": true
}