{
    "reward_parameters": [
        10.0,
        0.0,
        0.0,
        0.04313005335371305,
        -0.24770073767386996,
        0.0,
        0.0,
        0.0,
        0.0
    ],
    "constraint_parameters": [
        [
            0,
            0,
            0,
            0,
            0,
            1,
            0,
            0,
            0
        ],
        [
            0,
            0,
            0,
            0,
            0,
            0,
            1,
            0,
            0
        ],
        [
            0,
            0,
            0,
            0,
            0,
            0,
            0,
            1,
            0
        ],
        [
            0,
            0,
            0,
            0,
            0,
            0,
            0,
            0,
            1
        ]
    ],
    "constraint_thresholds": [
        0.2,
        0.2,
        0.05,
        0.1
    ],
    "goal": [
        1.0,
        0.0,
        0.0
    ],
    "acceleration": [
        0.06294404606560926,
        1.7933359817954222,
        9.446161666921316
    ],
    "steering": [
        4.884014890639692,
        16.972173846882093
    ],
    "features": [
        0.24,
        0.0,
        0.0,
        10.838113729722506,
        1.6241587647380344,
        0.2,
        0.023333333333333334,
        0.04,
        0.07333333333333333
    ],
    "feasible": true,
    "env_name": "Intersect-TruncateOnly-v0"
}