{
    "env_name": "IntersectAggressive-TruncateOnly-v0",
    "reward_parameters": [
        10.0,
        0.0,
        0.0,
        0.22363224788185643,
        -0.21371148876798393,
        0.0,
        0.0,
        0.0,
        0.0
    ],
    "constraint_parameters": [
        [
            0,
            0,
            0,
            0,
            0,
            1,
            0,
            0,
            0
        ],
        [
            0,
            0,
            0,
            0,
            0,
            0,
            1,
            0,
            0
        ],
        [
            0,
            0,
            0,
            0,
            0,
            0,
            0,
            1,
            0
        ],
        [
            0,
            0,
            0,
            0,
            0,
            0,
            0,
            0,
            1
        ]
    ],
    "constraint_thresholds": [
        0.2,
        0.2,
        0.05,
        0.1
    ],
    "goal": [
        1.0,
        0.0,
        0.0
    ],
    "acceleration": [
        0.060036752320078934,
        -0.41360904785589203,
        3.271974840514299
    ],
    "steering": [
        3.6054243912742603,
        9.59484670632716
    ],
    "features": [
        0.21333333333333335,
        0.0,
        0.0,
        10.370584817582504,
        1.6209592610139525,
        0.16666666666666666,
        0.02,
        0.04,
        0.043333333333333335
    ],
    "feasible": true
}