{
    "env_name": "IntersectDefensive-TruncateOnly-v0",
    "reward_parameters": [
        10.0,
        0.0,
        0.0,
        0.060176675607935416,
        -0.23230142371222803,
        0.0,
        0.0,
        0.0,
        0.0
    ],
    "constraint_parameters": [
        [
            0,
            0,
            0,
            0,
            0,
            1,
            0,
            0,
            0
        ],
        [
            0,
            0,
            0,
            0,
            0,
            0,
            1,
            0,
            0
        ],
        [
            0,
            0,
            0,
            0,
            0,
            0,
            0,
            1,
            0
        ],
        [
            0,
            0,
            0,
            0,
            0,
            0,
            0,
            0,
            1
        ]
    ],
    "constraint_thresholds": [
        0.2,
        0.2,
        0.05,
        0.1
    ],
    "goal": [
        1.0,
        0.0,
        0.0
    ],
    "acceleration": [
        0.06281275083612373,
        1.2573891088733233,
        2.5328328943734917
    ],
    "steering": [
        4.965286161819554,
        13.648448108852039
    ],
    "features": [
        0.22666666666666666,
        0.0,
        0.0,
        9.561174767004237,
        1.6792188080819666,
        0.15333333333333332,
        0.013333333333333334,
        0.04,
        0.023333333333333334
    ],
    "feasible": true
}