{
    "env_name": "IntersectDefensive-TruncateOnly-v0",
    "reward_parameters": [
        0.0,
        10.0,
        0.0,
        -0.011948050379693903,
        -0.2588782643371098,
        0.0,
        0.0,
        0.0,
        0.0
    ],
    "constraint_parameters": [
        [
            0,
            0,
            0,
            0,
            0,
            1,
            0,
            0,
            0
        ],
        [
            0,
            0,
            0,
            0,
            0,
            0,
            1,
            0,
            0
        ],
        [
            0,
            0,
            0,
            0,
            0,
            0,
            0,
            1,
            0
        ],
        [
            0,
            0,
            0,
            0,
            0,
            0,
            0,
            0,
            1
        ]
    ],
    "constraint_thresholds": [
        0.2,
        0.2,
        0.05,
        0.1
    ],
    "goal": [
        0.0,
        1.0,
        0.0
    ],
    "acceleration": [
        0.03821206219071128,
        -0.3779718460517159,
        1.6202079363068678
    ],
    "steering": [
        4.666450957708102,
        10.403234289509257
    ],
    "features": [
        0.0,
        0.2633333333333333,
        0.0,
        12.125581518547657,
        0.36962917857214855,
        0.19333333333333333,
        0.04666666666666667,
        0.03333333333333333,
        0.043333333333333335
    ],
    "feasible": true
}