{
    "env_name": "IntersectDefensive-TruncateOnly-v0",
    "reward_parameters": [
        10.0,
        0.0,
        0.0,
        0.08828522004581446,
        -0.2861878152940763,
        0.0,
        0.0,
        0.0,
        0.0
    ],
    "constraint_parameters": [
        [
            0,
            0,
            0,
            0,
            0,
            1,
            0,
            0,
            0
        ],
        [
            0,
            0,
            0,
            0,
            0,
            0,
            1,
            0,
            0
        ],
        [
            0,
            0,
            0,
            0,
            0,
            0,
            0,
            1,
            0
        ],
        [
            0,
            0,
            0,
            0,
            0,
            0,
            0,
            0,
            1
        ]
    ],
    "constraint_thresholds": [
        0.2,
        0.2,
        0.05,
        0.1
    ],
    "goal": [
        1.0,
        0.0,
        0.0
    ],
    "acceleration": [
        0.07798656851875993,
        0.6347509511561796,
        2.085221614790965
    ],
    "steering": [
        4.66221656893379,
        7.819212092701735
    ],
    "features": [
        0.18,
        0.0,
        0.0,
        9.565918550218193,
        1.4119279663183295,
        0.17666666666666667,
        0.07333333333333333,
        0.04,
        0.03666666666666667
    ],
    "feasible": true
}