{
    "env_name": "IntersectAggressive-TruncateOnly-v0",
    "reward_parameters": [
        0.0,
        10.0,
        0.0,
        0.17938580155793188,
        0.000639783481569095,
        0.0,
        0.0,
        0.0,
        0.0
    ],
    "constraint_parameters": [
        [
            0,
            0,
            0,
            0,
            0,
            1,
            0,
            0,
            0
        ],
        [
            0,
            0,
            0,
            0,
            0,
            0,
            1,
            0,
            0
        ],
        [
            0,
            0,
            0,
            0,
            0,
            0,
            0,
            1,
            0
        ],
        [
            0,
            0,
            0,
            0,
            0,
            0,
            0,
            0,
            1
        ]
    ],
    "constraint_thresholds": [
        0.2,
        0.2,
        0.05,
        0.1
    ],
    "goal": [
        0.0,
        1.0,
        0.0
    ],
    "acceleration": [
        0.04011068917036716,
        0.40807326851867026,
        4.816508214871481
    ],
    "steering": [
        4.471027932119787,
        14.370315213036633
    ],
    "features": [
        0.0,
        0.24666666666666667,
        0.0,
        10.939024273585675,
        0.29654220615241295,
        0.08,
        0.0,
        0.03333333333333333,
        0.03333333333333333
    ],
    "feasible": true
}