{
    "reward_parameters": [
        10.0,
        0.0,
        0.0,
        -0.026424784074611213,
        -0.29192124286401433,
        0.0,
        0.0,
        0.0,
        0.0
    ],
    "constraint_parameters": [
        [
            0,
            0,
            0,
            0,
            0,
            1,
            0,
            0,
            0
        ],
        [
            0,
            0,
            0,
            0,
            0,
            0,
            1,
            0,
            0
        ],
        [
            0,
            0,
            0,
            0,
            0,
            0,
            0,
            1,
            0
        ],
        [
            0,
            0,
            0,
            0,
            0,
            0,
            0,
            0,
            1
        ]
    ],
    "constraint_thresholds": [
        0.2,
        0.2,
        0.05,
        0.1
    ],
    "goal": [
        1.0,
        0.0,
        0.0
    ],
    "acceleration": [
        0.0575789895570174,
        0.47207466158986855,
        5.173506327705783
    ],
    "steering": [
        4.6763250458689,
        5.958977424823694
    ],
    "features": [
        0.21,
        0.0,
        0.0,
        10.351096363456096,
        1.8813864395079327,
        0.17666666666666667,
        0.006666666666666667,
        0.03333333333333333,
        0.05333333333333334
    ],
    "feasible": true,
    "env_name": "Intersect-TruncateOnly-v0"
}