{
    "env_name": "IntersectAggressive-TruncateOnly-v0",
    "reward_parameters": [
        10.0,
        0.0,
        0.0,
        0.07520424543178893,
        -0.42862302320824497,
        0.0,
        0.0,
        0.0,
        0.0
    ],
    "constraint_parameters": [
        [
            0,
            0,
            0,
            0,
            0,
            1,
            0,
            0,
            0
        ],
        [
            0,
            0,
            0,
            0,
            0,
            0,
            1,
            0,
            0
        ],
        [
            0,
            0,
            0,
            0,
            0,
            0,
            0,
            1,
            0
        ],
        [
            0,
            0,
            0,
            0,
            0,
            0,
            0,
            0,
            1
        ]
    ],
    "constraint_thresholds": [
        0.2,
        0.2,
        0.05,
        0.1
    ],
    "goal": [
        1.0,
        0.0,
        0.0
    ],
    "acceleration": [
        0.0719711527910358,
        0.6444494865785433,
        5.990543668152346
    ],
    "steering": [
        4.970732767397757,
        7.596294577202876
    ],
    "features": [
        0.19666666666666666,
        0.0,
        0.0,
        9.743140951535953,
        2.3111647555276633,
        0.16,
        0.016666666666666666,
        0.05,
        0.07333333333333333
    ],
    "feasible": true
}