{
    "env_name": "IntersectDefensive-TruncateOnly-v0",
    "reward_parameters": [
        0.0,
        0.0,
        10.0,
        -0.07810922269544868,
        -0.3656733408378589,
        0.0,
        0.0,
        0.0,
        0.0
    ],
    "constraint_parameters": [
        [
            0,
            0,
            0,
            0,
            0,
            1,
            0,
            0,
            0
        ],
        [
            0,
            0,
            0,
            0,
            0,
            0,
            1,
            0,
            0
        ],
        [
            0,
            0,
            0,
            0,
            0,
            0,
            0,
            1,
            0
        ],
        [
            0,
            0,
            0,
            0,
            0,
            0,
            0,
            0,
            1
        ]
    ],
    "constraint_thresholds": [
        0.2,
        0.2,
        0.05,
        0.1
    ],
    "goal": [
        0.0,
        0.0,
        1.0
    ],
    "acceleration": [
        0.03547492096011921,
        0.9387546751964664,
        2.1119001599606664
    ],
    "steering": [
        5.411383831736357,
        11.098540272394056
    ],
    "features": [
        0.0,
        0.0,
        0.32666666666666666,
        11.058446404276792,
        0.2444552759969057,
        0.023333333333333334,
        0.03333333333333333,
        0.03333333333333333,
        0.023333333333333334
    ],
    "feasible": true
}