{
    "env_name": "IntersectDefensive-TruncateOnly-v0",
    "reward_parameters": [
        0.0,
        10.0,
        0.0,
        0.007324270870017635,
        -0.14455681068838858,
        0.0,
        0.0,
        0.0,
        0.0
    ],
    "constraint_parameters": [
        [
            0,
            0,
            0,
            0,
            0,
            1,
            0,
            0,
            0
        ],
        [
            0,
            0,
            0,
            0,
            0,
            0,
            1,
            0,
            0
        ],
        [
            0,
            0,
            0,
            0,
            0,
            0,
            0,
            1,
            0
        ],
        [
            0,
            0,
            0,
            0,
            0,
            0,
            0,
            0,
            1
        ]
    ],
    "constraint_thresholds": [
        0.2,
        0.2,
        0.05,
        0.1
    ],
    "goal": [
        0.0,
        1.0,
        0.0
    ],
    "acceleration": [
        0.03928718118723939,
        -0.23594494794251702,
        10.408844276083778
    ],
    "steering": [
        5.140667530387149,
        9.905742998115187
    ],
    "features": [
        0.0,
        0.20666666666666667,
        0.0,
        9.992711434676862,
        0.10694643018032181,
        0.07333333333333333,
        0.01,
        0.043333333333333335,
        0.02666666666666667
    ],
    "feasible": true
}