{
    "env_name": "IntersectDefensive-TruncateOnly-v0",
    "reward_parameters": [
        0.0,
        0.0,
        10.0,
        -0.07005741954011183,
        -0.2503899294485921,
        0.0,
        0.0,
        0.0,
        0.0
    ],
    "constraint_parameters": [
        [
            0,
            0,
            0,
            0,
            0,
            1,
            0,
            0,
            0
        ],
        [
            0,
            0,
            0,
            0,
            0,
            0,
            1,
            0,
            0
        ],
        [
            0,
            0,
            0,
            0,
            0,
            0,
            0,
            1,
            0
        ],
        [
            0,
            0,
            0,
            0,
            0,
            0,
            0,
            0,
            1
        ]
    ],
    "constraint_thresholds": [
        0.2,
        0.2,
        0.05,
        0.1
    ],
    "goal": [
        0.0,
        0.0,
        1.0
    ],
    "acceleration": [
        0.02687628539819089,
        0.35480169226998304,
        4.509698632164543
    ],
    "steering": [
        4.750700753558628,
        14.187881611006034
    ],
    "features": [
        0.0,
        0.0,
        0.33666666666666667,
        11.665946197870802,
        0.31409153023977826,
        0.0,
        0.0,
        0.0,
        0.05
    ],
    "feasible": true
}