{
    "reward_parameters": [
        10.0,
        0.0,
        0.0,
        -0.01879890339483367,
        -0.1732688485721514,
        0.0,
        0.0,
        0.0,
        0.0
    ],
    "constraint_parameters": [
        [
            0,
            0,
            0,
            0,
            0,
            1,
            0,
            0,
            0
        ],
        [
            0,
            0,
            0,
            0,
            0,
            0,
            1,
            0,
            0
        ],
        [
            0,
            0,
            0,
            0,
            0,
            0,
            0,
            1,
            0
        ],
        [
            0,
            0,
            0,
            0,
            0,
            0,
            0,
            0,
            1
        ]
    ],
    "constraint_thresholds": [
        0.2,
        0.2,
        0.05,
        0.1
    ],
    "goal": [
        1.0,
        0.0,
        0.0
    ],
    "acceleration": [
        0.0528732092976205,
        0.5203108018375601,
        7.814625938222504
    ],
    "steering": [
        4.8965158578492725,
        15.81473220166919
    ],
    "features": [
        0.2866666666666667,
        0.0,
        0.0,
        11.354733120128952,
        2.108669745940269,
        0.17333333333333334,
        0.03666666666666667,
        0.03,
        0.04
    ],
    "feasible": true,
    "env_name": "Intersect-TruncateOnly-v0"
}