{
    "env_name": "IntersectAggressive-TruncateOnly-v0",
    "reward_parameters": [
        0.0,
        0.0,
        10.0,
        0.0685575169452988,
        -0.18659119203402896,
        0.0,
        0.0,
        0.0,
        0.0
    ],
    "constraint_parameters": [
        [
            0,
            0,
            0,
            0,
            0,
            1,
            0,
            0,
            0
        ],
        [
            0,
            0,
            0,
            0,
            0,
            0,
            1,
            0,
            0
        ],
        [
            0,
            0,
            0,
            0,
            0,
            0,
            0,
            1,
            0
        ],
        [
            0,
            0,
            0,
            0,
            0,
            0,
            0,
            0,
            1
        ]
    ],
    "constraint_thresholds": [
        0.2,
        0.2,
        0.05,
        0.1
    ],
    "goal": [
        0.0,
        0.0,
        1.0
    ],
    "acceleration": [
        0.047806831894168185,
        0.4258787095453218,
        5.687046233191861
    ],
    "steering": [
        5.250459598341392,
        7.61207122585124
    ],
    "features": [
        0.0,
        0.0,
        0.32666666666666666,
        12.403463533351914,
        0.17514581234299234,
        0.16666666666666666,
        0.0,
        0.0,
        0.05333333333333334
    ],
    "feasible": true
}