{
    "env_name": "IntersectDefensive-TruncateOnly-v0",
    "reward_parameters": [
        0.0,
        0.0,
        10.0,
        -0.05546692255232877,
        -0.2556454373524191,
        0.0,
        0.0,
        0.0,
        0.0
    ],
    "constraint_parameters": [
        [
            0,
            0,
            0,
            0,
            0,
            1,
            0,
            0,
            0
        ],
        [
            0,
            0,
            0,
            0,
            0,
            0,
            1,
            0,
            0
        ],
        [
            0,
            0,
            0,
            0,
            0,
            0,
            0,
            1,
            0
        ],
        [
            0,
            0,
            0,
            0,
            0,
            0,
            0,
            0,
            1
        ]
    ],
    "constraint_thresholds": [
        0.2,
        0.2,
        0.05,
        0.1
    ],
    "goal": [
        0.0,
        0.0,
        1.0
    ],
    "acceleration": [
        0.04444768597812099,
        1.6526161069550964,
        2.14059120757609
    ],
    "steering": [
        4.705912613615608,
        5.240566020164939
    ],
    "features": [
        0.0,
        0.0,
        0.32666666666666666,
        11.068283738569113,
        0.21653871912579936,
        0.08333333333333333,
        0.0,
        0.03333333333333333,
        0.05
    ],
    "feasible": true
}