{
    "reward_parameters": [
        10.0,
        0.0,
        0.0,
        0.23439033945932847,
        -0.18652775554566886,
        0.0,
        0.0,
        0.0,
        0.0
    ],
    "constraint_parameters": [
        [
            0,
            0,
            0,
            0,
            0,
            1,
            0,
            0,
            0
        ],
        [
            0,
            0,
            0,
            0,
            0,
            0,
            1,
            0,
            0
        ],
        [
            0,
            0,
            0,
            0,
            0,
            0,
            0,
            1,
            0
        ],
        [
            0,
            0,
            0,
            0,
            0,
            0,
            0,
            0,
            1
        ]
    ],
    "constraint_thresholds": [
        0.2,
        0.2,
        0.05,
        0.1
    ],
    "goal": [
        1.0,
        0.0,
        0.0
    ],
    "acceleration": [
        0.05566273707751461,
        0.4689190343667896,
        3.7141554990511123
    ],
    "steering": [
        5.329404961271694,
        10.801134630748368
    ],
    "features": [
        0.26666666666666666,
        0.0,
        0.0,
        10.041108091459286,
        2.9045736959330832,
        0.14333333333333334,
        0.03,
        0.04666666666666667,
        0.07666666666666666
    ],
    "feasible": true,
    "env_name": "Intersect-TruncateOnly-v0"
}