{
    "env_name": "IntersectDefensive-TruncateOnly-v0",
    "reward_parameters": [
        10.0,
        0.0,
        0.0,
        0.11829695527115378,
        -0.20638552185905665,
        0.0,
        0.0,
        0.0,
        0.0
    ],
    "constraint_parameters": [
        [
            0,
            0,
            0,
            0,
            0,
            1,
            0,
            0,
            0
        ],
        [
            0,
            0,
            0,
            0,
            0,
            0,
            1,
            0,
            0
        ],
        [
            0,
            0,
            0,
            0,
            0,
            0,
            0,
            1,
            0
        ],
        [
            0,
            0,
            0,
            0,
            0,
            0,
            0,
            0,
            1
        ]
    ],
    "constraint_thresholds": [
        0.2,
        0.2,
        0.05,
        0.1
    ],
    "goal": [
        1.0,
        0.0,
        0.0
    ],
    "acceleration": [
        0.05335529081841745,
        0.9134963872773287,
        3.3647936981993913
    ],
    "steering": [
        5.219621455938209,
        9.583865230993585
    ],
    "features": [
        0.27666666666666667,
        0.0,
        0.0,
        10.51631011687406,
        3.184748256558307,
        0.14666666666666667,
        0.0033333333333333335,
        0.04,
        0.07666666666666666
    ],
    "feasible": true
}