{
    "env_name": "IntersectAggressive-TruncateOnly-v0",
    "reward_parameters": [
        0.0,
        10.0,
        0.0,
        0.1513116282980047,
        -0.26455666487223684,
        0.0,
        0.0,
        0.0,
        0.0
    ],
    "constraint_parameters": [
        [
            0,
            0,
            0,
            0,
            0,
            1,
            0,
            0,
            0
        ],
        [
            0,
            0,
            0,
            0,
            0,
            0,
            1,
            0,
            0
        ],
        [
            0,
            0,
            0,
            0,
            0,
            0,
            0,
            1,
            0
        ],
        [
            0,
            0,
            0,
            0,
            0,
            0,
            0,
            0,
            1
        ]
    ],
    "constraint_thresholds": [
        0.2,
        0.2,
        0.05,
        0.1
    ],
    "goal": [
        0.0,
        1.0,
        0.0
    ],
    "acceleration": [
        0.03801180328235738,
        0.5934262045698302,
        8.170567961855316
    ],
    "steering": [
        5.117604326200805,
        10.31767613726748
    ],
    "features": [
        0.0,
        0.25,
        0.0,
        11.278019647299296,
        0.26292810483479806,
        0.12333333333333334,
        0.02666666666666667,
        0.03666666666666667,
        0.03666666666666667
    ],
    "feasible": true
}