{
    "env_name": "IntersectDefensive-TruncateOnly-v0",
    "reward_parameters": [
        0.0,
        0.0,
        10.0,
        0.08238355099922784,
        -0.06493071223113839,
        0.0,
        0.0,
        0.0,
        0.0
    ],
    "constraint_parameters": [
        [
            0,
            0,
            0,
            0,
            0,
            1,
            0,
            0,
            0
        ],
        [
            0,
            0,
            0,
            0,
            0,
            0,
            1,
            0,
            0
        ],
        [
            0,
            0,
            0,
            0,
            0,
            0,
            0,
            1,
            0
        ],
        [
            0,
            0,
            0,
            0,
            0,
            0,
            0,
            0,
            1
        ]
    ],
    "constraint_thresholds": [
        0.2,
        0.2,
        0.05,
        0.1
    ],
    "goal": [
        0.0,
        0.0,
        1.0
    ],
    "acceleration": [
        0.030155430385676633,
        1.674283147437892,
        2.9656131171257245
    ],
    "steering": [
        5.117434382834914,
        11.41839832718582
    ],
    "features": [
        0.0,
        0.0,
        0.3333333333333333,
        11.635955773658887,
        0.19108272254166445,
        0.013333333333333334,
        0.0,
        0.0,
        0.02666666666666667
    ],
    "feasible": true
}