{
    "env_name": "IntersectDefensive-TruncateOnly-v0",
    "reward_parameters": [
        10.0,
        0.0,
        0.0,
        0.013214866569357067,
        -0.24682901442785837,
        0.0,
        0.0,
        0.0,
        0.0
    ],
    "constraint_parameters": [
        [
            0,
            0,
            0,
            0,
            0,
            1,
            0,
            0,
            0
        ],
        [
            0,
            0,
            0,
            0,
            0,
            0,
            1,
            0,
            0
        ],
        [
            0,
            0,
            0,
            0,
            0,
            0,
            0,
            1,
            0
        ],
        [
            0,
            0,
            0,
            0,
            0,
            0,
            0,
            0,
            1
        ]
    ],
    "constraint_thresholds": [
        0.2,
        0.2,
        0.05,
        0.1
    ],
    "goal": [
        1.0,
        0.0,
        0.0
    ],
    "acceleration": [
        0.036441150322606114,
        -0.0942879952735583,
        4.8648662473941
    ],
    "steering": [
        5.01616055157546,
        13.43609078806073
    ],
    "features": [
        0.2633333333333333,
        0.0,
        0.0,
        10.85009211806617,
        3.105968563061711,
        0.05333333333333334,
        0.01,
        0.03666666666666667,
        0.06
    ],
    "feasible": true
}