{
    "env_name": "IntersectAggressive-TruncateOnly-v0",
    "reward_parameters": [
        0.0,
        10.0,
        0.0,
        0.12779647486289192,
        -0.3171761792366027,
        0.0,
        0.0,
        0.0,
        0.0
    ],
    "constraint_parameters": [
        [
            0,
            0,
            0,
            0,
            0,
            1,
            0,
            0,
            0
        ],
        [
            0,
            0,
            0,
            0,
            0,
            0,
            1,
            0,
            0
        ],
        [
            0,
            0,
            0,
            0,
            0,
            0,
            0,
            1,
            0
        ],
        [
            0,
            0,
            0,
            0,
            0,
            0,
            0,
            0,
            1
        ]
    ],
    "constraint_thresholds": [
        0.2,
        0.2,
        0.05,
        0.1
    ],
    "goal": [
        0.0,
        1.0,
        0.0
    ],
    "acceleration": [
        0.05467758146949841,
        -0.19682725510573335,
        9.429510766224114
    ],
    "steering": [
        4.74996620048068,
        13.170425752902826
    ],
    "features": [
        0.0,
        0.24,
        0.0,
        10.783639538918086,
        0.3020178904430322,
        0.17666666666666667,
        0.016666666666666666,
        0.04,
        0.02666666666666667
    ],
    "feasible": true
}