{
    "reward_parameters": [
        0.0,
        0.0,
        10.0,
        0.13224460787292625,
        -0.3967637277318102,
        0.0,
        0.0,
        0.0,
        0.0
    ],
    "constraint_parameters": [
        [
            0,
            0,
            0,
            0,
            0,
            1,
            0,
            0,
            0
        ],
        [
            0,
            0,
            0,
            0,
            0,
            0,
            1,
            0,
            0
        ],
        [
            0,
            0,
            0,
            0,
            0,
            0,
            0,
            1,
            0
        ],
        [
            0,
            0,
            0,
            0,
            0,
            0,
            0,
            0,
            1
        ]
    ],
    "constraint_thresholds": [
        0.2,
        0.2,
        0.05,
        0.1
    ],
    "goal": [
        0.0,
        0.0,
        1.0
    ],
    "acceleration": [
        0.034938927127205546,
        1.106235400322491,
        4.094950319128235
    ],
    "steering": [
        4.939032688986911,
        2.0048990341962645
    ],
    "features": [
        0.0,
        0.0,
        0.35,
        12.00144127399208,
        0.1778577460365545,
        0.06,
        0.0,
        0.0,
        0.07333333333333333
    ],
    "feasible": true,
    "env_name": "Intersect-TruncateOnly-v0"
}