{
    "env_name": "IntersectDefensive-TruncateOnly-v0",
    "reward_parameters": [
        10.0,
        0.0,
        0.0,
        0.07284141883070243,
        -0.16241991071711917,
        0.0,
        0.0,
        0.0,
        0.0
    ],
    "constraint_parameters": [
        [
            0,
            0,
            0,
            0,
            0,
            1,
            0,
            0,
            0
        ],
        [
            0,
            0,
            0,
            0,
            0,
            0,
            1,
            0,
            0
        ],
        [
            0,
            0,
            0,
            0,
            0,
            0,
            0,
            1,
            0
        ],
        [
            0,
            0,
            0,
            0,
            0,
            0,
            0,
            0,
            1
        ]
    ],
    "constraint_thresholds": [
        0.2,
        0.2,
        0.05,
        0.1
    ],
    "goal": [
        1.0,
        0.0,
        0.0
    ],
    "acceleration": [
        0.04085397692779571,
        0.49498949829802763,
        5.606143331741334
    ],
    "steering": [
        4.9740811739920625,
        7.326673276892071
    ],
    "features": [
        0.25,
        0.0,
        0.0,
        9.802702958462314,
        3.184339315620523,
        0.11,
        0.006666666666666667,
        0.03333333333333333,
        0.06
    ],
    "feasible": true
}