{
    "env_name": "IntersectAggressive-TruncateOnly-v0",
    "reward_parameters": [
        0.0,
        10.0,
        0.0,
        0.06969463944554127,
        -0.06049869286060758,
        0.0,
        0.0,
        0.0,
        0.0
    ],
    "constraint_parameters": [
        [
            0,
            0,
            0,
            0,
            0,
            1,
            0,
            0,
            0
        ],
        [
            0,
            0,
            0,
            0,
            0,
            0,
            1,
            0,
            0
        ],
        [
            0,
            0,
            0,
            0,
            0,
            0,
            0,
            1,
            0
        ],
        [
            0,
            0,
            0,
            0,
            0,
            0,
            0,
            0,
            1
        ]
    ],
    "constraint_thresholds": [
        0.2,
        0.2,
        0.05,
        0.1
    ],
    "goal": [
        0.0,
        1.0,
        0.0
    ],
    "acceleration": [
        0.048850673199297964,
        0.4758135148264475,
        6.524483786033366
    ],
    "steering": [
        4.831045844715281,
        9.526062082098301
    ],
    "features": [
        0.0,
        0.25666666666666665,
        0.0,
        10.680095047498439,
        0.30752424979682386,
        0.12666666666666668,
        0.016666666666666666,
        0.03333333333333333,
        0.03333333333333333
    ],
    "feasible": true
}