{
    "env_name": "IntersectDefensive-TruncateOnly-v0",
    "reward_parameters": [
        0.0,
        10.0,
        0.0,
        0.1455445820644809,
        -0.19321532257643273,
        0.0,
        0.0,
        0.0,
        0.0
    ],
    "constraint_parameters": [
        [
            0,
            0,
            0,
            0,
            0,
            1,
            0,
            0,
            0
        ],
        [
            0,
            0,
            0,
            0,
            0,
            0,
            1,
            0,
            0
        ],
        [
            0,
            0,
            0,
            0,
            0,
            0,
            0,
            1,
            0
        ],
        [
            0,
            0,
            0,
            0,
            0,
            0,
            0,
            0,
            1
        ]
    ],
    "constraint_thresholds": [
        0.2,
        0.2,
        0.05,
        0.1
    ],
    "goal": [
        0.0,
        1.0,
        0.0
    ],
    "acceleration": [
        0.044539111871156646,
        0.2999717782764357,
        3.4515170456225066
    ],
    "steering": [
        5.053113186550808,
        8.612624252519614
    ],
    "features": [
        0.0,
        0.2633333333333333,
        0.0,
        10.993894127891277,
        0.19568001335771998,
        0.14333333333333334,
        0.013333333333333334,
        0.03666666666666667,
        0.02
    ],
    "feasible": true
}