{
    "env_name": "IntersectDefensive-TruncateOnly-v0",
    "reward_parameters": [
        10.0,
        0.0,
        0.0,
        0.03910269570838979,
        -0.1847698183251092,
        0.0,
        0.0,
        0.0,
        0.0
    ],
    "constraint_parameters": [
        [
            0,
            0,
            0,
            0,
            0,
            1,
            0,
            0,
            0
        ],
        [
            0,
            0,
            0,
            0,
            0,
            0,
            1,
            0,
            0
        ],
        [
            0,
            0,
            0,
            0,
            0,
            0,
            0,
            1,
            0
        ],
        [
            0,
            0,
            0,
            0,
            0,
            0,
            0,
            0,
            1
        ]
    ],
    "constraint_thresholds": [
        0.2,
        0.2,
        0.05,
        0.1
    ],
    "goal": [
        1.0,
        0.0,
        0.0
    ],
    "acceleration": [
        0.07376051995467942,
        0.6074869113552723,
        6.175424068981865
    ],
    "steering": [
        5.318229972376961,
        9.231972421706951
    ],
    "features": [
        0.21,
        0.0,
        0.0,
        10.04805540027321,
        2.6156034495818337,
        0.18,
        0.006666666666666667,
        0.04666666666666667,
        0.08
    ],
    "feasible": true
}