{
    "env_name": "IntersectDefensive-TruncateOnly-v0",
    "reward_parameters": [
        10.0,
        0.0,
        0.0,
        0.17525146648058304,
        -0.188719530029396,
        0.0,
        0.0,
        0.0,
        0.0
    ],
    "constraint_parameters": [
        [
            0,
            0,
            0,
            0,
            0,
            1,
            0,
            0,
            0
        ],
        [
            0,
            0,
            0,
            0,
            0,
            0,
            1,
            0,
            0
        ],
        [
            0,
            0,
            0,
            0,
            0,
            0,
            0,
            1,
            0
        ],
        [
            0,
            0,
            0,
            0,
            0,
            0,
            0,
            0,
            1
        ]
    ],
    "constraint_thresholds": [
        0.2,
        0.2,
        0.05,
        0.1
    ],
    "goal": [
        1.0,
        0.0,
        0.0
    ],
    "acceleration": [
        0.04434989739195633,
        0.37555934671152047,
        7.224299319014565
    ],
    "steering": [
        4.770112880642959,
        12.41589608645242
    ],
    "features": [
        0.21,
        0.0,
        0.0,
        10.412852407914817,
        2.3848883437607666,
        0.10333333333333333,
        0.023333333333333334,
        0.04,
        0.016666666666666666
    ],
    "feasible": true
}