{
    "env_name": "IntersectAggressive-TruncateOnly-v0",
    "reward_parameters": [
        10.0,
        0.0,
        0.0,
        0.11089646505819403,
        -0.08916736103844414,
        0.0,
        0.0,
        0.0,
        0.0
    ],
    "constraint_parameters": [
        [
            0,
            0,
            0,
            0,
            0,
            1,
            0,
            0,
            0
        ],
        [
            0,
            0,
            0,
            0,
            0,
            0,
            1,
            0,
            0
        ],
        [
            0,
            0,
            0,
            0,
            0,
            0,
            0,
            1,
            0
        ],
        [
            0,
            0,
            0,
            0,
            0,
            0,
            0,
            0,
            1
        ]
    ],
    "constraint_thresholds": [
        0.2,
        0.2,
        0.05,
        0.1
    ],
    "goal": [
        1.0,
        0.0,
        0.0
    ],
    "acceleration": [
        0.05680569816262862,
        0.8064013445302965,
        4.849423528195434
    ],
    "steering": [
        5.034350993892697,
        9.701464189505984
    ],
    "features": [
        0.26,
        0.0,
        0.0,
        10.53988759250604,
        2.9569496937583906,
        0.17333333333333334,
        0.0,
        0.03666666666666667,
        0.09333333333333334
    ],
    "feasible": true
}