{
    "env_name": "IntersectAggressive-TruncateOnly-v0",
    "reward_parameters": [
        0.0,
        0.0,
        10.0,
        -0.043455238540492436,
        -0.2560869179283904,
        0.0,
        0.0,
        0.0,
        0.0
    ],
    "constraint_parameters": [
        [
            0,
            0,
            0,
            0,
            0,
            1,
            0,
            0,
            0
        ],
        [
            0,
            0,
            0,
            0,
            0,
            0,
            1,
            0,
            0
        ],
        [
            0,
            0,
            0,
            0,
            0,
            0,
            0,
            1,
            0
        ],
        [
            0,
            0,
            0,
            0,
            0,
            0,
            0,
            0,
            1
        ]
    ],
    "constraint_thresholds": [
        0.2,
        0.2,
        0.05,
        0.1
    ],
    "goal": [
        0.0,
        0.0,
        1.0
    ],
    "acceleration": [
        0.03382080617780103,
        0.4477812561036085,
        3.022867002039657
    ],
    "steering": [
        5.58547963282313,
        9.398477155363414
    ],
    "features": [
        0.0,
        0.0,
        0.31666666666666665,
        10.829457721675663,
        0.23314984029810315,
        0.016666666666666666,
        0.0,
        0.0,
        0.043333333333333335
    ],
    "feasible": true
}