{
    "env_name": "IntersectDefensive-TruncateOnly-v0",
    "reward_parameters": [
        0.0,
        0.0,
        10.0,
        0.13200302902755945,
        -0.26209153392668283,
        0.0,
        0.0,
        0.0,
        0.0
    ],
    "constraint_parameters": [
        [
            0,
            0,
            0,
            0,
            0,
            1,
            0,
            0,
            0
        ],
        [
            0,
            0,
            0,
            0,
            0,
            0,
            1,
            0,
            0
        ],
        [
            0,
            0,
            0,
            0,
            0,
            0,
            0,
            1,
            0
        ],
        [
            0,
            0,
            0,
            0,
            0,
            0,
            0,
            0,
            1
        ]
    ],
    "constraint_thresholds": [
        0.2,
        0.2,
        0.05,
        0.1
    ],
    "goal": [
        0.0,
        0.0,
        1.0
    ],
    "acceleration": [
        0.0376932488210477,
        0.7947631995368388,
        4.758275864550372
    ],
    "steering": [
        4.654472236653404,
        14.023265266663786
    ],
    "features": [
        0.0,
        0.0,
        0.32666666666666666,
        10.761811932463283,
        0.34285525814347073,
        0.03,
        0.0,
        0.0,
        0.03333333333333333
    ],
    "feasible": true
}