{
    "env_name": "IntersectAggressive-TruncateOnly-v0",
    "reward_parameters": [
        0.0,
        0.0,
        10.0,
        0.0069061743393174085,
        -0.229706491021186,
        0.0,
        0.0,
        0.0,
        0.0
    ],
    "constraint_parameters": [
        [
            0,
            0,
            0,
            0,
            0,
            1,
            0,
            0,
            0
        ],
        [
            0,
            0,
            0,
            0,
            0,
            0,
            1,
            0,
            0
        ],
        [
            0,
            0,
            0,
            0,
            0,
            0,
            0,
            1,
            0
        ],
        [
            0,
            0,
            0,
            0,
            0,
            0,
            0,
            0,
            1
        ]
    ],
    "constraint_thresholds": [
        0.2,
        0.2,
        0.05,
        0.1
    ],
    "goal": [
        0.0,
        0.0,
        1.0
    ],
    "acceleration": [
        0.025724019095498638,
        -0.44904662446123134,
        4.286297376804189
    ],
    "steering": [
        4.960906752351719,
        9.4993235705691
    ],
    "features": [
        0.0,
        0.0,
        0.33,
        11.78126912418731,
        0.25818747273675374,
        0.02,
        0.0033333333333333335,
        0.0,
        0.04666666666666667
    ],
    "feasible": true
}