{
    "env_name": "IntersectDefensive-TruncateOnly-v0",
    "reward_parameters": [
        10.0,
        0.0,
        0.0,
        0.18857434186717636,
        -0.18584194894082118,
        0.0,
        0.0,
        0.0,
        0.0
    ],
    "constraint_parameters": [
        [
            0,
            0,
            0,
            0,
            0,
            1,
            0,
            0,
            0
        ],
        [
            0,
            0,
            0,
            0,
            0,
            0,
            1,
            0,
            0
        ],
        [
            0,
            0,
            0,
            0,
            0,
            0,
            0,
            1,
            0
        ],
        [
            0,
            0,
            0,
            0,
            0,
            0,
            0,
            0,
            1
        ]
    ],
    "constraint_thresholds": [
        0.2,
        0.2,
        0.05,
        0.1
    ],
    "goal": [
        1.0,
        0.0,
        0.0
    ],
    "acceleration": [
        0.07885686680590595,
        0.8890923312804546,
        3.9441059588176146
    ],
    "steering": [
        4.820289817076953,
        13.624043071225687
    ],
    "features": [
        0.21,
        0.0,
        0.0,
        9.858091305684974,
        2.0105243998115827,
        0.17333333333333334,
        0.013333333333333334,
        0.03333333333333333,
        0.02666666666666667
    ],
    "feasible": true
}