{
    "env_name": "IntersectAggressive-TruncateOnly-v0",
    "reward_parameters": [
        10.0,
        0.0,
        0.0,
        0.23751325469880902,
        0.03811425415800093,
        0.0,
        0.0,
        0.0,
        0.0
    ],
    "constraint_parameters": [
        [
            0,
            0,
            0,
            0,
            0,
            1,
            0,
            0,
            0
        ],
        [
            0,
            0,
            0,
            0,
            0,
            0,
            1,
            0,
            0
        ],
        [
            0,
            0,
            0,
            0,
            0,
            0,
            0,
            1,
            0
        ],
        [
            0,
            0,
            0,
            0,
            0,
            0,
            0,
            0,
            1
        ]
    ],
    "constraint_thresholds": [
        0.2,
        0.2,
        0.05,
        0.1
    ],
    "goal": [
        1.0,
        0.0,
        0.0
    ],
    "acceleration": [
        0.05760852045109311,
        0.8728911122939904,
        1.8890872708734618
    ],
    "steering": [
        4.827592981676027,
        6.9487318131860825
    ],
    "features": [
        0.21,
        0.0,
        0.0,
        10.102603899519588,
        2.346802207698606,
        0.16666666666666666,
        0.02,
        0.043333333333333335,
        0.09666666666666666
    ],
    "feasible": true
}