{
    "env_name": "IntersectAggressive-TruncateOnly-v0",
    "reward_parameters": [
        0.0,
        0.0,
        10.0,
        0.2522317165651341,
        -0.26656234136993784,
        0.0,
        0.0,
        0.0,
        0.0
    ],
    "constraint_parameters": [
        [
            0,
            0,
            0,
            0,
            0,
            1,
            0,
            0,
            0
        ],
        [
            0,
            0,
            0,
            0,
            0,
            0,
            1,
            0,
            0
        ],
        [
            0,
            0,
            0,
            0,
            0,
            0,
            0,
            1,
            0
        ],
        [
            0,
            0,
            0,
            0,
            0,
            0,
            0,
            0,
            1
        ]
    ],
    "constraint_thresholds": [
        0.2,
        0.2,
        0.05,
        0.1
    ],
    "goal": [
        0.0,
        0.0,
        1.0
    ],
    "acceleration": [
        0.03942559510047694,
        -0.9002269471436136,
        6.1928561700776505
    ],
    "steering": [
        4.829720226891427,
        10.896686705572813
    ],
    "features": [
        0.0,
        0.0,
        0.32,
        12.41479196657091,
        0.47183511281365903,
        0.13333333333333333,
        0.0,
        0.0,
        0.02666666666666667
    ],
    "feasible": true
}