{
    "env_name": "IntersectDefensive-TruncateOnly-v0",
    "reward_parameters": [
        0.0,
        10.0,
        0.0,
        0.14129473190579284,
        -0.04777458925226258,
        0.0,
        0.0,
        0.0,
        0.0
    ],
    "constraint_parameters": [
        [
            0,
            0,
            0,
            0,
            0,
            1,
            0,
            0,
            0
        ],
        [
            0,
            0,
            0,
            0,
            0,
            0,
            1,
            0,
            0
        ],
        [
            0,
            0,
            0,
            0,
            0,
            0,
            0,
            1,
            0
        ],
        [
            0,
            0,
            0,
            0,
            0,
            0,
            0,
            0,
            1
        ]
    ],
    "constraint_thresholds": [
        0.2,
        0.2,
        0.05,
        0.1
    ],
    "goal": [
        0.0,
        1.0,
        0.0
    ],
    "acceleration": [
        0.03871871306499937,
        0.33629596531177575,
        5.480060514246624
    ],
    "steering": [
        5.040279130827619,
        11.140836291937061
    ],
    "features": [
        0.0,
        0.22666666666666666,
        0.0,
        10.693749712103322,
        0.11556790458698235,
        0.06666666666666667,
        0.02,
        0.05,
        0.06666666666666667
    ],
    "feasible": true
}