{
    "env_name": "IntersectDefensive-TruncateOnly-v0",
    "reward_parameters": [
        10.0,
        0.0,
        0.0,
        0.23755690339179034,
        -0.10139428835837339,
        0.0,
        0.0,
        0.0,
        0.0
    ],
    "constraint_parameters": [
        [
            0,
            0,
            0,
            0,
            0,
            1,
            0,
            0,
            0
        ],
        [
            0,
            0,
            0,
            0,
            0,
            0,
            1,
            0,
            0
        ],
        [
            0,
            0,
            0,
            0,
            0,
            0,
            0,
            1,
            0
        ],
        [
            0,
            0,
            0,
            0,
            0,
            0,
            0,
            0,
            1
        ]
    ],
    "constraint_thresholds": [
        0.2,
        0.2,
        0.05,
        0.1
    ],
    "goal": [
        1.0,
        0.0,
        0.0
    ],
    "acceleration": [
        0.0656847451645558,
        0.4015315020548461,
        5.097905631921323
    ],
    "steering": [
        4.682318877317296,
        16.55206777113168
    ],
    "features": [
        0.19333333333333333,
        0.0,
        0.0,
        9.778038325313762,
        1.4919344682278612,
        0.18333333333333332,
        0.02,
        0.04,
        0.04
    ],
    "feasible": true
}