{
    "env_name": "IntersectAggressive-TruncateOnly-v0",
    "reward_parameters": [
        0.0,
        10.0,
        0.0,
        0.015758777515291575,
        -0.09788226017525802,
        0.0,
        0.0,
        0.0,
        0.0
    ],
    "constraint_parameters": [
        [
            0,
            0,
            0,
            0,
            0,
            1,
            0,
            0,
            0
        ],
        [
            0,
            0,
            0,
            0,
            0,
            0,
            1,
            0,
            0
        ],
        [
            0,
            0,
            0,
            0,
            0,
            0,
            0,
            1,
            0
        ],
        [
            0,
            0,
            0,
            0,
            0,
            0,
            0,
            0,
            1
        ]
    ],
    "constraint_thresholds": [
        0.2,
        0.2,
        0.05,
        0.1
    ],
    "goal": [
        0.0,
        1.0,
        0.0
    ],
    "acceleration": [
        0.054332544433197155,
        0.7068421908697824,
        4.1162301172354026
    ],
    "steering": [
        5.365141716039977,
        11.30715481869707
    ],
    "features": [
        0.0,
        0.21333333333333335,
        0.0,
        10.445091733204979,
        0.22702976590231913,
        0.19666666666666666,
        0.02,
        0.04,
        0.03
    ],
    "feasible": true
}