{
    "reward_parameters": [
        0.0,
        10.0,
        0.0,
        0.16931053242943994,
        -0.10170599378029851,
        0.0,
        0.0,
        0.0,
        0.0
    ],
    "constraint_parameters": [
        [
            0,
            0,
            0,
            0,
            0,
            1,
            0,
            0,
            0
        ],
        [
            0,
            0,
            0,
            0,
            0,
            0,
            1,
            0,
            0
        ],
        [
            0,
            0,
            0,
            0,
            0,
            0,
            0,
            1,
            0
        ],
        [
            0,
            0,
            0,
            0,
            0,
            0,
            0,
            0,
            1
        ]
    ],
    "constraint_thresholds": [
        0.2,
        0.2,
        0.05,
        0.1
    ],
    "goal": [
        0.0,
        1.0,
        0.0
    ],
    "acceleration": [
        0.04884941614010844,
        0.7549819516329228,
        0.6890750952912059
    ],
    "steering": [
        5.05556377067967,
        8.063501437682888
    ],
    "features": [
        0.0,
        0.24,
        0.0,
        10.71120296745591,
        0.19703099799655793,
        0.13,
        0.043333333333333335,
        0.043333333333333335,
        0.02666666666666667
    ],
    "feasible": true,
    "env_name": "Intersect-TruncateOnly-v0"
}