{
    "reward_parameters": [
        0.0,
        10.0,
        0.0,
        0.029741963514454003,
        -0.19914377963517851,
        0.0,
        0.0,
        0.0,
        0.0
    ],
    "constraint_parameters": [
        [
            0,
            0,
            0,
            0,
            0,
            1,
            0,
            0,
            0
        ],
        [
            0,
            0,
            0,
            0,
            0,
            0,
            1,
            0,
            0
        ],
        [
            0,
            0,
            0,
            0,
            0,
            0,
            0,
            1,
            0
        ],
        [
            0,
            0,
            0,
            0,
            0,
            0,
            0,
            0,
            1
        ]
    ],
    "constraint_thresholds": [
        0.2,
        0.2,
        0.05,
        0.1
    ],
    "goal": [
        0.0,
        1.0,
        0.0
    ],
    "acceleration": [
        0.055883838700050134,
        1.6388513609082227,
        4.351153264549629
    ],
    "steering": [
        4.976651304158697,
        5.202848995913034
    ],
    "features": [
        0.0,
        0.25333333333333335,
        0.0,
        11.238063030667895,
        0.16974307242014347,
        0.16333333333333333,
        0.0,
        0.03333333333333333,
        0.03333333333333333
    ],
    "feasible": true,
    "env_name": "Intersect-TruncateOnly-v0"
}