{
    "env_name": "IntersectDefensive-TruncateOnly-v0",
    "reward_parameters": [
        0.0,
        10.0,
        0.0,
        -0.008932865416552846,
        -0.33259229455114514,
        0.0,
        0.0,
        0.0,
        0.0
    ],
    "constraint_parameters": [
        [
            0,
            0,
            0,
            0,
            0,
            1,
            0,
            0,
            0
        ],
        [
            0,
            0,
            0,
            0,
            0,
            0,
            1,
            0,
            0
        ],
        [
            0,
            0,
            0,
            0,
            0,
            0,
            0,
            1,
            0
        ],
        [
            0,
            0,
            0,
            0,
            0,
            0,
            0,
            0,
            1
        ]
    ],
    "constraint_thresholds": [
        0.2,
        0.2,
        0.05,
        0.1
    ],
    "goal": [
        0.0,
        1.0,
        0.0
    ],
    "acceleration": [
        0.030095283089580496,
        0.4020666959631294,
        5.569138524241399
    ],
    "steering": [
        5.694831827880413,
        14.492222709803052
    ],
    "features": [
        0.0,
        0.21,
        0.0,
        9.980432867787737,
        0.19639289885848496,
        0.02,
        0.04,
        0.04666666666666667,
        0.03333333333333333
    ],
    "feasible": true
}