{
    "env_name": "IntersectAggressive-TruncateOnly-v0",
    "reward_parameters": [
        0.0,
        0.0,
        10.0,
        0.22648076256975946,
        -0.19755284909849685,
        0.0,
        0.0,
        0.0,
        0.0
    ],
    "constraint_parameters": [
        [
            0,
            0,
            0,
            0,
            0,
            1,
            0,
            0,
            0
        ],
        [
            0,
            0,
            0,
            0,
            0,
            0,
            1,
            0,
            0
        ],
        [
            0,
            0,
            0,
            0,
            0,
            0,
            0,
            1,
            0
        ],
        [
            0,
            0,
            0,
            0,
            0,
            0,
            0,
            0,
            1
        ]
    ],
    "constraint_thresholds": [
        0.2,
        0.2,
        0.05,
        0.1
    ],
    "goal": [
        0.0,
        0.0,
        1.0
    ],
    "acceleration": [
        0.033659832673756794,
        0.03999819880214045,
        5.480897448254481
    ],
    "steering": [
        5.560129078940677,
        6.841826353266631
    ],
    "features": [
        0.0,
        0.0,
        0.31666666666666665,
        12.06921554425067,
        0.19655890439586562,
        0.05,
        0.0,
        0.0,
        0.02666666666666667
    ],
    "feasible": true
}