{
    "reward_parameters": [
        0.0,
        10.0,
        0.0,
        -0.05229411800009573,
        -0.2450134331491993,
        0.0,
        0.0,
        0.0,
        0.0
    ],
    "constraint_parameters": [
        [
            0,
            0,
            0,
            0,
            0,
            1,
            0,
            0,
            0
        ],
        [
            0,
            0,
            0,
            0,
            0,
            0,
            1,
            0,
            0
        ],
        [
            0,
            0,
            0,
            0,
            0,
            0,
            0,
            1,
            0
        ],
        [
            0,
            0,
            0,
            0,
            0,
            0,
            0,
            0,
            1
        ]
    ],
    "constraint_thresholds": [
        0.2,
        0.2,
        0.05,
        0.1
    ],
    "goal": [
        0.0,
        1.0,
        0.0
    ],
    "acceleration": [
        0.04082619531543604,
        0.3649296382188464,
        6.879569313140302
    ],
    "steering": [
        5.040687295227076,
        11.242358558328247
    ],
    "features": [
        0.0,
        0.2833333333333333,
        0.0,
        11.52979685244073,
        0.14920471976074162,
        0.17666666666666667,
        0.04,
        0.03666666666666667,
        0.03333333333333333
    ],
    "feasible": true,
    "env_name": "Intersect-TruncateOnly-v0"
}