{
    "env_name": "IntersectAggressive-TruncateOnly-v0",
    "reward_parameters": [
        10.0,
        0.0,
        0.0,
        0.12008469128535658,
        -0.08755709546107387,
        0.0,
        0.0,
        0.0,
        0.0
    ],
    "constraint_parameters": [
        [
            0,
            0,
            0,
            0,
            0,
            1,
            0,
            0,
            0
        ],
        [
            0,
            0,
            0,
            0,
            0,
            0,
            1,
            0,
            0
        ],
        [
            0,
            0,
            0,
            0,
            0,
            0,
            0,
            1,
            0
        ],
        [
            0,
            0,
            0,
            0,
            0,
            0,
            0,
            0,
            1
        ]
    ],
    "constraint_thresholds": [
        0.2,
        0.2,
        0.05,
        0.1
    ],
    "goal": [
        1.0,
        0.0,
        0.0
    ],
    "acceleration": [
        0.07781309010362034,
        0.49529890380071917,
        3.8793113901383904
    ],
    "steering": [
        4.9924916209768675,
        2.5557273786218424
    ],
    "features": [
        0.20333333333333334,
        0.0,
        0.0,
        9.673868960994714,
        2.540152463110621,
        0.14333333333333334,
        0.043333333333333335,
        0.03666666666666667,
        0.04666666666666667
    ],
    "feasible": true
}