{
    "reward_parameters": [
        0.0,
        0.0,
        10.0,
        0.017139450460763844,
        -0.18832704591268615,
        0.0,
        0.0,
        0.0,
        0.0
    ],
    "constraint_parameters": [
        [
            0,
            0,
            0,
            0,
            0,
            1,
            0,
            0,
            0
        ],
        [
            0,
            0,
            0,
            0,
            0,
            0,
            1,
            0,
            0
        ],
        [
            0,
            0,
            0,
            0,
            0,
            0,
            0,
            1,
            0
        ],
        [
            0,
            0,
            0,
            0,
            0,
            0,
            0,
            0,
            1
        ]
    ],
    "constraint_thresholds": [
        0.2,
        0.2,
        0.05,
        0.1
    ],
    "goal": [
        0.0,
        0.0,
        1.0
    ],
    "acceleration": [
        0.05287540995238102,
        1.2293795016183022,
        3.8477865304794925
    ],
    "steering": [
        4.603654186516393,
        9.602378424398971
    ],
    "features": [
        0.0,
        0.0,
        0.33666666666666667,
        11.426226915017017,
        0.34564370867400374,
        0.18,
        0.0,
        0.05,
        0.05333333333333334
    ],
    "feasible": true,
    "env_name": "Intersect-TruncateOnly-v0"
}