{
    "env_name": "IntersectAggressive-TruncateOnly-v0",
    "reward_parameters": [
        10.0,
        0.0,
        0.0,
        0.002626441306229327,
        -0.21754021470311288,
        0.0,
        0.0,
        0.0,
        0.0
    ],
    "constraint_parameters": [
        [
            0,
            0,
            0,
            0,
            0,
            1,
            0,
            0,
            0
        ],
        [
            0,
            0,
            0,
            0,
            0,
            0,
            1,
            0,
            0
        ],
        [
            0,
            0,
            0,
            0,
            0,
            0,
            0,
            1,
            0
        ],
        [
            0,
            0,
            0,
            0,
            0,
            0,
            0,
            0,
            1
        ]
    ],
    "constraint_thresholds": [
        0.2,
        0.2,
        0.05,
        0.1
    ],
    "goal": [
        1.0,
        0.0,
        0.0
    ],
    "acceleration": [
        0.04506994292688961,
        0.05671583991480516,
        2.711497001813187
    ],
    "steering": [
        4.712384447650899,
        7.727004442166745
    ],
    "features": [
        0.24666666666666667,
        0.0,
        0.0,
        10.18453818258962,
        2.806581028652174,
        0.08666666666666667,
        0.03666666666666667,
        0.03666666666666667,
        0.043333333333333335
    ],
    "feasible": true
}