{
    "reward_parameters": [
        10.0,
        0.0,
        0.0,
        -0.04664491352092909,
        -0.25262205286241673,
        0.0,
        0.0,
        0.0,
        0.0
    ],
    "constraint_parameters": [
        [
            0,
            0,
            0,
            0,
            0,
            1,
            0,
            0,
            0
        ],
        [
            0,
            0,
            0,
            0,
            0,
            0,
            1,
            0,
            0
        ],
        [
            0,
            0,
            0,
            0,
            0,
            0,
            0,
            1,
            0
        ],
        [
            0,
            0,
            0,
            0,
            0,
            0,
            0,
            0,
            1
        ]
    ],
    "constraint_thresholds": [
        0.2,
        0.2,
        0.05,
        0.1
    ],
    "goal": [
        1.0,
        0.0,
        0.0
    ],
    "acceleration": [
        0.05279791769200074,
        1.4901308324108897,
        4.5877102562900705
    ],
    "steering": [
        4.829481687861137,
        15.322601954335022
    ],
    "features": [
        0.3,
        0.0,
        0.0,
        11.102980685106301,
        2.089844908703834,
        0.16666666666666666,
        0.0033333333333333335,
        0.03333333333333333,
        0.04
    ],
    "feasible": true,
    "env_name": "Intersect-TruncateOnly-v0"
}