{
    "reward_parameters": [
        0.0,
        10.0,
        0.0,
        0.15407236574732203,
        -0.32494238488898264,
        0.0,
        0.0,
        0.0,
        0.0
    ],
    "constraint_parameters": [
        [
            0,
            0,
            0,
            0,
            0,
            1,
            0,
            0,
            0
        ],
        [
            0,
            0,
            0,
            0,
            0,
            0,
            1,
            0,
            0
        ],
        [
            0,
            0,
            0,
            0,
            0,
            0,
            0,
            1,
            0
        ],
        [
            0,
            0,
            0,
            0,
            0,
            0,
            0,
            0,
            1
        ]
    ],
    "constraint_thresholds": [
        0.2,
        0.2,
        0.05,
        0.1
    ],
    "goal": [
        0.0,
        1.0,
        0.0
    ],
    "acceleration": [
        0.04854937598875264,
        -0.20575706649599512,
        1.8639734316499186
    ],
    "steering": [
        5.025924347653868,
        6.53114579424875
    ],
    "features": [
        0.0,
        0.21333333333333335,
        0.0,
        10.105041814082579,
        0.16207615289739621,
        0.17,
        0.043333333333333335,
        0.04,
        0.03333333333333333
    ],
    "feasible": true,
    "env_name": "Intersect-TruncateOnly-v0"
}