{
    "reward_parameters": [
        0.0,
        10.0,
        0.0,
        0.03060752334164492,
        -0.30346974235275564,
        0.0,
        0.0,
        0.0,
        0.0
    ],
    "constraint_parameters": [
        [
            0,
            0,
            0,
            0,
            0,
            1,
            0,
            0,
            0
        ],
        [
            0,
            0,
            0,
            0,
            0,
            0,
            1,
            0,
            0
        ],
        [
            0,
            0,
            0,
            0,
            0,
            0,
            0,
            1,
            0
        ],
        [
            0,
            0,
            0,
            0,
            0,
            0,
            0,
            0,
            1
        ]
    ],
    "constraint_thresholds": [
        0.2,
        0.2,
        0.05,
        0.1
    ],
    "goal": [
        0.0,
        1.0,
        0.0
    ],
    "acceleration": [
        0.03933122850205463,
        0.1628284803716238,
        8.800245455047488
    ],
    "steering": [
        5.537292102807547,
        7.76491989006985
    ],
    "features": [
        0.0,
        0.24333333333333335,
        0.0,
        11.266971290390716,
        0.12747371445720213,
        0.08,
        0.0033333333333333335,
        0.03666666666666667,
        0.043333333333333335
    ],
    "feasible": true,
    "env_name": "Intersect-TruncateOnly-v0"
}