{
    "env_name": "IntersectAggressive-TruncateOnly-v0",
    "reward_parameters": [
        10.0,
        0.0,
        0.0,
        0.2498401691426703,
        -0.3000083936191652,
        0.0,
        0.0,
        0.0,
        0.0
    ],
    "constraint_parameters": [
        [
            0,
            0,
            0,
            0,
            0,
            1,
            0,
            0,
            0
        ],
        [
            0,
            0,
            0,
            0,
            0,
            0,
            1,
            0,
            0
        ],
        [
            0,
            0,
            0,
            0,
            0,
            0,
            0,
            1,
            0
        ],
        [
            0,
            0,
            0,
            0,
            0,
            0,
            0,
            0,
            1
        ]
    ],
    "constraint_thresholds": [
        0.2,
        0.2,
        0.05,
        0.1
    ],
    "goal": [
        1.0,
        0.0,
        0.0
    ],
    "acceleration": [
        0.050321458923068024,
        0.850549472795423,
        0.4512273014642103
    ],
    "steering": [
        4.788028461057765,
        8.011812951309082
    ],
    "features": [
        0.26,
        0.0,
        0.0,
        10.773253221023529,
        2.4636432610856143,
        0.16,
        0.006666666666666667,
        0.03666666666666667,
        0.05333333333333334
    ],
    "feasible": true
}