{
    "env_name": "IntersectDefensive-TruncateOnly-v0",
    "reward_parameters": [
        10.0,
        0.0,
        0.0,
        0.26157878020965186,
        -0.1460988843658807,
        0.0,
        0.0,
        0.0,
        0.0
    ],
    "constraint_parameters": [
        [
            0,
            0,
            0,
            0,
            0,
            1,
            0,
            0,
            0
        ],
        [
            0,
            0,
            0,
            0,
            0,
            0,
            1,
            0,
            0
        ],
        [
            0,
            0,
            0,
            0,
            0,
            0,
            0,
            1,
            0
        ],
        [
            0,
            0,
            0,
            0,
            0,
            0,
            0,
            0,
            1
        ]
    ],
    "constraint_thresholds": [
        0.2,
        0.2,
        0.05,
        0.1
    ],
    "goal": [
        1.0,
        0.0,
        0.0
    ],
    "acceleration": [
        0.13225532230625198,
        0.3805976950612647,
        6.8422993301047
    ],
    "steering": [
        4.704919418751542,
        13.561910747594585
    ],
    "features": [
        0.19666666666666666,
        0.0,
        0.0,
        10.378165472237896,
        2.2223527610563893,
        0.19666666666666666,
        0.013333333333333334,
        0.05,
        0.05
    ],
    "feasible": true
}