{
    "env_name": "IntersectAggressive-TruncateOnly-v0",
    "reward_parameters": [
        10.0,
        0.0,
        0.0,
        0.04612812472701794,
        -0.3171051124561501,
        0.0,
        0.0,
        0.0,
        0.0
    ],
    "constraint_parameters": [
        [
            0,
            0,
            0,
            0,
            0,
            1,
            0,
            0,
            0
        ],
        [
            0,
            0,
            0,
            0,
            0,
            0,
            1,
            0,
            0
        ],
        [
            0,
            0,
            0,
            0,
            0,
            0,
            0,
            1,
            0
        ],
        [
            0,
            0,
            0,
            0,
            0,
            0,
            0,
            0,
            1
        ]
    ],
    "constraint_thresholds": [
        0.2,
        0.2,
        0.05,
        0.1
    ],
    "goal": [
        1.0,
        0.0,
        0.0
    ],
    "acceleration": [
        0.04338198030466565,
        1.0121403046169501,
        3.2797250094143804
    ],
    "steering": [
        5.249214565513492,
        19.111357002258682
    ],
    "features": [
        0.21333333333333335,
        0.0,
        0.0,
        10.474933977884604,
        2.0530671296246576,
        0.11,
        0.03333333333333333,
        0.03333333333333333,
        0.04666666666666667
    ],
    "feasible": true
}