{
    "env_name": "IntersectDefensive-TruncateOnly-v0",
    "reward_parameters": [
        0.0,
        10.0,
        0.0,
        0.16367372912212877,
        -0.32146320165913245,
        0.0,
        0.0,
        0.0,
        0.0
    ],
    "constraint_parameters": [
        [
            0,
            0,
            0,
            0,
            0,
            1,
            0,
            0,
            0
        ],
        [
            0,
            0,
            0,
            0,
            0,
            0,
            1,
            0,
            0
        ],
        [
            0,
            0,
            0,
            0,
            0,
            0,
            0,
            1,
            0
        ],
        [
            0,
            0,
            0,
            0,
            0,
            0,
            0,
            0,
            1
        ]
    ],
    "constraint_thresholds": [
        0.2,
        0.2,
        0.05,
        0.1
    ],
    "goal": [
        0.0,
        1.0,
        0.0
    ],
    "acceleration": [
        0.06744155058770397,
        -0.15281711721597802,
        4.899611825131625
    ],
    "steering": [
        4.2871266657225116,
        8.712013420582254
    ],
    "features": [
        0.0,
        0.21333333333333335,
        0.0,
        10.49537030665386,
        0.17569551315255455,
        0.17666666666666667,
        0.0033333333333333335,
        0.03666666666666667,
        0.023333333333333334
    ],
    "feasible": true
}