{
    "env_name": "IntersectDefensive-TruncateOnly-v0",
    "reward_parameters": [
        0.0,
        10.0,
        0.0,
        0.0769533808414003,
        -0.1668454784696432,
        0.0,
        0.0,
        0.0,
        0.0
    ],
    "constraint_parameters": [
        [
            0,
            0,
            0,
            0,
            0,
            1,
            0,
            0,
            0
        ],
        [
            0,
            0,
            0,
            0,
            0,
            0,
            1,
            0,
            0
        ],
        [
            0,
            0,
            0,
            0,
            0,
            0,
            0,
            1,
            0
        ],
        [
            0,
            0,
            0,
            0,
            0,
            0,
            0,
            0,
            1
        ]
    ],
    "constraint_thresholds": [
        0.2,
        0.2,
        0.05,
        0.1
    ],
    "goal": [
        0.0,
        1.0,
        0.0
    ],
    "acceleration": [
        0.045341897293391366,
        0.7990162363649934,
        5.215874841712446
    ],
    "steering": [
        5.003745125099826,
        13.985169136867935
    ],
    "features": [
        0.0,
        0.22333333333333333,
        0.0,
        10.152341320314505,
        0.23400594396087526,
        0.14,
        0.006666666666666667,
        0.0,
        0.02666666666666667
    ],
    "feasible": true
}