{
    "env_name": "IntersectDefensive-TruncateOnly-v0",
    "reward_parameters": [
        10.0,
        0.0,
        0.0,
        0.1633130443505748,
        -0.21341232452452294,
        0.0,
        0.0,
        0.0,
        0.0
    ],
    "constraint_parameters": [
        [
            0,
            0,
            0,
            0,
            0,
            1,
            0,
            0,
            0
        ],
        [
            0,
            0,
            0,
            0,
            0,
            0,
            1,
            0,
            0
        ],
        [
            0,
            0,
            0,
            0,
            0,
            0,
            0,
            1,
            0
        ],
        [
            0,
            0,
            0,
            0,
            0,
            0,
            0,
            0,
            1
        ]
    ],
    "constraint_thresholds": [
        0.2,
        0.2,
        0.05,
        0.1
    ],
    "goal": [
        1.0,
        0.0,
        0.0
    ],
    "acceleration": [
        0.054324932383362085,
        0.08380806295966922,
        8.384172376880379
    ],
    "steering": [
        4.805987205104789,
        9.880446211743775
    ],
    "features": [
        0.26,
        0.0,
        0.0,
        11.26043933427994,
        2.041435742937606,
        0.17333333333333334,
        0.04666666666666667,
        0.03666666666666667,
        0.06
    ],
    "feasible": true
}