{
    "reward_parameters": [
        10.0,
        0.0,
        0.0,
        0.14010892530788732,
        -0.09434442150833147,
        0.0,
        0.0,
        0.0,
        0.0
    ],
    "constraint_parameters": [
        [
            0,
            0,
            0,
            0,
            0,
            1,
            0,
            0,
            0
        ],
        [
            0,
            0,
            0,
            0,
            0,
            0,
            1,
            0,
            0
        ],
        [
            0,
            0,
            0,
            0,
            0,
            0,
            0,
            1,
            0
        ],
        [
            0,
            0,
            0,
            0,
            0,
            0,
            0,
            0,
            1
        ]
    ],
    "constraint_thresholds": [
        0.2,
        0.2,
        0.05,
        0.1
    ],
    "goal": [
        1.0,
        0.0,
        0.0
    ],
    "acceleration": [
        0.04114242801796279,
        0.5952505988269603,
        5.173166671567623
    ],
    "steering": [
        4.5756727901038285,
        12.534198887681994
    ],
    "features": [
        0.23333333333333334,
        0.0,
        0.0,
        10.023031043017737,
        2.2325321278666075,
        0.06333333333333334,
        0.006666666666666667,
        0.03666666666666667,
        0.03333333333333333
    ],
    "feasible": true,
    "env_name": "Intersect-TruncateOnly-v0"
}