{
    "reward_parameters": [
        0.0,
        0.0,
        10.0,
        0.038573572661937575,
        -0.2202602411030898,
        0.0,
        0.0,
        0.0,
        0.0
    ],
    "constraint_parameters": [
        [
            0,
            0,
            0,
            0,
            0,
            1,
            0,
            0,
            0
        ],
        [
            0,
            0,
            0,
            0,
            0,
            0,
            1,
            0,
            0
        ],
        [
            0,
            0,
            0,
            0,
            0,
            0,
            0,
            1,
            0
        ],
        [
            0,
            0,
            0,
            0,
            0,
            0,
            0,
            0,
            1
        ]
    ],
    "constraint_thresholds": [
        0.2,
        0.2,
        0.05,
        0.1
    ],
    "goal": [
        0.0,
        0.0,
        1.0
    ],
    "acceleration": [
        0.032783263023446085,
        0.12850179130041917,
        5.620653409544165
    ],
    "steering": [
        5.02374393261033,
        6.397384303131265
    ],
    "features": [
        0.0,
        0.0,
        0.3233333333333333,
        11.570825231987987,
        0.30181487790566797,
        0.01,
        0.0,
        0.0,
        0.043333333333333335
    ],
    "feasible": true,
    "env_name": "Intersect-TruncateOnly-v0"
}