{
    "reward_parameters": [
        10.0,
        0.0,
        0.0,
        0.07815167023957101,
        -0.2626631032154893,
        0.0,
        0.0,
        0.0,
        0.0
    ],
    "constraint_parameters": [
        [
            0,
            0,
            0,
            0,
            0,
            1,
            0,
            0,
            0
        ],
        [
            0,
            0,
            0,
            0,
            0,
            0,
            1,
            0,
            0
        ],
        [
            0,
            0,
            0,
            0,
            0,
            0,
            0,
            1,
            0
        ],
        [
            0,
            0,
            0,
            0,
            0,
            0,
            0,
            0,
            1
        ]
    ],
    "constraint_thresholds": [
        0.2,
        0.2,
        0.05,
        0.1
    ],
    "goal": [
        1.0,
        0.0,
        0.0
    ],
    "acceleration": [
        0.07343367760341422,
        1.2801962877775375,
        5.445090552956796
    ],
    "steering": [
        4.960628402259164,
        9.439434197089682
    ],
    "features": [
        0.23666666666666666,
        0.0,
        0.0,
        9.745050568315653,
        1.839286115836822,
        0.17,
        0.06,
        0.03333333333333333,
        0.04
    ],
    "feasible": true,
    "env_name": "Intersect-TruncateOnly-v0"
}