{
    "env_name": "IntersectAggressive-TruncateOnly-v0",
    "reward_parameters": [
        10.0,
        0.0,
        0.0,
        0.015758777515291575,
        -0.09788226017525802,
        0.0,
        0.0,
        0.0,
        0.0
    ],
    "constraint_parameters": [
        [
            0,
            0,
            0,
            0,
            0,
            1,
            0,
            0,
            0
        ],
        [
            0,
            0,
            0,
            0,
            0,
            0,
            1,
            0,
            0
        ],
        [
            0,
            0,
            0,
            0,
            0,
            0,
            0,
            1,
            0
        ],
        [
            0,
            0,
            0,
            0,
            0,
            0,
            0,
            0,
            1
        ]
    ],
    "constraint_thresholds": [
        0.2,
        0.2,
        0.05,
        0.1
    ],
    "goal": [
        1.0,
        0.0,
        0.0
    ],
    "acceleration": [
        0.14372798342945287,
        -0.6571530648240097,
        5.213208659550905
    ],
    "steering": [
        5.354376691739737,
        11.461155362976788
    ],
    "features": [
        0.19333333333333333,
        0.0,
        0.0,
        9.813049710664098,
        1.8094912368525475,
        0.2,
        0.06,
        0.04,
        0.06333333333333334
    ],
    "feasible": true
}