{
    "env_name": "IntersectAggressive-TruncateOnly-v0",
    "reward_parameters": [
        0.0,
        10.0,
        0.0,
        0.21159211860032703,
        -0.38558989410463834,
        0.0,
        0.0,
        0.0,
        0.0
    ],
    "constraint_parameters": [
        [
            0,
            0,
            0,
            0,
            0,
            1,
            0,
            0,
            0
        ],
        [
            0,
            0,
            0,
            0,
            0,
            0,
            1,
            0,
            0
        ],
        [
            0,
            0,
            0,
            0,
            0,
            0,
            0,
            1,
            0
        ],
        [
            0,
            0,
            0,
            0,
            0,
            0,
            0,
            0,
            1
        ]
    ],
    "constraint_thresholds": [
        0.2,
        0.2,
        0.05,
        0.1
    ],
    "goal": [
        0.0,
        1.0,
        0.0
    ],
    "acceleration": [
        0.05172188907433407,
        0.8142793407225586,
        2.1538300112575097
    ],
    "steering": [
        5.191990934113205,
        8.823907580974424
    ],
    "features": [
        0.0,
        0.21333333333333335,
        0.0,
        10.168970520558137,
        0.13333768510039068,
        0.19,
        0.016666666666666666,
        0.04,
        0.03
    ],
    "feasible": true
}