{
    "reward_parameters": [
        10.0,
        0.0,
        0.0,
        0.150252110926313,
        -0.1868897527855721,
        0.0,
        0.0,
        0.0,
        0.0
    ],
    "constraint_parameters": [
        [
            0,
            0,
            0,
            0,
            0,
            1,
            0,
            0,
            0
        ],
        [
            0,
            0,
            0,
            0,
            0,
            0,
            1,
            0,
            0
        ],
        [
            0,
            0,
            0,
            0,
            0,
            0,
            0,
            1,
            0
        ],
        [
            0,
            0,
            0,
            0,
            0,
            0,
            0,
            0,
            1
        ]
    ],
    "constraint_thresholds": [
        0.2,
        0.2,
        0.05,
        0.1
    ],
    "goal": [
        1.0,
        0.0,
        0.0
    ],
    "acceleration": [
        0.04950192128250554,
        1.9390088258857243,
        3.8781472710474985
    ],
    "steering": [
        5.115034374338573,
        8.038988343840852
    ],
    "features": [
        0.26666666666666666,
        0.0,
        0.0,
        10.241383316590113,
        3.0023490844449485,
        0.15333333333333332,
        0.01,
        0.03666666666666667,
        0.07333333333333333
    ],
    "feasible": true,
    "env_name": "Intersect-TruncateOnly-v0"
}