{
    "env_name": "IntersectDefensive-TruncateOnly-v0",
    "reward_parameters": [
        0.0,
        0.0,
        10.0,
        0.26157878020965186,
        -0.1460988843658807,
        0.0,
        0.0,
        0.0,
        0.0
    ],
    "constraint_parameters": [
        [
            0,
            0,
            0,
            0,
            0,
            1,
            0,
            0,
            0
        ],
        [
            0,
            0,
            0,
            0,
            0,
            0,
            1,
            0,
            0
        ],
        [
            0,
            0,
            0,
            0,
            0,
            0,
            0,
            1,
            0
        ],
        [
            0,
            0,
            0,
            0,
            0,
            0,
            0,
            0,
            1
        ]
    ],
    "constraint_thresholds": [
        0.2,
        0.2,
        0.05,
        0.1
    ],
    "goal": [
        0.0,
        0.0,
        1.0
    ],
    "acceleration": [
        0.035628767393304554,
        1.1514721027020594,
        3.6715963731855226
    ],
    "steering": [
        5.561356057234843,
        7.121588981935285
    ],
    "features": [
        0.0,
        0.0,
        0.33666666666666667,
        11.553868861799616,
        0.21947972809174995,
        0.043333333333333335,
        0.0,
        0.0,
        0.043333333333333335
    ],
    "feasible": true
}