{
    "env_name": "IntersectDefensive-TruncateOnly-v0",
    "reward_parameters": [
        10.0,
        0.0,
        0.0,
        -0.20638578759151502,
        -0.17383038469924725,
        0.0,
        0.0,
        0.0,
        0.0
    ],
    "constraint_parameters": [
        [
            0,
            0,
            0,
            0,
            0,
            1,
            0,
            0,
            0
        ],
        [
            0,
            0,
            0,
            0,
            0,
            0,
            1,
            0,
            0
        ],
        [
            0,
            0,
            0,
            0,
            0,
            0,
            0,
            1,
            0
        ],
        [
            0,
            0,
            0,
            0,
            0,
            0,
            0,
            0,
            1
        ]
    ],
    "constraint_thresholds": [
        0.2,
        0.2,
        0.05,
        0.1
    ],
    "goal": [
        1.0,
        0.0,
        0.0
    ],
    "acceleration": [
        0.3,
        0.3,
        2.0
    ],
    "steering": [
        5.0,
        8.333333333333334
    ],
    "features": [
        0.13666666666666666,
        0.0,
        0.0,
        7.401931849682477,
        0.9352309487149645,
        0.15,
        0.14,
        0.38666666666666666,
        0.04
    ],
    "feasible": true
}