{
    "env_name": "IntersectAggressive-TruncateOnly-v0",
    "reward_parameters": [
        0.0,
        10.0,
        0.0,
        0.19511282838697785,
        -0.2220337812699285,
        0.0,
        0.0,
        0.0,
        0.0
    ],
    "constraint_parameters": [
        [
            0,
            0,
            0,
            0,
            0,
            1,
            0,
            0,
            0
        ],
        [
            0,
            0,
            0,
            0,
            0,
            0,
            1,
            0,
            0
        ],
        [
            0,
            0,
            0,
            0,
            0,
            0,
            0,
            1,
            0
        ],
        [
            0,
            0,
            0,
            0,
            0,
            0,
            0,
            0,
            1
        ]
    ],
    "constraint_thresholds": [
        0.2,
        0.2,
        0.05,
        0.1
    ],
    "goal": [
        0.0,
        1.0,
        0.0
    ],
    "acceleration": [
        0.03562814128361816,
        0.5146486678342894,
        4.957300547435533
    ],
    "steering": [
        4.943371128565799,
        15.108425264451872
    ],
    "features": [
        0.0,
        0.22333333333333333,
        0.0,
        10.122981382098512,
        0.3131930560841296,
        0.07666666666666666,
        0.02,
        0.03666666666666667,
        0.023333333333333334
    ],
    "feasible": true
}