{
    "reward_parameters": [
        0.0,
        0.0,
        10.0,
        0.09801248396988455,
        -0.05660909914587259,
        0.0,
        0.0,
        0.0,
        0.0
    ],
    "constraint_parameters": [
        [
            0,
            0,
            0,
            0,
            0,
            1,
            0,
            0,
            0
        ],
        [
            0,
            0,
            0,
            0,
            0,
            0,
            1,
            0,
            0
        ],
        [
            0,
            0,
            0,
            0,
            0,
            0,
            0,
            1,
            0
        ],
        [
            0,
            0,
            0,
            0,
            0,
            0,
            0,
            0,
            1
        ]
    ],
    "constraint_thresholds": [
        0.2,
        0.2,
        0.05,
        0.1
    ],
    "goal": [
        0.0,
        0.0,
        1.0
    ],
    "acceleration": [
        0.025997596754290718,
        1.5482779951390453,
        4.125427059667697
    ],
    "steering": [
        4.895733681017585,
        14.918053062893403
    ],
    "features": [
        0.0,
        0.0,
        0.34,
        10.986375416951896,
        0.3402941034125145,
        0.0,
        0.0,
        0.0,
        0.023333333333333334
    ],
    "feasible": true,
    "env_name": "Intersect-TruncateOnly-v0"
}