{
    "reward_parameters": [
        0.0,
        0.0,
        10.0,
        -0.0900369280991051,
        -0.06338184873396377,
        0.0,
        0.0,
        0.0,
        0.0
    ],
    "constraint_parameters": [
        [
            0,
            0,
            0,
            0,
            0,
            1,
            0,
            0,
            0
        ],
        [
            0,
            0,
            0,
            0,
            0,
            0,
            1,
            0,
            0
        ],
        [
            0,
            0,
            0,
            0,
            0,
            0,
            0,
            1,
            0
        ],
        [
            0,
            0,
            0,
            0,
            0,
            0,
            0,
            0,
            1
        ]
    ],
    "constraint_thresholds": [
        0.2,
        0.2,
        0.05,
        0.1
    ],
    "goal": [
        0.0,
        0.0,
        1.0
    ],
    "acceleration": [
        0.035579422011943244,
        0.62607286875068,
        4.507112003113159
    ],
    "steering": [
        4.965878453382647,
        7.629939003253468
    ],
    "features": [
        0.0,
        0.0,
        0.32666666666666666,
        11.343331934220695,
        0.24337171231258836,
        0.013333333333333334,
        0.0,
        0.0,
        0.02666666666666667
    ],
    "feasible": true,
    "env_name": "Intersect-TruncateOnly-v0"
}