{
    "reward_parameters": [
        10.0,
        0.0,
        0.0,
        0.12273174313207659,
        -0.19625695584986635,
        0.0,
        0.0,
        0.0,
        0.0
    ],
    "constraint_parameters": [
        [
            0,
            0,
            0,
            0,
            0,
            1,
            0,
            0,
            0
        ],
        [
            0,
            0,
            0,
            0,
            0,
            0,
            1,
            0,
            0
        ],
        [
            0,
            0,
            0,
            0,
            0,
            0,
            0,
            1,
            0
        ],
        [
            0,
            0,
            0,
            0,
            0,
            0,
            0,
            0,
            1
        ]
    ],
    "constraint_thresholds": [
        0.2,
        0.2,
        0.05,
        0.1
    ],
    "goal": [
        1.0,
        0.0,
        0.0
    ],
    "acceleration": [
        0.05573210664684808,
        1.1273718486699327,
        6.479634802835288
    ],
    "steering": [
        5.004302368904224,
        12.65590440745693
    ],
    "features": [
        0.25666666666666665,
        0.0,
        0.0,
        10.915993569411384,
        2.228211072210119,
        0.18333333333333332,
        0.04,
        0.043333333333333335,
        0.02666666666666667
    ],
    "feasible": true,
    "env_name": "Intersect-TruncateOnly-v0"
}