{
    "env_name": "IntersectAggressive-TruncateOnly-v0",
    "reward_parameters": [
        0.0,
        0.0,
        10.0,
        0.06037234585080035,
        -0.32505036145036237,
        0.0,
        0.0,
        0.0,
        0.0
    ],
    "constraint_parameters": [
        [
            0,
            0,
            0,
            0,
            0,
            1,
            0,
            0,
            0
        ],
        [
            0,
            0,
            0,
            0,
            0,
            0,
            1,
            0,
            0
        ],
        [
            0,
            0,
            0,
            0,
            0,
            0,
            0,
            1,
            0
        ],
        [
            0,
            0,
            0,
            0,
            0,
            0,
            0,
            0,
            1
        ]
    ],
    "constraint_thresholds": [
        0.2,
        0.2,
        0.05,
        0.1
    ],
    "goal": [
        0.0,
        0.0,
        1.0
    ],
    "acceleration": [
        0.04815545889937281,
        0.3191727990530927,
        4.415933384563003
    ],
    "steering": [
        4.64519199399186,
        7.309751899651161
    ],
    "features": [
        0.0,
        0.0,
        0.3233333333333333,
        12.280518613511521,
        0.23960667982466727,
        0.19666666666666666,
        0.0033333333333333335,
        0.0,
        0.056666666666666664
    ],
    "feasible": true
}