{
    "reward_parameters": [
        0.0,
        10.0,
        0.0,
        0.19232553310192968,
        -0.4177023433999523,
        0.0,
        0.0,
        0.0,
        0.0
    ],
    "constraint_parameters": [
        [
            0,
            0,
            0,
            0,
            0,
            1,
            0,
            0,
            0
        ],
        [
            0,
            0,
            0,
            0,
            0,
            0,
            1,
            0,
            0
        ],
        [
            0,
            0,
            0,
            0,
            0,
            0,
            0,
            1,
            0
        ],
        [
            0,
            0,
            0,
            0,
            0,
            0,
            0,
            0,
            1
        ]
    ],
    "constraint_thresholds": [
        0.2,
        0.2,
        0.05,
        0.1
    ],
    "goal": [
        0.0,
        1.0,
        0.0
    ],
    "acceleration": [
        0.07074042282403462,
        1.4244778292064193,
        6.73931564250909
    ],
    "steering": [
        4.970958508159275,
        14.626562896137631
    ],
    "features": [
        0.0,
        0.24333333333333335,
        0.0,
        10.237213549343126,
        0.25398210267157756,
        0.18333333333333332,
        0.03666666666666667,
        0.03333333333333333,
        0.023333333333333334
    ],
    "feasible": true,
    "env_name": "Intersect-TruncateOnly-v0"
}