{
    "env_name": "IntersectAggressive-TruncateOnly-v0",
    "reward_parameters": [
        0.0,
        10.0,
        0.0,
        0.23483398855042828,
        -0.25146850387395403,
        0.0,
        0.0,
        0.0,
        0.0
    ],
    "constraint_parameters": [
        [
            0,
            0,
            0,
            0,
            0,
            1,
            0,
            0,
            0
        ],
        [
            0,
            0,
            0,
            0,
            0,
            0,
            1,
            0,
            0
        ],
        [
            0,
            0,
            0,
            0,
            0,
            0,
            0,
            1,
            0
        ],
        [
            0,
            0,
            0,
            0,
            0,
            0,
            0,
            0,
            1
        ]
    ],
    "constraint_thresholds": [
        0.2,
        0.2,
        0.05,
        0.1
    ],
    "goal": [
        0.0,
        1.0,
        0.0
    ],
    "acceleration": [
        0.042410605438734185,
        0.31015734172384496,
        7.66942891660902
    ],
    "steering": [
        4.674893597959456,
        8.906691613059708
    ],
    "features": [
        0.0,
        0.25666666666666665,
        0.0,
        11.137337137177576,
        0.1853008929760918,
        0.11666666666666667,
        0.03333333333333333,
        0.043333333333333335,
        0.03333333333333333
    ],
    "feasible": true
}