{
    "env_name": "IntersectAggressive-TruncateOnly-v0",
    "reward_parameters": [
        10.0,
        0.0,
        0.0,
        0.0070603221116120884,
        -0.09379829492267698,
        0.0,
        0.0,
        0.0,
        0.0
    ],
    "constraint_parameters": [
        [
            0,
            0,
            0,
            0,
            0,
            1,
            0,
            0,
            0
        ],
        [
            0,
            0,
            0,
            0,
            0,
            0,
            1,
            0,
            0
        ],
        [
            0,
            0,
            0,
            0,
            0,
            0,
            0,
            1,
            0
        ],
        [
            0,
            0,
            0,
            0,
            0,
            0,
            0,
            0,
            1
        ]
    ],
    "constraint_thresholds": [
        0.2,
        0.2,
        0.05,
        0.1
    ],
    "goal": [
        1.0,
        0.0,
        0.0
    ],
    "acceleration": [
        0.061052725335413824,
        0.1872980697576388,
        2.286012494990699
    ],
    "steering": [
        5.06916124272023,
        14.356346537591103
    ],
    "features": [
        0.20666666666666667,
        0.0,
        0.0,
        10.501561240535967,
        2.3800719728100703,
        0.14,
        0.01,
        0.03666666666666667,
        0.03333333333333333
    ],
    "feasible": true
}