{
    "env_name": "IntersectAggressive-TruncateOnly-v0",
    "reward_parameters": [
        10.0,
        0.0,
        0.0,
        -0.039553536671127404,
        -0.31493677097439055,
        0.0,
        0.0,
        0.0,
        0.0
    ],
    "constraint_parameters": [
        [
            0,
            0,
            0,
            0,
            0,
            1,
            0,
            0,
            0
        ],
        [
            0,
            0,
            0,
            0,
            0,
            0,
            1,
            0,
            0
        ],
        [
            0,
            0,
            0,
            0,
            0,
            0,
            0,
            1,
            0
        ],
        [
            0,
            0,
            0,
            0,
            0,
            0,
            0,
            0,
            1
        ]
    ],
    "constraint_thresholds": [
        0.2,
        0.2,
        0.05,
        0.1
    ],
    "goal": [
        1.0,
        0.0,
        0.0
    ],
    "acceleration": [
        0.06625571988938249,
        0.6412015353963424,
        4.990227985105655
    ],
    "steering": [
        4.566731977634515,
        2.6994697640205043
    ],
    "features": [
        0.21333333333333335,
        0.0,
        0.0,
        10.2715003288755,
        1.683398086510172,
        0.18666666666666668,
        0.04666666666666667,
        0.03,
        0.05
    ],
    "feasible": true
}