{
    "env_name": "IntersectAggressive-TruncateOnly-v0",
    "reward_parameters": [
        0.0,
        10.0,
        0.0,
        0.025645165986366528,
        -0.08530975660967324,
        0.0,
        0.0,
        0.0,
        0.0
    ],
    "constraint_parameters": [
        [
            0,
            0,
            0,
            0,
            0,
            1,
            0,
            0,
            0
        ],
        [
            0,
            0,
            0,
            0,
            0,
            0,
            1,
            0,
            0
        ],
        [
            0,
            0,
            0,
            0,
            0,
            0,
            0,
            1,
            0
        ],
        [
            0,
            0,
            0,
            0,
            0,
            0,
            0,
            0,
            1
        ]
    ],
    "constraint_thresholds": [
        0.2,
        0.2,
        0.05,
        0.1
    ],
    "goal": [
        0.0,
        1.0,
        0.0
    ],
    "acceleration": [
        0.054750650066395,
        0.12608679830817085,
        4.367835505715654
    ],
    "steering": [
        4.613819155781567,
        10.195314104401998
    ],
    "features": [
        0.0,
        0.23666666666666666,
        0.0,
        10.627147716761131,
        0.13767803426888148,
        0.16,
        0.05,
        0.03333333333333333,
        0.01
    ],
    "feasible": true
}