{
    "reward_parameters": [
        0.0,
        10.0,
        0.0,
        0.08379462390580164,
        -0.08462314346191431,
        0.0,
        0.0,
        0.0,
        0.0
    ],
    "constraint_parameters": [
        [
            0,
            0,
            0,
            0,
            0,
            1,
            0,
            0,
            0
        ],
        [
            0,
            0,
            0,
            0,
            0,
            0,
            1,
            0,
            0
        ],
        [
            0,
            0,
            0,
            0,
            0,
            0,
            0,
            1,
            0
        ],
        [
            0,
            0,
            0,
            0,
            0,
            0,
            0,
            0,
            1
        ]
    ],
    "constraint_thresholds": [
        0.2,
        0.2,
        0.05,
        0.1
    ],
    "goal": [
        0.0,
        1.0,
        0.0
    ],
    "acceleration": [
        0.03405503459599696,
        0.2900148875281626,
        2.058992174782172
    ],
    "steering": [
        5.584986390504741,
        9.899340265471745
    ],
    "features": [
        0.0,
        0.24333333333333335,
        0.0,
        10.624385085681391,
        0.11594663775317268,
        0.03333333333333333,
        0.013333333333333334,
        0.03666666666666667,
        0.023333333333333334
    ],
    "feasible": true,
    "env_name": "Intersect-TruncateOnly-v0"
}