{
    "env_name": "IntersectDefensive-TruncateOnly-v0",
    "reward_parameters": [
        0.0,
        10.0,
        0.0,
        0.15031653227454314,
        -0.11441141913526325,
        0.0,
        0.0,
        0.0,
        0.0
    ],
    "constraint_parameters": [
        [
            0,
            0,
            0,
            0,
            0,
            1,
            0,
            0,
            0
        ],
        [
            0,
            0,
            0,
            0,
            0,
            0,
            1,
            0,
            0
        ],
        [
            0,
            0,
            0,
            0,
            0,
            0,
            0,
            1,
            0
        ],
        [
            0,
            0,
            0,
            0,
            0,
            0,
            0,
            0,
            1
        ]
    ],
    "constraint_thresholds": [
        0.2,
        0.2,
        0.05,
        0.1
    ],
    "goal": [
        0.0,
        1.0,
        0.0
    ],
    "acceleration": [
        0.04147589164237153,
        -0.21386994228449174,
        3.0698641759020555
    ],
    "steering": [
        4.6612292325865345,
        7.887589404224323
    ],
    "features": [
        0.0,
        0.23,
        0.0,
        10.775058966261042,
        0.16406060403249956,
        0.11333333333333333,
        0.01,
        0.02666666666666667,
        0.04
    ],
    "feasible": true
}