{
    "env_name": "IntersectAggressive-TruncateOnly-v0",
    "reward_parameters": [
        0.0,
        0.0,
        10.0,
        0.10850419799793065,
        -0.30115973476700414,
        0.0,
        0.0,
        0.0,
        0.0
    ],
    "constraint_parameters": [
        [
            0,
            0,
            0,
            0,
            0,
            1,
            0,
            0,
            0
        ],
        [
            0,
            0,
            0,
            0,
            0,
            0,
            1,
            0,
            0
        ],
        [
            0,
            0,
            0,
            0,
            0,
            0,
            0,
            1,
            0
        ],
        [
            0,
            0,
            0,
            0,
            0,
            0,
            0,
            0,
            1
        ]
    ],
    "constraint_thresholds": [
        0.2,
        0.2,
        0.05,
        0.1
    ],
    "goal": [
        0.0,
        0.0,
        1.0
    ],
    "acceleration": [
        0.04914281965428775,
        0.9399934925131441,
        6.168406432949883
    ],
    "steering": [
        5.193960124470637,
        11.11360294644877
    ],
    "features": [
        0.0,
        0.0,
        0.31666666666666665,
        11.859588391975402,
        0.19925172381791062,
        0.15666666666666668,
        0.01,
        0.0,
        0.043333333333333335
    ],
    "feasible": true
}