{
    "env_name": "IntersectAggressive-TruncateOnly-v0",
    "reward_parameters": [
        0.0,
        0.0,
        10.0,
        -0.0069735492167477126,
        -0.29306996480027175,
        0.0,
        0.0,
        0.0,
        0.0
    ],
    "constraint_parameters": [
        [
            0,
            0,
            0,
            0,
            0,
            1,
            0,
            0,
            0
        ],
        [
            0,
            0,
            0,
            0,
            0,
            0,
            1,
            0,
            0
        ],
        [
            0,
            0,
            0,
            0,
            0,
            0,
            0,
            1,
            0
        ],
        [
            0,
            0,
            0,
            0,
            0,
            0,
            0,
            0,
            1
        ]
    ],
    "constraint_thresholds": [
        0.2,
        0.2,
        0.05,
        0.1
    ],
    "goal": [
        0.0,
        0.0,
        1.0
    ],
    "acceleration": [
        0.037161423216611186,
        0.009888921542643127,
        6.73955886157317
    ],
    "steering": [
        4.9774131637678325,
        10.534641275185884
    ],
    "features": [
        0.0,
        0.0,
        0.31666666666666665,
        11.510706707897874,
        0.25852447160909003,
        0.043333333333333335,
        0.0,
        0.0,
        0.03333333333333333
    ],
    "feasible": true
}