{
    "env_name": "IntersectAggressive-TruncateOnly-v0",
    "reward_parameters": [
        0.0,
        10.0,
        0.0,
        0.03187969321160675,
        -0.1483475314862297,
        0.0,
        0.0,
        0.0,
        0.0
    ],
    "constraint_parameters": [
        [
            0,
            0,
            0,
            0,
            0,
            1,
            0,
            0,
            0
        ],
        [
            0,
            0,
            0,
            0,
            0,
            0,
            1,
            0,
            0
        ],
        [
            0,
            0,
            0,
            0,
            0,
            0,
            0,
            1,
            0
        ],
        [
            0,
            0,
            0,
            0,
            0,
            0,
            0,
            0,
            1
        ]
    ],
    "constraint_thresholds": [
        0.2,
        0.2,
        0.05,
        0.1
    ],
    "goal": [
        0.0,
        1.0,
        0.0
    ],
    "acceleration": [
        0.0492426960828187,
        1.1424216695296374,
        4.556332595533573
    ],
    "steering": [
        5.037042459552911,
        9.91571676953135
    ],
    "features": [
        0.0,
        0.24,
        0.0,
        10.607267342170484,
        0.16436235660699364,
        0.11333333333333333,
        0.02,
        0.04,
        0.02666666666666667
    ],
    "feasible": true
}