{
    "env_name": "IntersectAggressive-TruncateOnly-v0",
    "reward_parameters": [
        0.0,
        0.0,
        10.0,
        0.12151284205868121,
        -0.3407745293107568,
        0.0,
        0.0,
        0.0,
        0.0
    ],
    "constraint_parameters": [
        [
            0,
            0,
            0,
            0,
            0,
            1,
            0,
            0,
            0
        ],
        [
            0,
            0,
            0,
            0,
            0,
            0,
            1,
            0,
            0
        ],
        [
            0,
            0,
            0,
            0,
            0,
            0,
            0,
            1,
            0
        ],
        [
            0,
            0,
            0,
            0,
            0,
            0,
            0,
            0,
            1
        ]
    ],
    "constraint_thresholds": [
        0.2,
        0.2,
        0.05,
        0.1
    ],
    "goal": [
        0.0,
        0.0,
        1.0
    ],
    "acceleration": [
        0.040741244211080774,
        0.3302816477469294,
        1.566624542329508
    ],
    "steering": [
        4.85304348320423,
        12.47229808509361
    ],
    "features": [
        0.0,
        0.0,
        0.34,
        11.696330009920711,
        0.31116034626982664,
        0.09666666666666666,
        0.03,
        0.04,
        0.03666666666666667
    ],
    "feasible": true
}