{
    "reward_parameters": [
        10.0,
        0.0,
        0.0,
        -0.01861773122885972,
        -0.2581981824125412,
        0.0,
        0.0,
        0.0,
        0.0
    ],
    "constraint_parameters": [
        [
            0,
            0,
            0,
            0,
            0,
            1,
            0,
            0,
            0
        ],
        [
            0,
            0,
            0,
            0,
            0,
            0,
            1,
            0,
            0
        ],
        [
            0,
            0,
            0,
            0,
            0,
            0,
            0,
            1,
            0
        ],
        [
            0,
            0,
            0,
            0,
            0,
            0,
            0,
            0,
            1
        ]
    ],
    "constraint_thresholds": [
        0.2,
        0.2,
        0.05,
        0.1
    ],
    "goal": [
        1.0,
        0.0,
        0.0
    ],
    "acceleration": [
        0.03055436674605644,
        0.8745474467114223,
        4.256981703399747
    ],
    "steering": [
        4.654017927450182,
        17.716926203602423
    ],
    "features": [
        0.2,
        0.0,
        0.0,
        9.643261751923006,
        2.1091799943565177,
        0.006666666666666667,
        0.006666666666666667,
        0.03333333333333333,
        0.03
    ],
    "feasible": true,
    "env_name": "Intersect-TruncateOnly-v0"
}