{
    "reward_parameters": [
        10.0,
        0.0,
        0.0,
        0.09358820641464267,
        -0.20187834026877446,
        0.0,
        0.0,
        0.0,
        0.0
    ],
    "constraint_parameters": [
        [
            0,
            0,
            0,
            0,
            0,
            1,
            0,
            0,
            0
        ],
        [
            0,
            0,
            0,
            0,
            0,
            0,
            1,
            0,
            0
        ],
        [
            0,
            0,
            0,
            0,
            0,
            0,
            0,
            1,
            0
        ],
        [
            0,
            0,
            0,
            0,
            0,
            0,
            0,
            0,
            1
        ]
    ],
    "constraint_thresholds": [
        0.2,
        0.2,
        0.05,
        0.1
    ],
    "goal": [
        1.0,
        0.0,
        0.0
    ],
    "acceleration": [
        0.07701070310008935,
        0.01192825117372076,
        5.305840017714379
    ],
    "steering": [
        5.358385732892863,
        16.058484933231313
    ],
    "features": [
        0.24,
        0.0,
        0.0,
        10.646541484771662,
        2.358257019281252,
        0.19,
        0.03666666666666667,
        0.05,
        0.06333333333333334
    ],
    "feasible": true,
    "env_name": "Intersect-TruncateOnly-v0"
}