{
    "env_name": "IntersectAggressive-TruncateOnly-v0",
    "reward_parameters": [
        10.0,
        0.0,
        0.0,
        0.03143751800324204,
        -0.009040029338707567,
        0.0,
        0.0,
        0.0,
        0.0
    ],
    "constraint_parameters": [
        [
            0,
            0,
            0,
            0,
            0,
            1,
            0,
            0,
            0
        ],
        [
            0,
            0,
            0,
            0,
            0,
            0,
            1,
            0,
            0
        ],
        [
            0,
            0,
            0,
            0,
            0,
            0,
            0,
            1,
            0
        ],
        [
            0,
            0,
            0,
            0,
            0,
            0,
            0,
            0,
            1
        ]
    ],
    "constraint_thresholds": [
        0.2,
        0.2,
        0.05,
        0.1
    ],
    "goal": [
        1.0,
        0.0,
        0.0
    ],
    "acceleration": [
        0.03319769757638833,
        1.0057639149660973,
        7.891333752928905
    ],
    "steering": [
        5.139147051746089,
        6.267423345066293
    ],
    "features": [
        0.24333333333333335,
        0.0,
        0.0,
        9.85451849869892,
        3.470891925484436,
        0.023333333333333334,
        0.06333333333333334,
        0.05,
        0.08333333333333333
    ],
    "feasible": true
}