{
    "env_name": "IntersectDefensive-TruncateOnly-v0",
    "reward_parameters": [
        10.0,
        0.0,
        0.0,
        0.24964646886173017,
        -0.21672493426804956,
        0.0,
        0.0,
        0.0,
        0.0
    ],
    "constraint_parameters": [
        [
            0,
            0,
            0,
            0,
            0,
            1,
            0,
            0,
            0
        ],
        [
            0,
            0,
            0,
            0,
            0,
            0,
            1,
            0,
            0
        ],
        [
            0,
            0,
            0,
            0,
            0,
            0,
            0,
            1,
            0
        ],
        [
            0,
            0,
            0,
            0,
            0,
            0,
            0,
            0,
            1
        ]
    ],
    "constraint_thresholds": [
        0.2,
        0.2,
        0.05,
        0.1
    ],
    "goal": [
        1.0,
        0.0,
        0.0
    ],
    "acceleration": [
        0.060914464424802556,
        0.6646971240958985,
        4.009363552077994
    ],
    "steering": [
        4.536093786254063,
        10.330594089074252
    ],
    "features": [
        0.24333333333333335,
        0.0,
        0.0,
        10.091029172213432,
        2.0720140940792264,
        0.17666666666666667,
        0.0033333333333333335,
        0.03666666666666667,
        0.06333333333333334
    ],
    "feasible": true
}