{
    "reward_parameters": [
        0.0,
        10.0,
        0.0,
        0.17941464527791587,
        -0.08563498409883921,
        0.0,
        0.0,
        0.0,
        0.0
    ],
    "constraint_parameters": [
        [
            0,
            0,
            0,
            0,
            0,
            1,
            0,
            0,
            0
        ],
        [
            0,
            0,
            0,
            0,
            0,
            0,
            1,
            0,
            0
        ],
        [
            0,
            0,
            0,
            0,
            0,
            0,
            0,
            1,
            0
        ],
        [
            0,
            0,
            0,
            0,
            0,
            0,
            0,
            0,
            1
        ]
    ],
    "constraint_thresholds": [
        0.2,
        0.2,
        0.05,
        0.1
    ],
    "goal": [
        0.0,
        1.0,
        0.0
    ],
    "acceleration": [
        0.04130957279243528,
        0.82178177489162,
        4.999108970204612
    ],
    "steering": [
        5.095388020044224,
        10.987179643194983
    ],
    "features": [
        0.0,
        0.23,
        0.0,
        10.136871467138716,
        0.14491528670012557,
        0.08666666666666667,
        0.05333333333333334,
        0.03666666666666667,
        0.02666666666666667
    ],
    "feasible": true,
    "env_name": "Intersect-TruncateOnly-v0"
}