{
    "env_name": "IntersectDefensive-TruncateOnly-v0",
    "reward_parameters": [
        0.0,
        10.0,
        0.0,
        0.11563419257628006,
        -0.2826186151645821,
        0.0,
        0.0,
        0.0,
        0.0
    ],
    "constraint_parameters": [
        [
            0,
            0,
            0,
            0,
            0,
            1,
            0,
            0,
            0
        ],
        [
            0,
            0,
            0,
            0,
            0,
            0,
            1,
            0,
            0
        ],
        [
            0,
            0,
            0,
            0,
            0,
            0,
            0,
            1,
            0
        ],
        [
            0,
            0,
            0,
            0,
            0,
            0,
            0,
            0,
            1
        ]
    ],
    "constraint_thresholds": [
        0.2,
        0.2,
        0.05,
        0.1
    ],
    "goal": [
        0.0,
        1.0,
        0.0
    ],
    "acceleration": [
        0.032319158755003234,
        0.3116949544806862,
        3.8246918921558533
    ],
    "steering": [
        4.854026425777718,
        12.408183106488618
    ],
    "features": [
        0.0,
        0.25,
        0.0,
        10.85340410633773,
        0.25867512146955274,
        0.043333333333333335,
        0.01,
        0.043333333333333335,
        0.023333333333333334
    ],
    "feasible": true
}