{
    "reward_parameters": [
        0.0,
        10.0,
        0.0,
        0.18577725665967781,
        -0.28184413533617797,
        0.0,
        0.0,
        0.0,
        0.0
    ],
    "constraint_parameters": [
        [
            0,
            0,
            0,
            0,
            0,
            1,
            0,
            0,
            0
        ],
        [
            0,
            0,
            0,
            0,
            0,
            0,
            1,
            0,
            0
        ],
        [
            0,
            0,
            0,
            0,
            0,
            0,
            0,
            1,
            0
        ],
        [
            0,
            0,
            0,
            0,
            0,
            0,
            0,
            0,
            1
        ]
    ],
    "constraint_thresholds": [
        0.2,
        0.2,
        0.05,
        0.1
    ],
    "goal": [
        0.0,
        1.0,
        0.0
    ],
    "acceleration": [
        0.054577572163732456,
        0.6088024668513585,
        1.282125765658913
    ],
    "steering": [
        5.094077308001852,
        6.163306489883063
    ],
    "features": [
        0.0,
        0.21,
        0.0,
        10.824668523820836,
        0.16786314761244078,
        0.19,
        0.02666666666666667,
        0.03666666666666667,
        0.07
    ],
    "feasible": true,
    "env_name": "Intersect-TruncateOnly-v0"
}