{
    "env_name": "IntersectAggressive-TruncateOnly-v0",
    "reward_parameters": [
        10.0,
        0.0,
        0.0,
        0.10193161656268863,
        -0.3261335437065941,
        0.0,
        0.0,
        0.0,
        0.0
    ],
    "constraint_parameters": [
        [
            0,
            0,
            0,
            0,
            0,
            1,
            0,
            0,
            0
        ],
        [
            0,
            0,
            0,
            0,
            0,
            0,
            1,
            0,
            0
        ],
        [
            0,
            0,
            0,
            0,
            0,
            0,
            0,
            1,
            0
        ],
        [
            0,
            0,
            0,
            0,
            0,
            0,
            0,
            0,
            1
        ]
    ],
    "constraint_thresholds": [
        0.2,
        0.2,
        0.05,
        0.1
    ],
    "goal": [
        1.0,
        0.0,
        0.0
    ],
    "acceleration": [
        0.15673446067775879,
        1.3576664068648454,
        6.289917087846762
    ],
    "steering": [
        5.311211713299002,
        7.529321010963159
    ],
    "features": [
        0.16,
        0.0,
        0.0,
        10.208293000981644,
        2.117411473584696,
        0.17666666666666667,
        0.02666666666666667,
        0.04,
        0.02666666666666667
    ],
    "feasible": true
}