{
    "reward_parameters": [
        10.0,
        0.0,
        0.0,
        0.21328822550271534,
        -0.278236392340808,
        0.0,
        0.0,
        0.0,
        0.0
    ],
    "constraint_parameters": [
        [
            0,
            0,
            0,
            0,
            0,
            1,
            0,
            0,
            0
        ],
        [
            0,
            0,
            0,
            0,
            0,
            0,
            1,
            0,
            0
        ],
        [
            0,
            0,
            0,
            0,
            0,
            0,
            0,
            1,
            0
        ],
        [
            0,
            0,
            0,
            0,
            0,
            0,
            0,
            0,
            1
        ]
    ],
    "constraint_thresholds": [
        0.2,
        0.2,
        0.05,
        0.1
    ],
    "goal": [
        1.0,
        0.0,
        0.0
    ],
    "acceleration": [
        0.059453892868026485,
        0.26110576013786146,
        2.7991093723175737
    ],
    "steering": [
        4.81360856649942,
        20.106066924035893
    ],
    "features": [
        0.25,
        0.0,
        0.0,
        10.340880059851761,
        2.2568173565261738,
        0.13,
        0.013333333333333334,
        0.03333333333333333,
        0.07333333333333333
    ],
    "feasible": true,
    "env_name": "Intersect-TruncateOnly-v0"
}