{
    "env_name": "IntersectAggressive-TruncateOnly-v0",
    "reward_parameters": [
        0.0,
        10.0,
        0.0,
        0.23742224789778052,
        -0.2942346911510033,
        0.0,
        0.0,
        0.0,
        0.0
    ],
    "constraint_parameters": [
        [
            0,
            0,
            0,
            0,
            0,
            1,
            0,
            0,
            0
        ],
        [
            0,
            0,
            0,
            0,
            0,
            0,
            1,
            0,
            0
        ],
        [
            0,
            0,
            0,
            0,
            0,
            0,
            0,
            1,
            0
        ],
        [
            0,
            0,
            0,
            0,
            0,
            0,
            0,
            0,
            1
        ]
    ],
    "constraint_thresholds": [
        0.2,
        0.2,
        0.05,
        0.1
    ],
    "goal": [
        0.0,
        1.0,
        0.0
    ],
    "acceleration": [
        0.04763643899911872,
        0.9124439405487912,
        4.592756243304213
    ],
    "steering": [
        5.085777448532877,
        8.905581650331182
    ],
    "features": [
        0.0,
        0.23666666666666666,
        0.0,
        10.461122542508242,
        0.10387535442738127,
        0.16333333333333333,
        0.02,
        0.02,
        0.03
    ],
    "feasible": true
}