{
    "env_name": "IntersectDefensive-TruncateOnly-v0",
    "reward_parameters": [
        0.0,
        0.0,
        10.0,
        0.20800823335285837,
        -0.19424380887485454,
        0.0,
        0.0,
        0.0,
        0.0
    ],
    "constraint_parameters": [
        [
            0,
            0,
            0,
            0,
            0,
            1,
            0,
            0,
            0
        ],
        [
            0,
            0,
            0,
            0,
            0,
            0,
            1,
            0,
            0
        ],
        [
            0,
            0,
            0,
            0,
            0,
            0,
            0,
            1,
            0
        ],
        [
            0,
            0,
            0,
            0,
            0,
            0,
            0,
            0,
            1
        ]
    ],
    "constraint_thresholds": [
        0.2,
        0.2,
        0.05,
        0.1
    ],
    "goal": [
        0.0,
        0.0,
        1.0
    ],
    "acceleration": [
        0.04063625794714418,
        0.32371099275668647,
        2.5708336063011545
    ],
    "steering": [
        4.994060317660892,
        6.554234031775832
    ],
    "features": [
        0.0,
        0.0,
        0.33,
        12.1841434674642,
        0.2949503253860722,
        0.12,
        0.0,
        0.0,
        0.05333333333333334
    ],
    "feasible": true
}