{
    "env_name": "IntersectAggressive-TruncateOnly-v0",
    "reward_parameters": [
        0.0,
        10.0,
        0.0,
        0.2744796825587704,
        -0.16204340563904937,
        0.0,
        0.0,
        0.0,
        0.0
    ],
    "constraint_parameters": [
        [
            0,
            0,
            0,
            0,
            0,
            1,
            0,
            0,
            0
        ],
        [
            0,
            0,
            0,
            0,
            0,
            0,
            1,
            0,
            0
        ],
        [
            0,
            0,
            0,
            0,
            0,
            0,
            0,
            1,
            0
        ],
        [
            0,
            0,
            0,
            0,
            0,
            0,
            0,
            0,
            1
        ]
    ],
    "constraint_thresholds": [
        0.2,
        0.2,
        0.05,
        0.1
    ],
    "goal": [
        0.0,
        1.0,
        0.0
    ],
    "acceleration": [
        0.044495366982805325,
        0.1301994160580836,
        6.97209757388921
    ],
    "steering": [
        5.216522636292758,
        6.28812956038481
    ],
    "features": [
        0.0,
        0.24,
        0.0,
        10.878938667617325,
        0.3397327026425436,
        0.10666666666666667,
        0.05333333333333334,
        0.043333333333333335,
        0.02666666666666667
    ],
    "feasible": true
}