{
    "env_name": "IntersectAggressive-TruncateOnly-v0",
    "reward_parameters": [
        0.0,
        0.0,
        10.0,
        0.2008785573309986,
        -0.1034490410893841,
        0.0,
        0.0,
        0.0,
        0.0
    ],
    "constraint_parameters": [
        [
            0,
            0,
            0,
            0,
            0,
            1,
            0,
            0,
            0
        ],
        [
            0,
            0,
            0,
            0,
            0,
            0,
            1,
            0,
            0
        ],
        [
            0,
            0,
            0,
            0,
            0,
            0,
            0,
            1,
            0
        ],
        [
            0,
            0,
            0,
            0,
            0,
            0,
            0,
            0,
            1
        ]
    ],
    "constraint_thresholds": [
        0.2,
        0.2,
        0.05,
        0.1
    ],
    "goal": [
        0.0,
        0.0,
        1.0
    ],
    "acceleration": [
        0.03704977555740688,
        -0.21871894831117844,
        7.284178397603943
    ],
    "steering": [
        4.6184702845374686,
        7.486773304927241
    ],
    "features": [
        0.0,
        0.0,
        0.31666666666666665,
        11.551970352447878,
        0.2963321231527581,
        0.08,
        0.043333333333333335,
        0.04,
        0.043333333333333335
    ],
    "feasible": true
}