{
    "env_name": "IntersectAggressive-TruncateOnly-v0",
    "reward_parameters": [
        10.0,
        0.0,
        0.0,
        0.02545389407081429,
        -0.20167424570925588,
        0.0,
        0.0,
        0.0,
        0.0
    ],
    "constraint_parameters": [
        [
            0,
            0,
            0,
            0,
            0,
            1,
            0,
            0,
            0
        ],
        [
            0,
            0,
            0,
            0,
            0,
            0,
            1,
            0,
            0
        ],
        [
            0,
            0,
            0,
            0,
            0,
            0,
            0,
            1,
            0
        ],
        [
            0,
            0,
            0,
            0,
            0,
            0,
            0,
            0,
            1
        ]
    ],
    "constraint_thresholds": [
        0.2,
        0.2,
        0.05,
        0.1
    ],
    "goal": [
        1.0,
        0.0,
        0.0
    ],
    "acceleration": [
        0.052724948636674526,
        0.5070151278468709,
        4.36429560004381
    ],
    "steering": [
        5.3195941750819244,
        5.741867455892521
    ],
    "features": [
        0.24,
        0.0,
        0.0,
        10.145760716764157,
        3.1983620754390065,
        0.12333333333333334,
        0.023333333333333334,
        0.04,
        0.09
    ],
    "feasible": true
}