{
    "env_name": "IntersectAggressive-TruncateOnly-v0",
    "reward_parameters": [
        10.0,
        0.0,
        0.0,
        0.21159211860032703,
        -0.38558989410463834,
        0.0,
        0.0,
        0.0,
        0.0
    ],
    "constraint_parameters": [
        [
            0,
            0,
            0,
            0,
            0,
            1,
            0,
            0,
            0
        ],
        [
            0,
            0,
            0,
            0,
            0,
            0,
            1,
            0,
            0
        ],
        [
            0,
            0,
            0,
            0,
            0,
            0,
            0,
            1,
            0
        ],
        [
            0,
            0,
            0,
            0,
            0,
            0,
            0,
            0,
            1
        ]
    ],
    "constraint_thresholds": [
        0.2,
        0.2,
        0.05,
        0.1
    ],
    "goal": [
        1.0,
        0.0,
        0.0
    ],
    "acceleration": [
        0.07706219740243725,
        0.31919055699014987,
        6.828605002621723
    ],
    "steering": [
        4.35692090048679,
        8.58944856104916
    ],
    "features": [
        0.24333333333333335,
        0.0,
        0.0,
        10.430460185474063,
        2.2634614354150595,
        0.17333333333333334,
        0.02,
        0.043333333333333335,
        0.03666666666666667
    ],
    "feasible": true
}