{
    "env_name": "IntersectDefensive-TruncateOnly-v0",
    "reward_parameters": [
        0.0,
        0.0,
        10.0,
        -0.008932865416552846,
        -0.33259229455114514,
        0.0,
        0.0,
        0.0,
        0.0
    ],
    "constraint_parameters": [
        [
            0,
            0,
            0,
            0,
            0,
            1,
            0,
            0,
            0
        ],
        [
            0,
            0,
            0,
            0,
            0,
            0,
            1,
            0,
            0
        ],
        [
            0,
            0,
            0,
            0,
            0,
            0,
            0,
            1,
            0
        ],
        [
            0,
            0,
            0,
            0,
            0,
            0,
            0,
            0,
            1
        ]
    ],
    "constraint_thresholds": [
        0.2,
        0.2,
        0.05,
        0.1
    ],
    "goal": [
        0.0,
        0.0,
        1.0
    ],
    "acceleration": [
        0.030467717095506802,
        0.47634837895285753,
        5.961070963296239
    ],
    "steering": [
        5.180557497174444,
        10.108261565316322
    ],
    "features": [
        0.0,
        0.0,
        0.3333333333333333,
        10.835468965545337,
        0.1915957262112993,
        0.0,
        0.01,
        0.04,
        0.03
    ],
    "feasible": true
}