{
    "env_name": "IntersectAggressive-TruncateOnly-v0",
    "reward_parameters": [
        0.0,
        10.0,
        0.0,
        -0.010327492149603532,
        -0.1460902478774703,
        0.0,
        0.0,
        0.0,
        0.0
    ],
    "constraint_parameters": [
        [
            0,
            0,
            0,
            0,
            0,
            1,
            0,
            0,
            0
        ],
        [
            0,
            0,
            0,
            0,
            0,
            0,
            1,
            0,
            0
        ],
        [
            0,
            0,
            0,
            0,
            0,
            0,
            0,
            1,
            0
        ],
        [
            0,
            0,
            0,
            0,
            0,
            0,
            0,
            0,
            1
        ]
    ],
    "constraint_thresholds": [
        0.2,
        0.2,
        0.05,
        0.1
    ],
    "goal": [
        0.0,
        1.0,
        0.0
    ],
    "acceleration": [
        0.051914869834280356,
        1.006146399482946,
        5.176380209547469
    ],
    "steering": [
        5.298769863673237,
        7.978617011945026
    ],
    "features": [
        0.0,
        0.25666666666666665,
        0.0,
        11.009623458850983,
        0.17585613136210665,
        0.19333333333333333,
        0.013333333333333334,
        0.0033333333333333335,
        0.02
    ],
    "feasible": true
}