{
    "env_name": "IntersectAggressive-TruncateOnly-v0",
    "reward_parameters": [
        0.0,
        0.0,
        10.0,
        -0.12876367257356167,
        -0.16347131701799636,
        0.0,
        0.0,
        0.0,
        0.0
    ],
    "constraint_parameters": [
        [
            0,
            0,
            0,
            0,
            0,
            1,
            0,
            0,
            0
        ],
        [
            0,
            0,
            0,
            0,
            0,
            0,
            1,
            0,
            0
        ],
        [
            0,
            0,
            0,
            0,
            0,
            0,
            0,
            1,
            0
        ],
        [
            0,
            0,
            0,
            0,
            0,
            0,
            0,
            0,
            1
        ]
    ],
    "constraint_thresholds": [
        0.2,
        0.2,
        0.05,
        0.1
    ],
    "goal": [
        0.0,
        0.0,
        1.0
    ],
    "acceleration": [
        0.034891941208723624,
        1.1979042281158838,
        8.340004392425481
    ],
    "steering": [
        4.977257564362249,
        8.1401742611554
    ],
    "features": [
        0.0,
        0.0,
        0.3433333333333333,
        11.122053570201203,
        0.20357323501041985,
        0.02666666666666667,
        0.0,
        0.0,
        0.03
    ],
    "feasible": true
}