{
    "env_name": "IntersectDefensive-TruncateOnly-v0",
    "reward_parameters": [
        10.0,
        0.0,
        0.0,
        -0.01961995448847549,
        -0.14859030625228378,
        0.0,
        0.0,
        0.0,
        0.0
    ],
    "constraint_parameters": [
        [
            0,
            0,
            0,
            0,
            0,
            1,
            0,
            0,
            0
        ],
        [
            0,
            0,
            0,
            0,
            0,
            0,
            1,
            0,
            0
        ],
        [
            0,
            0,
            0,
            0,
            0,
            0,
            0,
            1,
            0
        ],
        [
            0,
            0,
            0,
            0,
            0,
            0,
            0,
            0,
            1
        ]
    ],
    "constraint_thresholds": [
        0.2,
        0.2,
        0.05,
        0.1
    ],
    "goal": [
        1.0,
        0.0,
        0.0
    ],
    "acceleration": [
        0.0501158496327379,
        0.9497627009138183,
        6.1261282859622295
    ],
    "steering": [
        4.592122163384115,
        10.529775129928746
    ],
    "features": [
        0.27,
        0.0,
        0.0,
        10.800152313863213,
        2.4558890488737823,
        0.12,
        0.01,
        0.03333333333333333,
        0.06333333333333334
    ],
    "feasible": true
}