{
    "reward_parameters": [
        0.0,
        0.0,
        10.0,
        0.05146584503264667,
        -0.20707600050188266,
        0.0,
        0.0,
        0.0,
        0.0
    ],
    "constraint_parameters": [
        [
            0,
            0,
            0,
            0,
            0,
            1,
            0,
            0,
            0
        ],
        [
            0,
            0,
            0,
            0,
            0,
            0,
            1,
            0,
            0
        ],
        [
            0,
            0,
            0,
            0,
            0,
            0,
            0,
            1,
            0
        ],
        [
            0,
            0,
            0,
            0,
            0,
            0,
            0,
            0,
            1
        ]
    ],
    "constraint_thresholds": [
        0.2,
        0.2,
        0.05,
        0.1
    ],
    "goal": [
        0.0,
        0.0,
        1.0
    ],
    "acceleration": [
        0.04670646639093334,
        0.5479342450106595,
        4.763415286217742
    ],
    "steering": [
        4.701667261842554,
        15.55285527361149
    ],
    "features": [
        0.0,
        0.0,
        0.3433333333333333,
        12.5192765672937,
        0.34223942117774797,
        0.18333333333333332,
        0.0,
        0.0,
        0.04
    ],
    "feasible": true,
    "env_name": "Intersect-TruncateOnly-v0"
}