{
    "reward_parameters": [
        0.0,
        10.0,
        0.0,
        0.03055079608132269,
        -0.2578695862691841,
        0.0,
        0.0,
        0.0,
        0.0
    ],
    "constraint_parameters": [
        [
            0,
            0,
            0,
            0,
            0,
            1,
            0,
            0,
            0
        ],
        [
            0,
            0,
            0,
            0,
            0,
            0,
            1,
            0,
            0
        ],
        [
            0,
            0,
            0,
            0,
            0,
            0,
            0,
            1,
            0
        ],
        [
            0,
            0,
            0,
            0,
            0,
            0,
            0,
            0,
            1
        ]
    ],
    "constraint_thresholds": [
        0.2,
        0.2,
        0.05,
        0.1
    ],
    "goal": [
        0.0,
        1.0,
        0.0
    ],
    "acceleration": [
        0.03069196233665771,
        1.3390720330660295,
        1.5506766635293445
    ],
    "steering": [
        5.666509562078834,
        6.818412606760676
    ],
    "features": [
        0.0,
        0.2833333333333333,
        0.0,
        11.282399081009489,
        0.2511902725397595,
        0.013333333333333334,
        0.0,
        0.03333333333333333,
        0.03
    ],
    "feasible": true,
    "env_name": "Intersect-TruncateOnly-v0"
}