{
    "reward_parameters": [
        0.0,
        10.0,
        0.0,
        0.06023395086473278,
        -0.06925245410630901,
        0.0,
        0.0,
        0.0,
        0.0
    ],
    "constraint_parameters": [
        [
            0,
            0,
            0,
            0,
            0,
            1,
            0,
            0,
            0
        ],
        [
            0,
            0,
            0,
            0,
            0,
            0,
            1,
            0,
            0
        ],
        [
            0,
            0,
            0,
            0,
            0,
            0,
            0,
            1,
            0
        ],
        [
            0,
            0,
            0,
            0,
            0,
            0,
            0,
            0,
            1
        ]
    ],
    "constraint_thresholds": [
        0.2,
        0.2,
        0.05,
        0.1
    ],
    "goal": [
        0.0,
        1.0,
        0.0
    ],
    "acceleration": [
        0.02975395932678935,
        0.640635821488284,
        9.673417481562183
    ],
    "steering": [
        4.525433892308924,
        16.052500792819743
    ],
    "features": [
        0.0,
        0.22333333333333333,
        0.0,
        10.15595615830348,
        0.3738699924547609,
        0.02,
        0.07333333333333333,
        0.04666666666666667,
        0.01
    ],
    "feasible": true,
    "env_name": "Intersect-TruncateOnly-v0"
}