{
    "env_name": "IntersectAggressive-TruncateOnly-v0",
    "reward_parameters": [
        0.0,
        10.0,
        0.0,
        0.3081652246374792,
        -0.040257181070211784,
        0.0,
        0.0,
        0.0,
        0.0
    ],
    "constraint_parameters": [
        [
            0,
            0,
            0,
            0,
            0,
            1,
            0,
            0,
            0
        ],
        [
            0,
            0,
            0,
            0,
            0,
            0,
            1,
            0,
            0
        ],
        [
            0,
            0,
            0,
            0,
            0,
            0,
            0,
            1,
            0
        ],
        [
            0,
            0,
            0,
            0,
            0,
            0,
            0,
            0,
            1
        ]
    ],
    "constraint_thresholds": [
        0.2,
        0.2,
        0.05,
        0.1
    ],
    "goal": [
        0.0,
        1.0,
        0.0
    ],
    "acceleration": [
        0.3,
        0.3,
        2.0
    ],
    "steering": [
        5.0,
        8.333333333333334
    ],
    "features": [
        0.0,
        0.15666666666666668,
        0.0,
        11.684975727226837,
        0.061208318312855614,
        0.36666666666666664,
        0.04,
        0.18333333333333332,
        0.01
    ],
    "feasible": true
}