{
    "env_name": "IntersectDefensive-TruncateOnly-v0",
    "reward_parameters": [
        10.0,
        0.0,
        0.0,
        0.001959694045208918,
        -0.00892755449320709,
        0.0,
        0.0,
        0.0,
        0.0
    ],
    "constraint_parameters": [
        [
            0,
            0,
            0,
            0,
            0,
            1,
            0,
            0,
            0
        ],
        [
            0,
            0,
            0,
            0,
            0,
            0,
            1,
            0,
            0
        ],
        [
            0,
            0,
            0,
            0,
            0,
            0,
            0,
            1,
            0
        ],
        [
            0,
            0,
            0,
            0,
            0,
            0,
            0,
            0,
            1
        ]
    ],
    "constraint_thresholds": [
        0.2,
        0.2,
        0.05,
        0.1
    ],
    "goal": [
        1.0,
        0.0,
        0.0
    ],
    "acceleration": [
        0.04637174746948626,
        0.4353470669591965,
        4.9071878172106675
    ],
    "steering": [
        5.307197035385978,
        9.45444052285025
    ],
    "features": [
        0.23666666666666666,
        0.0,
        0.0,
        9.57977935629128,
        3.231894030515893,
        0.11666666666666667,
        0.013333333333333334,
        0.04,
        0.06333333333333334
    ],
    "feasible": true
}