{
    "env_name": "IntersectDefensive-TruncateOnly-v0",
    "reward_parameters": [
        0.0,
        10.0,
        0.0,
        0.33892687318435133,
        -0.3932627600832973,
        0.0,
        0.0,
        0.0,
        0.0
    ],
    "constraint_parameters": [
        [
            0,
            0,
            0,
            0,
            0,
            1,
            0,
            0,
            0
        ],
        [
            0,
            0,
            0,
            0,
            0,
            0,
            1,
            0,
            0
        ],
        [
            0,
            0,
            0,
            0,
            0,
            0,
            0,
            1,
            0
        ],
        [
            0,
            0,
            0,
            0,
            0,
            0,
            0,
            0,
            1
        ]
    ],
    "constraint_thresholds": [
        0.2,
        0.2,
        0.05,
        0.1
    ],
    "goal": [
        0.0,
        1.0,
        0.0
    ],
    "acceleration": [
        0.05484801226944587,
        0.9551488459788967,
        5.951990213892198
    ],
    "steering": [
        5.531065797894079,
        9.55299840307671
    ],
    "features": [
        0.0,
        0.25333333333333335,
        0.0,
        10.805725616036254,
        0.22204833570273544,
        0.19,
        0.016666666666666666,
        0.04666666666666667,
        0.03333333333333333
    ],
    "feasible": true
}