{
    "reward_parameters": [
        0.0,
        0.0,
        10.0,
        0.09557069569206009,
        -0.14508586603148937,
        0.0,
        0.0,
        0.0,
        0.0
    ],
    "constraint_parameters": [
        [
            0,
            0,
            0,
            0,
            0,
            1,
            0,
            0,
            0
        ],
        [
            0,
            0,
            0,
            0,
            0,
            0,
            1,
            0,
            0
        ],
        [
            0,
            0,
            0,
            0,
            0,
            0,
            0,
            1,
            0
        ],
        [
            0,
            0,
            0,
            0,
            0,
            0,
            0,
            0,
            1
        ]
    ],
    "constraint_thresholds": [
        0.2,
        0.2,
        0.05,
        0.1
    ],
    "goal": [
        0.0,
        0.0,
        1.0
    ],
    "acceleration": [
        0.03184286101051401,
        1.2372146569700275,
        5.253975400652628
    ],
    "steering": [
        5.048399816285226,
        11.582258430920234
    ],
    "features": [
        0.0,
        0.0,
        0.3333333333333333,
        11.832207087384758,
        0.3023711570252928,
        0.06,
        0.0,
        0.0,
        0.023333333333333334
    ],
    "feasible": true,
    "env_name": "Intersect-TruncateOnly-v0"
}