{
    "env_name": "IntersectAggressive-TruncateOnly-v0",
    "reward_parameters": [
        0.0,
        10.0,
        0.0,
        0.05241751731120409,
        -0.23456518163365248,
        0.0,
        0.0,
        0.0,
        0.0
    ],
    "constraint_parameters": [
        [
            0,
            0,
            0,
            0,
            0,
            1,
            0,
            0,
            0
        ],
        [
            0,
            0,
            0,
            0,
            0,
            0,
            1,
            0,
            0
        ],
        [
            0,
            0,
            0,
            0,
            0,
            0,
            0,
            1,
            0
        ],
        [
            0,
            0,
            0,
            0,
            0,
            0,
            0,
            0,
            1
        ]
    ],
    "constraint_thresholds": [
        0.2,
        0.2,
        0.05,
        0.1
    ],
    "goal": [
        0.0,
        1.0,
        0.0
    ],
    "acceleration": [
        0.023040247084662267,
        0.4745464959136714,
        2.6066708119572852
    ],
    "steering": [
        4.7986407714659585,
        6.014726757647528
    ],
    "features": [
        0.0,
        0.20333333333333334,
        0.0,
        9.466977477272192,
        0.15135457569051772,
        0.0,
        0.013333333333333334,
        0.03666666666666667,
        0.02666666666666667
    ],
    "feasible": true
}