{
    "env_name": "IntersectDefensive-TruncateOnly-v0",
    "reward_parameters": [
        0.0,
        10.0,
        0.0,
        0.0021496427312709815,
        -0.2548181003356503,
        0.0,
        0.0,
        0.0,
        0.0
    ],
    "constraint_parameters": [
        [
            0,
            0,
            0,
            0,
            0,
            1,
            0,
            0,
            0
        ],
        [
            0,
            0,
            0,
            0,
            0,
            0,
            1,
            0,
            0
        ],
        [
            0,
            0,
            0,
            0,
            0,
            0,
            0,
            1,
            0
        ],
        [
            0,
            0,
            0,
            0,
            0,
            0,
            0,
            0,
            1
        ]
    ],
    "constraint_thresholds": [
        0.2,
        0.2,
        0.05,
        0.1
    ],
    "goal": [
        0.0,
        1.0,
        0.0
    ],
    "acceleration": [
        0.044284715438233556,
        -0.3319739805849085,
        6.809226979401295
    ],
    "steering": [
        4.751027258669087,
        13.498047874389142
    ],
    "features": [
        0.0,
        0.22,
        0.0,
        11.355513690206639,
        0.4489048261844072,
        0.19,
        0.01,
        0.03666666666666667,
        0.03
    ],
    "feasible": true
}