{
    "env_name": "IntersectDefensive-TruncateOnly-v0",
    "reward_parameters": [
        0.0,
        0.0,
        10.0,
        0.08698770128574328,
        -0.057178344202199194,
        0.0,
        0.0,
        0.0,
        0.0
    ],
    "constraint_parameters": [
        [
            0,
            0,
            0,
            0,
            0,
            1,
            0,
            0,
            0
        ],
        [
            0,
            0,
            0,
            0,
            0,
            0,
            1,
            0,
            0
        ],
        [
            0,
            0,
            0,
            0,
            0,
            0,
            0,
            1,
            0
        ],
        [
            0,
            0,
            0,
            0,
            0,
            0,
            0,
            0,
            1
        ]
    ],
    "constraint_thresholds": [
        0.2,
        0.2,
        0.05,
        0.1
    ],
    "goal": [
        0.0,
        0.0,
        1.0
    ],
    "acceleration": [
        0.03236906379623109,
        1.0835654356976994,
        5.305606711485462
    ],
    "steering": [
        5.385166090178221,
        8.795986585792814
    ],
    "features": [
        0.0,
        0.0,
        0.33666666666666667,
        11.341790009732378,
        0.23315486242219943,
        0.0,
        0.0,
        0.0,
        0.03333333333333333
    ],
    "feasible": true
}