{
    "env_name": "IntersectAggressive-TruncateOnly-v0",
    "reward_parameters": [
        0.0,
        10.0,
        0.0,
        0.18348508524377036,
        -0.20866899874016898,
        0.0,
        0.0,
        0.0,
        0.0
    ],
    "constraint_parameters": [
        [
            0,
            0,
            0,
            0,
            0,
            1,
            0,
            0,
            0
        ],
        [
            0,
            0,
            0,
            0,
            0,
            0,
            1,
            0,
            0
        ],
        [
            0,
            0,
            0,
            0,
            0,
            0,
            0,
            1,
            0
        ],
        [
            0,
            0,
            0,
            0,
            0,
            0,
            0,
            0,
            1
        ]
    ],
    "constraint_thresholds": [
        0.2,
        0.2,
        0.05,
        0.1
    ],
    "goal": [
        0.0,
        1.0,
        0.0
    ],
    "acceleration": [
        0.05623035594947333,
        1.0984760730892795,
        6.2772781895933525
    ],
    "steering": [
        4.881045498154191,
        5.881958209083931
    ],
    "features": [
        0.0,
        0.23,
        0.0,
        10.984703808396352,
        0.11563194513445652,
        0.16333333333333333,
        0.0033333333333333335,
        0.02,
        0.03666666666666667
    ],
    "feasible": true
}