{
    "env_name": "IntersectDefensive-TruncateOnly-v0",
    "reward_parameters": [
        10.0,
        0.0,
        0.0,
        0.01556518505192854,
        -0.1708669733270981,
        0.0,
        0.0,
        0.0,
        0.0
    ],
    "constraint_parameters": [
        [
            0,
            0,
            0,
            0,
            0,
            1,
            0,
            0,
            0
        ],
        [
            0,
            0,
            0,
            0,
            0,
            0,
            1,
            0,
            0
        ],
        [
            0,
            0,
            0,
            0,
            0,
            0,
            0,
            1,
            0
        ],
        [
            0,
            0,
            0,
            0,
            0,
            0,
            0,
            0,
            1
        ]
    ],
    "constraint_thresholds": [
        0.2,
        0.2,
        0.05,
        0.1
    ],
    "goal": [
        1.0,
        0.0,
        0.0
    ],
    "acceleration": [
        0.05969820406931241,
        0.4034029970921629,
        1.9702997956808663
    ],
    "steering": [
        4.6079039891286895,
        16.93601663434719
    ],
    "features": [
        0.21,
        0.0,
        0.0,
        9.048623214396049,
        1.7956128453646791,
        0.15,
        0.03666666666666667,
        0.04,
        0.04666666666666667
    ],
    "feasible": true
}