{
    "env_name": "IntersectDefensive-TruncateOnly-v0",
    "reward_parameters": [
        0.0,
        0.0,
        10.0,
        0.10259023507403149,
        -0.2419700359398017,
        0.0,
        0.0,
        0.0,
        0.0
    ],
    "constraint_parameters": [
        [
            0,
            0,
            0,
            0,
            0,
            1,
            0,
            0,
            0
        ],
        [
            0,
            0,
            0,
            0,
            0,
            0,
            1,
            0,
            0
        ],
        [
            0,
            0,
            0,
            0,
            0,
            0,
            0,
            1,
            0
        ],
        [
            0,
            0,
            0,
            0,
            0,
            0,
            0,
            0,
            1
        ]
    ],
    "constraint_thresholds": [
        0.2,
        0.2,
        0.05,
        0.1
    ],
    "goal": [
        0.0,
        0.0,
        1.0
    ],
    "acceleration": [
        0.021520704512142004,
        1.217625173726046,
        -0.3387102789148271
    ],
    "steering": [
        4.987139522465231,
        4.716910460455486
    ],
    "features": [
        0.0,
        0.0,
        0.32666666666666666,
        11.908782181730365,
        0.2699441325389669,
        0.013333333333333334,
        0.0033333333333333335,
        0.006666666666666667,
        0.05333333333333334
    ],
    "feasible": true
}