{
    "reward_parameters": [
        10.0,
        0.0,
        0.0,
        0.21384907485303237,
        -0.17529836786054184,
        0.0,
        0.0,
        0.0,
        0.0
    ],
    "constraint_parameters": [
        [
            0,
            0,
            0,
            0,
            0,
            1,
            0,
            0,
            0
        ],
        [
            0,
            0,
            0,
            0,
            0,
            0,
            1,
            0,
            0
        ],
        [
            0,
            0,
            0,
            0,
            0,
            0,
            0,
            1,
            0
        ],
        [
            0,
            0,
            0,
            0,
            0,
            0,
            0,
            0,
            1
        ]
    ],
    "constraint_thresholds": [
        0.2,
        0.2,
        0.05,
        0.1
    ],
    "goal": [
        1.0,
        0.0,
        0.0
    ],
    "acceleration": [
        0.0550044351548792,
        1.353523721564367,
        3.414350897248755
    ],
    "steering": [
        4.401072755809049,
        10.090796083433364
    ],
    "features": [
        0.22,
        0.0,
        0.0,
        9.71496070898444,
        2.2165939683399354,
        0.13,
        0.03,
        0.03666666666666667,
        0.04
    ],
    "feasible": true,
    "env_name": "Intersect-TruncateOnly-v0"
}