{
    "env_name": "IntersectAggressive-TruncateOnly-v0",
    "reward_parameters": [
        10.0,
        0.0,
        0.0,
        0.021410553319860845,
        -0.0707908740769903,
        0.0,
        0.0,
        0.0,
        0.0
    ],
    "constraint_parameters": [
        [
            0,
            0,
            0,
            0,
            0,
            1,
            0,
            0,
            0
        ],
        [
            0,
            0,
            0,
            0,
            0,
            0,
            1,
            0,
            0
        ],
        [
            0,
            0,
            0,
            0,
            0,
            0,
            0,
            1,
            0
        ],
        [
            0,
            0,
            0,
            0,
            0,
            0,
            0,
            0,
            1
        ]
    ],
    "constraint_thresholds": [
        0.2,
        0.2,
        0.05,
        0.1
    ],
    "goal": [
        1.0,
        0.0,
        0.0
    ],
    "acceleration": [
        0.07473283119921378,
        1.2153423823472846,
        1.8473407853145163
    ],
    "steering": [
        4.817000446949587,
        12.036758390168664
    ],
    "features": [
        0.2,
        0.0,
        0.0,
        10.38295618244585,
        2.6618809575345947,
        0.16,
        0.03333333333333333,
        0.03,
        0.023333333333333334
    ],
    "feasible": true
}