{
    "env_name": "IntersectDefensive-TruncateOnly-v0",
    "reward_parameters": [
        0.0,
        0.0,
        10.0,
        0.19599564966453506,
        -0.2539237195294349,
        0.0,
        0.0,
        0.0,
        0.0
    ],
    "constraint_parameters": [
        [
            0,
            0,
            0,
            0,
            0,
            1,
            0,
            0,
            0
        ],
        [
            0,
            0,
            0,
            0,
            0,
            0,
            1,
            0,
            0
        ],
        [
            0,
            0,
            0,
            0,
            0,
            0,
            0,
            1,
            0
        ],
        [
            0,
            0,
            0,
            0,
            0,
            0,
            0,
            0,
            1
        ]
    ],
    "constraint_thresholds": [
        0.2,
        0.2,
        0.05,
        0.1
    ],
    "goal": [
        0.0,
        0.0,
        1.0
    ],
    "acceleration": [
        0.057300686510780664,
        0.7922153341077294,
        4.927810718627146
    ],
    "steering": [
        4.928117087494559,
        11.283344368411875
    ],
    "features": [
        0.0,
        0.0,
        0.3466666666666667,
        11.921779022013899,
        0.3451468484076731,
        0.19333333333333333,
        0.0,
        0.0,
        0.06
    ],
    "feasible": true
}