{
    "reward_parameters": [
        0.0,
        10.0,
        0.0,
        0.01685306132745093,
        -0.21646556605574277,
        0.0,
        0.0,
        0.0,
        0.0
    ],
    "constraint_parameters": [
        [
            0,
            0,
            0,
            0,
            0,
            1,
            0,
            0,
            0
        ],
        [
            0,
            0,
            0,
            0,
            0,
            0,
            1,
            0,
            0
        ],
        [
            0,
            0,
            0,
            0,
            0,
            0,
            0,
            1,
            0
        ],
        [
            0,
            0,
            0,
            0,
            0,
            0,
            0,
            0,
            1
        ]
    ],
    "constraint_thresholds": [
        0.2,
        0.2,
        0.05,
        0.1
    ],
    "goal": [
        0.0,
        1.0,
        0.0
    ],
    "acceleration": [
        0.05459529658719313,
        0.6355920572880179,
        6.928392575671232
    ],
    "steering": [
        4.905275125975874,
        9.902271210661322
    ],
    "features": [
        0.0,
        0.24333333333333335,
        0.0,
        10.505494413755313,
        0.18550349091411283,
        0.16666666666666666,
        0.016666666666666666,
        0.03333333333333333,
        0.02666666666666667
    ],
    "feasible": true,
    "env_name": "Intersect-TruncateOnly-v0"
}