{
    "env_name": "IntersectDefensive-TruncateOnly-v0",
    "reward_parameters": [
        10.0,
        0.0,
        0.0,
        0.1680979078049465,
        -0.30261551927357744,
        0.0,
        0.0,
        0.0,
        0.0
    ],
    "constraint_parameters": [
        [
            0,
            0,
            0,
            0,
            0,
            1,
            0,
            0,
            0
        ],
        [
            0,
            0,
            0,
            0,
            0,
            0,
            1,
            0,
            0
        ],
        [
            0,
            0,
            0,
            0,
            0,
            0,
            0,
            1,
            0
        ],
        [
            0,
            0,
            0,
            0,
            0,
            0,
            0,
            0,
            1
        ]
    ],
    "constraint_thresholds": [
        0.2,
        0.2,
        0.05,
        0.1
    ],
    "goal": [
        1.0,
        0.0,
        0.0
    ],
    "acceleration": [
        0.05272932432403432,
        0.7156054330125143,
        8.082445483175821
    ],
    "steering": [
        5.220534762870022,
        19.0867674198718
    ],
    "features": [
        0.24333333333333335,
        0.0,
        0.0,
        10.326044364417156,
        1.9401269120837625,
        0.17333333333333334,
        0.02,
        0.03666666666666667,
        0.03666666666666667
    ],
    "feasible": true
}