{
    "env_name": "IntersectAggressive-TruncateOnly-v0",
    "reward_parameters": [
        0.0,
        10.0,
        0.0,
        0.015181487998437354,
        -0.13583405252888542,
        0.0,
        0.0,
        0.0,
        0.0
    ],
    "constraint_parameters": [
        [
            0,
            0,
            0,
            0,
            0,
            1,
            0,
            0,
            0
        ],
        [
            0,
            0,
            0,
            0,
            0,
            0,
            1,
            0,
            0
        ],
        [
            0,
            0,
            0,
            0,
            0,
            0,
            0,
            1,
            0
        ],
        [
            0,
            0,
            0,
            0,
            0,
            0,
            0,
            0,
            1
        ]
    ],
    "constraint_thresholds": [
        0.2,
        0.2,
        0.05,
        0.1
    ],
    "goal": [
        0.0,
        1.0,
        0.0
    ],
    "acceleration": [
        0.04128971863710516,
        0.11137311011407369,
        3.1358366651482195
    ],
    "steering": [
        4.9480385352205225,
        4.604021381461976
    ],
    "features": [
        0.0,
        0.22,
        0.0,
        10.702989312659374,
        0.10822199012348667,
        0.13,
        0.006666666666666667,
        0.03,
        0.043333333333333335
    ],
    "feasible": true
}