{
    "env_name": "IntersectAggressive-TruncateOnly-v0",
    "reward_parameters": [
        0.0,
        0.0,
        10.0,
        0.1708657305369607,
        -0.03021158699469706,
        0.0,
        0.0,
        0.0,
        0.0
    ],
    "constraint_parameters": [
        [
            0,
            0,
            0,
            0,
            0,
            1,
            0,
            0,
            0
        ],
        [
            0,
            0,
            0,
            0,
            0,
            0,
            1,
            0,
            0
        ],
        [
            0,
            0,
            0,
            0,
            0,
            0,
            0,
            1,
            0
        ],
        [
            0,
            0,
            0,
            0,
            0,
            0,
            0,
            0,
            1
        ]
    ],
    "constraint_thresholds": [
        0.2,
        0.2,
        0.05,
        0.1
    ],
    "goal": [
        0.0,
        0.0,
        1.0
    ],
    "acceleration": [
        0.047961763425182866,
        0.5888566876880945,
        4.132247701068696
    ],
    "steering": [
        4.836475634861648,
        13.34308121499112
    ],
    "features": [
        0.0,
        0.0,
        0.3333333333333333,
        12.244789591409289,
        0.4608080035328088,
        0.17666666666666667,
        0.0,
        0.0,
        0.03666666666666667
    ],
    "feasible": true
}