{
    "env_name": "IntersectAggressive-TruncateOnly-v0",
    "reward_parameters": [
        0.0,
        0.0,
        10.0,
        0.07215372915432813,
        -0.33166696300270204,
        0.0,
        0.0,
        0.0,
        0.0
    ],
    "constraint_parameters": [
        [
            0,
            0,
            0,
            0,
            0,
            1,
            0,
            0,
            0
        ],
        [
            0,
            0,
            0,
            0,
            0,
            0,
            1,
            0,
            0
        ],
        [
            0,
            0,
            0,
            0,
            0,
            0,
            0,
            1,
            0
        ],
        [
            0,
            0,
            0,
            0,
            0,
            0,
            0,
            0,
            1
        ]
    ],
    "constraint_thresholds": [
        0.2,
        0.2,
        0.05,
        0.1
    ],
    "goal": [
        0.0,
        0.0,
        1.0
    ],
    "acceleration": [
        0.04824996800658611,
        0.20436000613049476,
        6.843136785901423
    ],
    "steering": [
        5.18646891086544,
        11.511629916283624
    ],
    "features": [
        0.0,
        0.0,
        0.3333333333333333,
        12.244422069563184,
        0.2293019963063605,
        0.18,
        0.0,
        0.0,
        0.05
    ],
    "feasible": true
}