{
    "env_name": "IntersectDefensive-TruncateOnly-v0",
    "reward_parameters": [
        0.0,
        0.0,
        10.0,
        -0.06808741280456124,
        -0.33659760302386965,
        0.0,
        0.0,
        0.0,
        0.0
    ],
    "constraint_parameters": [
        [
            0,
            0,
            0,
            0,
            0,
            1,
            0,
            0,
            0
        ],
        [
            0,
            0,
            0,
            0,
            0,
            0,
            1,
            0,
            0
        ],
        [
            0,
            0,
            0,
            0,
            0,
            0,
            0,
            1,
            0
        ],
        [
            0,
            0,
            0,
            0,
            0,
            0,
            0,
            0,
            1
        ]
    ],
    "constraint_thresholds": [
        0.2,
        0.2,
        0.05,
        0.1
    ],
    "goal": [
        0.0,
        0.0,
        1.0
    ],
    "acceleration": [
        0.036094232850031105,
        1.1604002486317395,
        6.272615643705869
    ],
    "steering": [
        4.765417488745502,
        10.861895983864512
    ],
    "features": [
        0.0,
        0.0,
        0.33,
        10.837076635094176,
        0.3433852356566304,
        0.006666666666666667,
        0.0033333333333333335,
        0.03666666666666667,
        0.03
    ],
    "feasible": true
}