{
    "reward_parameters": [
        0.0,
        0.0,
        10.0,
        0.03356917316104156,
        -0.13997173779532462,
        0.0,
        0.0,
        0.0,
        0.0
    ],
    "constraint_parameters": [
        [
            0,
            0,
            0,
            0,
            0,
            1,
            0,
            0,
            0
        ],
        [
            0,
            0,
            0,
            0,
            0,
            0,
            1,
            0,
            0
        ],
        [
            0,
            0,
            0,
            0,
            0,
            0,
            0,
            1,
            0
        ],
        [
            0,
            0,
            0,
            0,
            0,
            0,
            0,
            0,
            1
        ]
    ],
    "constraint_thresholds": [
        0.2,
        0.2,
        0.05,
        0.1
    ],
    "goal": [
        0.0,
        0.0,
        1.0
    ],
    "acceleration": [
        0.053578802017512056,
        0.9082796342925755,
        10.109702889464092
    ],
    "steering": [
        5.005470861902393,
        12.142594238256104
    ],
    "features": [
        0.0,
        0.0,
        0.36666666666666664,
        12.148238976709639,
        0.3145853347085204,
        0.19,
        0.0033333333333333335,
        0.0,
        0.056666666666666664
    ],
    "feasible": true,
    "env_name": "Intersect-TruncateOnly-v0"
}