{
    "env_name": "IntersectDefensive-TruncateOnly-v0",
    "reward_parameters": [
        0.0,
        0.0,
        10.0,
        0.17422272580298304,
        -0.18827708649041272,
        0.0,
        0.0,
        0.0,
        0.0
    ],
    "constraint_parameters": [
        [
            0,
            0,
            0,
            0,
            0,
            1,
            0,
            0,
            0
        ],
        [
            0,
            0,
            0,
            0,
            0,
            0,
            1,
            0,
            0
        ],
        [
            0,
            0,
            0,
            0,
            0,
            0,
            0,
            1,
            0
        ],
        [
            0,
            0,
            0,
            0,
            0,
            0,
            0,
            0,
            1
        ]
    ],
    "constraint_thresholds": [
        0.2,
        0.2,
        0.05,
        0.1
    ],
    "goal": [
        0.0,
        0.0,
        1.0
    ],
    "acceleration": [
        0.036534087386956876,
        0.12667544998142588,
        6.959054861701988
    ],
    "steering": [
        5.71405065487716,
        14.431685030532964
    ],
    "features": [
        0.0,
        0.0,
        0.33666666666666667,
        12.280744704258241,
        0.31808936852195685,
        0.07333333333333333,
        0.0,
        0.0,
        0.03333333333333333
    ],
    "feasible": true
}