{
    "env_name": "IntersectDefensive-TruncateOnly-v0",
    "reward_parameters": [
        0.0,
        10.0,
        0.0,
        0.13961429836851777,
        -0.11858899006259951,
        0.0,
        0.0,
        0.0,
        0.0
    ],
    "constraint_parameters": [
        [
            0,
            0,
            0,
            0,
            0,
            1,
            0,
            0,
            0
        ],
        [
            0,
            0,
            0,
            0,
            0,
            0,
            1,
            0,
            0
        ],
        [
            0,
            0,
            0,
            0,
            0,
            0,
            0,
            1,
            0
        ],
        [
            0,
            0,
            0,
            0,
            0,
            0,
            0,
            0,
            1
        ]
    ],
    "constraint_thresholds": [
        0.2,
        0.2,
        0.05,
        0.1
    ],
    "goal": [
        0.0,
        1.0,
        0.0
    ],
    "acceleration": [
        0.05324215069478645,
        0.5004448686702188,
        11.71171688750535
    ],
    "steering": [
        5.082909745462136,
        9.591812805239332
    ],
    "features": [
        0.0,
        0.22333333333333333,
        0.0,
        10.289478621089039,
        0.09220526384114243,
        0.15666666666666668,
        0.02,
        0.02666666666666667,
        0.023333333333333334
    ],
    "feasible": true
}