{
    "env_name": "IntersectDefensive-TruncateOnly-v0",
    "reward_parameters": [
        10.0,
        0.0,
        0.0,
        0.10813435749188961,
        -0.24266899306436418,
        0.0,
        0.0,
        0.0,
        0.0
    ],
    "constraint_parameters": [
        [
            0,
            0,
            0,
            0,
            0,
            1,
            0,
            0,
            0
        ],
        [
            0,
            0,
            0,
            0,
            0,
            0,
            1,
            0,
            0
        ],
        [
            0,
            0,
            0,
            0,
            0,
            0,
            0,
            1,
            0
        ],
        [
            0,
            0,
            0,
            0,
            0,
            0,
            0,
            0,
            1
        ]
    ],
    "constraint_thresholds": [
        0.2,
        0.2,
        0.05,
        0.1
    ],
    "goal": [
        1.0,
        0.0,
        0.0
    ],
    "acceleration": [
        0.06020794664544938,
        0.5384981590777285,
        5.739775266787901
    ],
    "steering": [
        4.762445584546491,
        9.733367601923135
    ],
    "features": [
        0.20666666666666667,
        0.0,
        0.0,
        10.061206836730532,
        1.8732578316000388,
        0.19333333333333333,
        0.01,
        0.03666666666666667,
        0.04
    ],
    "feasible": true
}