{
    "env_name": "IntersectAggressive-TruncateOnly-v0",
    "reward_parameters": [
        0.0,
        10.0,
        0.0,
        0.05163419384896043,
        -0.22330028034059718,
        0.0,
        0.0,
        0.0,
        0.0
    ],
    "constraint_parameters": [
        [
            0,
            0,
            0,
            0,
            0,
            1,
            0,
            0,
            0
        ],
        [
            0,
            0,
            0,
            0,
            0,
            0,
            1,
            0,
            0
        ],
        [
            0,
            0,
            0,
            0,
            0,
            0,
            0,
            1,
            0
        ],
        [
            0,
            0,
            0,
            0,
            0,
            0,
            0,
            0,
            1
        ]
    ],
    "constraint_thresholds": [
        0.2,
        0.2,
        0.05,
        0.1
    ],
    "goal": [
        0.0,
        1.0,
        0.0
    ],
    "acceleration": [
        0.03886521599879413,
        1.227741424465158,
        6.444127118271464
    ],
    "steering": [
        4.9532643283493085,
        4.898597549285301
    ],
    "features": [
        0.0,
        0.23333333333333334,
        0.0,
        10.35657053828294,
        0.08163863160941971,
        0.056666666666666664,
        0.016666666666666666,
        0.03666666666666667,
        0.03333333333333333
    ],
    "feasible": true
}