{
    "env_name": "IntersectDefensive-TruncateOnly-v0",
    "reward_parameters": [
        0.0,
        0.0,
        10.0,
        0.26023338676631536,
        -0.08644692347273464,
        0.0,
        0.0,
        0.0,
        0.0
    ],
    "constraint_parameters": [
        [
            0,
            0,
            0,
            0,
            0,
            1,
            0,
            0,
            0
        ],
        [
            0,
            0,
            0,
            0,
            0,
            0,
            1,
            0,
            0
        ],
        [
            0,
            0,
            0,
            0,
            0,
            0,
            0,
            1,
            0
        ],
        [
            0,
            0,
            0,
            0,
            0,
            0,
            0,
            0,
            1
        ]
    ],
    "constraint_thresholds": [
        0.2,
        0.2,
        0.05,
        0.1
    ],
    "goal": [
        0.0,
        0.0,
        1.0
    ],
    "acceleration": [
        0.03631548988486014,
        0.9872053119360575,
        9.349193912370158
    ],
    "steering": [
        5.3716538414204305,
        19.161482503406575
    ],
    "features": [
        0.0,
        0.0,
        0.3433333333333333,
        11.03312153610639,
        0.4646205603272058,
        0.013333333333333334,
        0.006666666666666667,
        0.0,
        0.023333333333333334
    ],
    "feasible": true
}