{
    "env_name": "IntersectDefensive-TruncateOnly-v0",
    "reward_parameters": [
        0.0,
        0.0,
        10.0,
        0.11067049348856861,
        -0.18628329096656326,
        0.0,
        0.0,
        0.0,
        0.0
    ],
    "constraint_parameters": [
        [
            0,
            0,
            0,
            0,
            0,
            1,
            0,
            0,
            0
        ],
        [
            0,
            0,
            0,
            0,
            0,
            0,
            1,
            0,
            0
        ],
        [
            0,
            0,
            0,
            0,
            0,
            0,
            0,
            1,
            0
        ],
        [
            0,
            0,
            0,
            0,
            0,
            0,
            0,
            0,
            1
        ]
    ],
    "constraint_thresholds": [
        0.2,
        0.2,
        0.05,
        0.1
    ],
    "goal": [
        0.0,
        0.0,
        1.0
    ],
    "acceleration": [
        0.027562052035081202,
        0.3555539031458207,
        7.201074336020148
    ],
    "steering": [
        5.228748306848557,
        5.9435872270601
    ],
    "features": [
        0.0,
        0.0,
        0.32666666666666666,
        11.287937424885316,
        0.2556153707117765,
        0.0,
        0.0,
        0.0,
        0.04
    ],
    "feasible": true
}