{
    "reward_parameters": [
        10.0,
        0.0,
        0.0,
        0.06308495921330602,
        -0.24755766105535354,
        0.0,
        0.0,
        0.0,
        0.0
    ],
    "constraint_parameters": [
        [
            0,
            0,
            0,
            0,
            0,
            1,
            0,
            0,
            0
        ],
        [
            0,
            0,
            0,
            0,
            0,
            0,
            1,
            0,
            0
        ],
        [
            0,
            0,
            0,
            0,
            0,
            0,
            0,
            1,
            0
        ],
        [
            0,
            0,
            0,
            0,
            0,
            0,
            0,
            0,
            1
        ]
    ],
    "constraint_thresholds": [
        0.2,
        0.2,
        0.05,
        0.1
    ],
    "goal": [
        1.0,
        0.0,
        0.0
    ],
    "acceleration": [
        0.03172590542605502,
        0.5069687336693196,
        5.355316584469469
    ],
    "steering": [
        4.86368477447265,
        10.585436610460835
    ],
    "features": [
        0.24,
        0.0,
        0.0,
        9.743857898520266,
        3.450068224389244,
        0.0,
        0.0033333333333333335,
        0.05,
        0.06333333333333334
    ],
    "feasible": true,
    "env_name": "Intersect-TruncateOnly-v0"
}